image_id,annotation_id,source_image,class,crop_path,x,y,width,height,original_width,original_height,split
0,0,D:\whitevision\data\raw\test\Heavy_Equipment_5947_jpg.rf.002d421925675a89007aa71138edea07.jpg,roller,D:\whitevision\data\crops\roller\0_annot0_roller.jpg,255,188,115,239,640,640,train
1,1,D:\whitevision\data\raw\test\Heavy_Equipment_3269_jpg.rf.003fc9b01abefb3d90a1655cda61112b.jpg,bulldozer,D:\whitevision\data\crops\bulldozer\1_annot1_bulldozer.jpg,0,0,640,631,640,640,test
2,2,D:\whitevision\data\raw\test\Heavy_Equipment_887_jpg.rf.00cba6f7470e9f8ed2ab066c796bc611.jpg,excavator,D:\whitevision\data\crops\excavator\2_annot2_excavator.jpg,152,196,294,211,640,640,train
3,3,D:\whitevision\data\raw\test\Heavy_Equipment_5275_jpg.rf.017832e736d6a565a7a6ae3419a4faa8.jpg,roller,D:\whitevision\data\crops\roller\3_annot3_roller.jpg,212,137,233,224,640,640,train
4,4,D:\whitevision\data\raw\test\Heavy_Equipment_40_jpg.rf.01ce4f7b90290ff221306607abf2d7c1.jpg,bulldozer,D:\whitevision\data\crops\bulldozer\4_annot4_bulldozer.jpg,6,4,634,632,640,640,validation
5,5,D:\whitevision\data\raw\test\Heavy_Equipment_2735_jpg.rf.01e9a186bfd53ddfd4abb7e18fbcdd14.jpg,mobile_crane,D:\whitevision\data\crops\mobile_crane\5_annot5_mobile_crane.jpg,0,102,640,327,640,640,train
6,6,D:\whitevision\data\raw\test\Heavy_Equipment_2661_jpg.rf.01eaa3eb9173122b21fd74fa428ff870.jpg,excavator,D:\whitevision\data\crops\excavator\6_annot6_excavator.jpg,4,0,509,463,640,640,test
6,7,D:\whitevision\data\raw\test\Heavy_Equipment_2661_jpg.rf.01eaa3eb9173122b21fd74fa428ff870.jpg,dump_truck,D:\whitevision\data\crops\dump_truck\6_annot7_dump_truck.jpg,0,253,183,380,640,640,test
7,8,D:\whitevision\data\raw\test\Heavy_Equipment_4827_jpg.rf.0212e55f34e3242930aa2d157c823969.jpg,bulldozer,D:\whitevision\data\crops\bulldozer\7_annot8_bulldozer.jpg,28,42,532,576,640,640,validation
8,9,D:\whitevision\data\raw\test\Heavy_Equipment_4597_jpg.rf.0220a3b244a4e0bd8c324b901a997a8d.jpg,grader,D:\whitevision\data\crops\grader\8_annot9_grader.jpg,25,73,615,530,640,640,train
9,10,D:\whitevision\data\raw\test\Heavy_Equipment_6119_jpg.rf.02877295850e20ae83d2c511d51ef2a2.jpg,roller,D:\whitevision\data\crops\roller\9_annot10_roller.jpg,130,23,314,442,640,640,train
11,11,D:\whitevision\data\raw\test\M_S_concrete_mixer_truck_scania_p370_370_e6_mixer_9m_2015_7110072_jpg.rf.02a9c59108b4f995a0294fee1091d324.jpg,mixer_truck,D:\whitevision\data\crops\mixer_truck\11_annot11_mixer_truck.jpg,66,146,549,447,640,640,train
12,12,D:\whitevision\data\raw\test\Heavy_Equipment_2269_jpg.rf.02f59a61bd1a928b84d5412acab949b8.jpg,mobile_crane,D:\whitevision\data\crops\mobile_crane\12_annot12_mobile_crane.jpg,304,0,245,604,640,640,train
13,13,D:\whitevision\data\raw\test\Heavy_Equipment_5568_jpg.rf.02f76aba9fd59d6e6b9408e86b4cfe59.jpg,roller,D:\whitevision\data\crops\roller\13_annot13_roller.jpg,228,128,201,252,640,640,train
14,14,D:\whitevision\data\raw\test\Heavy_Equipment_4091_jpg.rf.033d6c094d2eb88be16c5b03b7a8cd37.jpg,bulldozer,D:\whitevision\data\crops\bulldozer\14_annot14_bulldozer.jpg,45,232,399,312,640,640,test
14,15,D:\whitevision\data\raw\test\Heavy_Equipment_4091_jpg.rf.033d6c094d2eb88be16c5b03b7a8cd37.jpg,bulldozer,D:\whitevision\data\crops\bulldozer\14_annot15_bulldozer.jpg,331,278,277,247,640,640,test
15,16,D:\whitevision\data\raw\test\Heavy_Equipment_1460_jpg.rf.0407b0f62704e7599efb81d1c0e0f7c3.jpg,dump_truck,D:\whitevision\data\crops\dump_truck\15_annot16_dump_truck.jpg,188,135,324,414,640,640,test
15,17,D:\whitevision\data\raw\test\Heavy_Equipment_1460_jpg.rf.0407b0f62704e7599efb81d1c0e0f7c3.jpg,loader,D:\whitevision\data\crops\loader\15_annot17_loader.jpg,95,0,306,396,640,640,test
16,18,D:\whitevision\data\raw\test\Heavy_Equipment_1548_jpg.rf.042d06e310bef6a789ea4fce102422e7.jpg,loader,D:\whitevision\data\crops\loader\16_annot18_loader.jpg,0,43,558,597,640,640,train
16,19,D:\whitevision\data\raw\test\Heavy_Equipment_1548_jpg.rf.042d06e310bef6a789ea4fce102422e7.jpg,dump_truck,D:\whitevision\data\crops\dump_truck\16_annot19_dump_truck.jpg,396,173,244,361,640,640,train
17,20,D:\whitevision\data\raw\test\Heavy_Equipment_4746_jpg.rf.049274c01c3fc393c7a3faec61b99e98.jpg,bulldozer,D:\whitevision\data\crops\bulldozer\17_annot20_bulldozer.jpg,0,62,640,486,640,640,validation
20,21,D:\whitevision\data\raw\test\Heavy_Equipment_825_jpg.rf.05cc8afbe85341b8c522c5dd2595e2c8.jpg,dump_truck,D:\whitevision\data\crops\dump_truck\20_annot21_dump_truck.jpg,20,259,346,368,640,640,train
20,22,D:\whitevision\data\raw\test\Heavy_Equipment_825_jpg.rf.05cc8afbe85341b8c522c5dd2595e2c8.jpg,loader,D:\whitevision\data\crops\loader\20_annot22_loader.jpg,70,134,570,441,640,640,train
21,23,D:\whitevision\data\raw\test\M_M_6334443-photo-camion_jpg.rf.03a10bfd203fd72877366c29dc8ef229.jpg,mixer_truck,D:\whitevision\data\crops\mixer_truck\21_annot23_mixer_truck.jpg,12,108,628,523,640,640,train
22,24,D:\whitevision\data\raw\test\Heavy_Equipment_931_jpg.rf.06139e15c2f2bf59e5f835a4ad032d47.jpg,mobile_crane,D:\whitevision\data\crops\mobile_crane\22_annot24_mobile_crane.jpg,64,241,545,324,640,640,validation
23,25,D:\whitevision\data\raw\test\Heavy_Equipment_710_jpg.rf.069d2bd1bd3a4d95f8291ca365d5891f.jpg,excavator,D:\whitevision\data\crops\excavator\23_annot25_excavator.jpg,166,151,182,420,640,640,train
23,26,D:\whitevision\data\raw\test\Heavy_Equipment_710_jpg.rf.069d2bd1bd3a4d95f8291ca365d5891f.jpg,dump_truck,D:\whitevision\data\crops\dump_truck\23_annot26_dump_truck.jpg,358,202,138,248,640,640,train
23,27,D:\whitevision\data\raw\test\Heavy_Equipment_710_jpg.rf.069d2bd1bd3a4d95f8291ca365d5891f.jpg,dump_truck,D:\whitevision\data\crops\dump_truck\23_annot27_dump_truck.jpg,209,130,151,123,640,640,train
24,28,D:\whitevision\data\raw\test\Heavy_Equipment_1881_jpg.rf.06bc39ac7aa44e9aabf4e20cbdf45af0.jpg,mobile_crane,D:\whitevision\data\crops\mobile_crane\24_annot28_mobile_crane.jpg,271,11,321,592,640,640,train
25,29,D:\whitevision\data\raw\test\Heavy_Equipment_3089_jpg.rf.0700e5595f6c33dde450c4aec4d2aa0e.jpg,bulldozer,D:\whitevision\data\crops\bulldozer\25_annot29_bulldozer.jpg,22,0,596,640,640,640,train
26,30,D:\whitevision\data\raw\test\Heavy_Equipment_2956_jpg.rf.0772cd56ce989d2c20f100d38142a2b6.jpg,dump_truck,D:\whitevision\data\crops\dump_truck\26_annot30_dump_truck.jpg,436,216,83,105,640,640,test
26,31,D:\whitevision\data\raw\test\Heavy_Equipment_2956_jpg.rf.0772cd56ce989d2c20f100d38142a2b6.jpg,dump_truck,D:\whitevision\data\crops\dump_truck\26_annot31_dump_truck.jpg,323,255,85,116,640,640,test
26,32,D:\whitevision\data\raw\test\Heavy_Equipment_2956_jpg.rf.0772cd56ce989d2c20f100d38142a2b6.jpg,dump_truck,D:\whitevision\data\crops\dump_truck\26_annot32_dump_truck.jpg,188,251,107,83,640,640,test
26,33,D:\whitevision\data\raw\test\Heavy_Equipment_2956_jpg.rf.0772cd56ce989d2c20f100d38142a2b6.jpg,excavator,D:\whitevision\data\crops\excavator\26_annot33_excavator.jpg,158,130,116,132,640,640,test
26,34,D:\whitevision\data\raw\test\Heavy_Equipment_2956_jpg.rf.0772cd56ce989d2c20f100d38142a2b6.jpg,excavator,D:\whitevision\data\crops\excavator\26_annot34_excavator.jpg,211,130,207,291,640,640,test
26,35,D:\whitevision\data\raw\test\Heavy_Equipment_2956_jpg.rf.0772cd56ce989d2c20f100d38142a2b6.jpg,dump_truck,D:\whitevision\data\crops\dump_truck\26_annot35_dump_truck.jpg,398,95,35,46,640,640,test
26,36,D:\whitevision\data\raw\test\Heavy_Equipment_2956_jpg.rf.0772cd56ce989d2c20f100d38142a2b6.jpg,dump_truck,D:\whitevision\data\crops\dump_truck\26_annot36_dump_truck.jpg,431,64,22,39,640,640,test
26,37,D:\whitevision\data\raw\test\Heavy_Equipment_2956_jpg.rf.0772cd56ce989d2c20f100d38142a2b6.jpg,dump_truck,D:\whitevision\data\crops\dump_truck\26_annot37_dump_truck.jpg,475,89,19,46,640,640,test
26,38,D:\whitevision\data\raw\test\Heavy_Equipment_2956_jpg.rf.0772cd56ce989d2c20f100d38142a2b6.jpg,dump_truck,D:\whitevision\data\crops\dump_truck\26_annot38_dump_truck.jpg,408,52,20,24,640,640,test
27,39,D:\whitevision\data\raw\test\Heavy_Equipment_362_jpg.rf.097629305a231ac2ed6c633fced24005.jpg,roller,D:\whitevision\data\crops\roller\27_annot39_roller.jpg,417,203,194,293,640,640,validation
27,40,D:\whitevision\data\raw\test\Heavy_Equipment_362_jpg.rf.097629305a231ac2ed6c633fced24005.jpg,excavator,D:\whitevision\data\crops\excavator\27_annot40_excavator.jpg,197,300,29,80,640,640,validation
28,41,D:\whitevision\data\raw\test\Heavy_Equipment_1749_jpg.rf.08aa16b07323668af4b27a3930ee1df9.jpg,dump_truck,D:\whitevision\data\crops\dump_truck\28_annot41_dump_truck.jpg,487,90,112,176,640,640,train
28,42,D:\whitevision\data\raw\test\Heavy_Equipment_1749_jpg.rf.08aa16b07323668af4b27a3930ee1df9.jpg,dump_truck,D:\whitevision\data\crops\dump_truck\28_annot42_dump_truck.jpg,263,190,222,293,640,640,train
28,43,D:\whitevision\data\raw\test\Heavy_Equipment_1749_jpg.rf.08aa16b07323668af4b27a3930ee1df9.jpg,loader,D:\whitevision\data\crops\loader\28_annot43_loader.jpg,89,179,172,359,640,640,train
29,44,D:\whitevision\data\raw\test\Heavy_Equipment_3589_jpg.rf.094dd18ea9e8640d77ab37d2ffe7baca.jpg,bulldozer,D:\whitevision\data\crops\bulldozer\29_annot44_bulldozer.jpg,99,69,423,220,640,640,train
30,45,D:\whitevision\data\raw\test\Heavy_Equipment_4335_jpg.rf.08281b9038ede52a5d5553b8146260f5.jpg,bulldozer,D:\whitevision\data\crops\bulldozer\30_annot45_bulldozer.jpg,81,50,529,563,640,640,train
31,46,D:\whitevision\data\raw\test\Heavy_Equipment_3719_jpg.rf.0aaf2c4db6a01119b5633e151de5baca.jpg,grader,D:\whitevision\data\crops\grader\31_annot46_grader.jpg,22,128,280,436,640,640,train
31,47,D:\whitevision\data\raw\test\Heavy_Equipment_3719_jpg.rf.0aaf2c4db6a01119b5633e151de5baca.jpg,grader,D:\whitevision\data\crops\grader\31_annot47_grader.jpg,362,87,250,471,640,640,train
32,48,D:\whitevision\data\raw\test\M_H_images83_jpg.rf.090410ca2ce4eccb8af4f936dbed1cf0.jpg,mixer_truck,D:\whitevision\data\crops\mixer_truck\32_annot48_mixer_truck.jpg,0,106,640,463,640,640,train
33,49,D:\whitevision\data\raw\test\Heavy_Equipment_2456_jpg.rf.0b08e66f6d3df86b30ba6a99fecb5f6b.jpg,mobile_crane,D:\whitevision\data\crops\mobile_crane\33_annot49_mobile_crane.jpg,104,0,240,582,640,640,validation
34,50,D:\whitevision\data\raw\test\Heavy_Equipment_2536_jpg.rf.0bc65142d76b6f5f045970ef61c4cf2b.jpg,excavator,D:\whitevision\data\crops\excavator\34_annot50_excavator.jpg,331,320,68,89,640,640,train
34,51,D:\whitevision\data\raw\test\Heavy_Equipment_2536_jpg.rf.0bc65142d76b6f5f045970ef61c4cf2b.jpg,loader,D:\whitevision\data\crops\loader\34_annot51_loader.jpg,396,383,27,20,640,640,train
34,52,D:\whitevision\data\raw\test\Heavy_Equipment_2536_jpg.rf.0bc65142d76b6f5f045970ef61c4cf2b.jpg,roller,D:\whitevision\data\crops\roller\34_annot52_roller.jpg,165,375,31,24,640,640,train
35,53,D:\whitevision\data\raw\test\Heavy_Equipment_4036_jpg.rf.0b9a3f7bb6bc33877d257296ebcd5176.jpg,grader,D:\whitevision\data\crops\grader\35_annot53_grader.jpg,47,134,593,506,640,640,train
36,54,D:\whitevision\data\raw\test\Heavy_Equipment_2071_jpg.rf.0c140cab2e6917dd02b0e009c9314520.jpg,excavator,D:\whitevision\data\crops\excavator\36_annot54_excavator.jpg,51,227,203,251,640,640,train
36,55,D:\whitevision\data\raw\test\Heavy_Equipment_2071_jpg.rf.0c140cab2e6917dd02b0e009c9314520.jpg,dump_truck,D:\whitevision\data\crops\dump_truck\36_annot55_dump_truck.jpg,247,300,262,195,640,640,train
38,56,D:\whitevision\data\raw\test\Heavy_Equipment_3657_jpg.rf.0d069287a20f0f2bfb4a166567d774ba.jpg,grader,D:\whitevision\data\crops\grader\38_annot56_grader.jpg,0,16,640,570,640,640,train
39,57,D:\whitevision\data\raw\test\Heavy_Equipment_187_jpg.rf.0d4cf94e045c24793de34598b2515a03.jpg,excavator,D:\whitevision\data\crops\excavator\39_annot57_excavator.jpg,80,62,354,336,640,640,train
39,58,D:\whitevision\data\raw\test\Heavy_Equipment_187_jpg.rf.0d4cf94e045c24793de34598b2515a03.jpg,dump_truck,D:\whitevision\data\crops\dump_truck\39_annot58_dump_truck.jpg,520,139,102,145,640,640,train
39,59,D:\whitevision\data\raw\test\Heavy_Equipment_187_jpg.rf.0d4cf94e045c24793de34598b2515a03.jpg,dump_truck,D:\whitevision\data\crops\dump_truck\39_annot59_dump_truck.jpg,257,142,181,102,640,640,train
40,60,D:\whitevision\data\raw\test\Heavy_Equipment_5885_jpg.rf.0d85d2228907b5f7628548b25f61ada1.jpg,roller,D:\whitevision\data\crops\roller\40_annot60_roller.jpg,184,83,291,278,640,640,train
41,61,D:\whitevision\data\raw\test\Heavy_Equipment_6144_jpg.rf.0d43ed9d58a096f733dfa34fe64ba9d4.jpg,roller,D:\whitevision\data\crops\roller\41_annot61_roller.jpg,159,95,350,348,640,640,train
42,62,D:\whitevision\data\raw\test\Heavy_Equipment_6306_jpg.rf.0e0696ce6d7f1b9c4e75f3dffe672874.jpg,grader,D:\whitevision\data\crops\grader\42_annot62_grader.jpg,0,155,640,362,640,640,train
43,63,D:\whitevision\data\raw\test\Heavy_Equipment_4579_jpg.rf.0a0a71fca405b3c26a744db268efbf6c.jpg,grader,D:\whitevision\data\crops\grader\43_annot63_grader.jpg,42,40,598,490,640,640,test
44,64,D:\whitevision\data\raw\test\Heavy_Equipment_2614_jpg.rf.0e36d9a93928444cd184c3e2e8d660d6.jpg,loader,D:\whitevision\data\crops\loader\44_annot64_loader.jpg,295,194,145,220,640,640,train
44,65,D:\whitevision\data\raw\test\Heavy_Equipment_2614_jpg.rf.0e36d9a93928444cd184c3e2e8d660d6.jpg,dump_truck,D:\whitevision\data\crops\dump_truck\44_annot65_dump_truck.jpg,0,107,167,347,640,640,train
45,66,D:\whitevision\data\raw\test\Heavy_Equipment_605_jpg.rf.0f089b6860e0778e8324b407f6cd498c.jpg,excavator,D:\whitevision\data\crops\excavator\45_annot66_excavator.jpg,1,0,526,510,640,640,train
45,67,D:\whitevision\data\raw\test\Heavy_Equipment_605_jpg.rf.0f089b6860e0778e8324b407f6cd498c.jpg,dump_truck,D:\whitevision\data\crops\dump_truck\45_annot67_dump_truck.jpg,492,128,36,79,640,640,train
45,68,D:\whitevision\data\raw\test\Heavy_Equipment_605_jpg.rf.0f089b6860e0778e8324b407f6cd498c.jpg,dump_truck,D:\whitevision\data\crops\dump_truck\45_annot68_dump_truck.jpg,514,144,71,90,640,640,train
45,69,D:\whitevision\data\raw\test\Heavy_Equipment_605_jpg.rf.0f089b6860e0778e8324b407f6cd498c.jpg,dump_truck,D:\whitevision\data\crops\dump_truck\45_annot69_dump_truck.jpg,463,196,151,292,640,640,train
46,70,D:\whitevision\data\raw\test\Heavy_Equipment_3616_jpg.rf.108725697a444d717ffa254b3e6f3b7f.jpg,excavator,D:\whitevision\data\crops\excavator\46_annot70_excavator.jpg,0,45,640,493,640,640,train
47,71,D:\whitevision\data\raw\test\Heavy_Equipment_5236_jpg.rf.0f8b343baf8e7d76f401d936afb71014.jpg,roller,D:\whitevision\data\crops\roller\47_annot71_roller.jpg,232,68,176,364,640,640,test
48,72,D:\whitevision\data\raw\test\Heavy_Equipment_815_jpg.rf.0ede917b53d66343e5fcba4fbcd8f940.jpg,mobile_crane,D:\whitevision\data\crops\mobile_crane\48_annot72_mobile_crane.jpg,317,0,250,594,640,640,train
49,73,D:\whitevision\data\raw\test\Heavy_Equipment_706_jpg.rf.10995d76034618205380f8d698453b74.jpg,excavator,D:\whitevision\data\crops\excavator\49_annot73_excavator.jpg,0,0,620,640,640,640,train
50,74,D:\whitevision\data\raw\test\Heavy_Equipment_4587_jpg.rf.0fd497241d83bf0c743a0ecd5a95141e.jpg,bulldozer,D:\whitevision\data\crops\bulldozer\50_annot74_bulldozer.jpg,193,87,380,454,640,640,train
51,75,D:\whitevision\data\raw\test\Heavy_Equipment_250_jpg.rf.0e8b0a07683b959a10dab47deb657539.jpg,loader,D:\whitevision\data\crops\loader\51_annot75_loader.jpg,493,183,147,246,640,640,train
51,76,D:\whitevision\data\raw\test\Heavy_Equipment_250_jpg.rf.0e8b0a07683b959a10dab47deb657539.jpg,dump_truck,D:\whitevision\data\crops\dump_truck\51_annot76_dump_truck.jpg,64,60,350,398,640,640,train
52,77,D:\whitevision\data\raw\test\Heavy_Equipment_5812_jpg.rf.106970b08db8721e75ac936031d24b7c.jpg,roller,D:\whitevision\data\crops\roller\52_annot77_roller.jpg,158,92,293,240,640,640,train
53,78,D:\whitevision\data\raw\test\Heavy_Equipment_877_jpg.rf.1116be114d94faaa54164dc377c0baa3.jpg,mobile_crane,D:\whitevision\data\crops\mobile_crane\53_annot78_mobile_crane.jpg,94,0,523,640,640,640,train
54,79,D:\whitevision\data\raw\test\Heavy_Equipment_3661_jpg.rf.0e978c5ffce8e565c551014d2947b873.jpg,bulldozer,D:\whitevision\data\crops\bulldozer\54_annot79_bulldozer.jpg,42,119,576,460,640,640,validation
55,80,D:\whitevision\data\raw\test\Heavy_Equipment_5703_jpg.rf.135a69eec15fecd3bea2b3e6fc40c7e7.jpg,roller,D:\whitevision\data\crops\roller\55_annot80_roller.jpg,160,0,301,449,640,640,test
57,81,D:\whitevision\data\raw\test\Heavy_Equipment_5693_jpg.rf.10d2ef43c08a7e7106fa569adffeb4e2.jpg,roller,D:\whitevision\data\crops\roller\57_annot81_roller.jpg,224,89,171,302,640,640,train
58,82,D:\whitevision\data\raw\test\Heavy_Equipment_4797_jpg.rf.12ce1c7f943b39bc1f45b8e5d265894d.jpg,grader,D:\whitevision\data\crops\grader\58_annot82_grader.jpg,0,35,622,559,640,640,train
59,83,D:\whitevision\data\raw\test\Heavy_Equipment_675_jpg.rf.12645ab69b8a286a13321b70d55933d9.jpg,loader,D:\whitevision\data\crops\loader\59_annot83_loader.jpg,137,0,290,335,640,640,test
60,84,D:\whitevision\data\raw\test\Heavy_Equipment_5268_jpg.rf.1274e700129169edee4d1a0014f03014.jpg,roller,D:\whitevision\data\crops\roller\60_annot84_roller.jpg,0,0,640,355,640,640,train
61,85,D:\whitevision\data\raw\test\Heavy_Equipment_5307_jpg.rf.1392b1c98ef4bf1fad571a8af2a907e7.jpg,roller,D:\whitevision\data\crops\roller\61_annot85_roller.jpg,235,80,168,270,640,640,train
62,86,D:\whitevision\data\raw\test\Heavy_Equipment_4222_jpg.rf.13a14fa9cdbf1f1440f1e587b710caa2.jpg,grader,D:\whitevision\data\crops\grader\62_annot86_grader.jpg,72,117,447,354,640,640,train
63,87,D:\whitevision\data\raw\test\Heavy_Equipment_2885_jpg.rf.1440ea7e377fc1b6ca7d67fa1d7836b5.jpg,excavator,D:\whitevision\data\crops\excavator\63_annot87_excavator.jpg,241,0,314,640,640,640,train
63,88,D:\whitevision\data\raw\test\Heavy_Equipment_2885_jpg.rf.1440ea7e377fc1b6ca7d67fa1d7836b5.jpg,dump_truck,D:\whitevision\data\crops\dump_truck\63_annot88_dump_truck.jpg,131,55,173,303,640,640,train
65,89,D:\whitevision\data\raw\test\Heavy_Equipment_2237_jpg.rf.14100cf2e5a3f8d06e62e5f29e51598c.jpg,mobile_crane,D:\whitevision\data\crops\mobile_crane\65_annot89_mobile_crane.jpg,129,119,336,521,640,640,train
66,90,D:\whitevision\data\raw\test\Heavy_Equipment_1124_jpg.rf.0f6c6727aeaf5e33167c105796cb5f79.jpg,dump_truck,D:\whitevision\data\crops\dump_truck\66_annot90_dump_truck.jpg,187,231,157,203,640,640,train
66,91,D:\whitevision\data\raw\test\Heavy_Equipment_1124_jpg.rf.0f6c6727aeaf5e33167c105796cb5f79.jpg,loader,D:\whitevision\data\crops\loader\66_annot91_loader.jpg,317,262,215,177,640,640,train
67,92,D:\whitevision\data\raw\test\Heavy_Equipment_4076_jpg.rf.152a6df2b43cc1addf48bc4630da55b7.jpg,bulldozer,D:\whitevision\data\crops\bulldozer\67_annot92_bulldozer.jpg,21,220,391,381,640,640,test
68,93,D:\whitevision\data\raw\test\Heavy_Equipment_5291_jpg.rf.15cb2c2a65516a7a66ca7bf7371c9776.jpg,roller,D:\whitevision\data\crops\roller\68_annot93_roller.jpg,187,89,288,340,640,640,train
69,94,D:\whitevision\data\raw\test\Heavy_Equipment_4693_jpg.rf.14a33ad768e376040a4601fe7bf7bb83.jpg,grader,D:\whitevision\data\crops\grader\69_annot94_grader.jpg,1,70,603,452,640,640,train
70,95,D:\whitevision\data\raw\test\Heavy_Equipment_4686_jpg.rf.16f381392cafc3d5b839bc0f30fa0643.jpg,bulldozer,D:\whitevision\data\crops\bulldozer\70_annot95_bulldozer.jpg,72,100,536,538,640,640,validation
71,96,D:\whitevision\data\raw\test\Heavy_Equipment_1148_jpg.rf.16f704bafa61edb8154853b279a51556.jpg,dump_truck,D:\whitevision\data\crops\dump_truck\71_annot96_dump_truck.jpg,96,171,306,333,640,640,test
72,97,D:\whitevision\data\raw\test\Heavy_Equipment_22_jpg.rf.172891fe8d76f82f18ba1d4da0b1a8e3.jpg,grader,D:\whitevision\data\crops\grader\72_annot97_grader.jpg,1,55,639,548,640,640,train
73,98,D:\whitevision\data\raw\test\Heavy_Equipment_563_jpg.rf.17365baa4f8a71055055f2a81c2c726b.jpg,mobile_crane,D:\whitevision\data\crops\mobile_crane\73_annot98_mobile_crane.jpg,72,0,267,640,640,640,train
74,99,D:\whitevision\data\raw\test\M_M_8237_9098953363291_jpg.rf.10b12beeafe993eb10a3d18f0b227901.jpg,mixer_truck,D:\whitevision\data\crops\mixer_truck\74_annot99_mixer_truck.jpg,81,137,500,447,640,640,train
75,100,D:\whitevision\data\raw\test\Heavy_Equipment_5720_jpg.rf.17418249269a0ec03d30e6378e762601.jpg,roller,D:\whitevision\data\crops\roller\75_annot100_roller.jpg,43,0,508,340,640,640,train
76,101,D:\whitevision\data\raw\test\M_S_images46_jpg.rf.1724f647697ce869f3ff38b021bd307c.jpg,mixer_truck,D:\whitevision\data\crops\mixer_truck\76_annot101_mixer_truck.jpg,138,14,490,626,640,640,train
78,102,D:\whitevision\data\raw\test\Heavy_Equipment_5098_jpg.rf.1a0ec7522828625a4710fb50b558a3fa.jpg,bulldozer,D:\whitevision\data\crops\bulldozer\78_annot102_bulldozer.jpg,0,6,628,626,640,640,validation
79,103,D:\whitevision\data\raw\test\Heavy_Equipment_2680_jpg.rf.1a78d1d9f2dfb290a9f1446e880ec0bd.jpg,excavator,D:\whitevision\data\crops\excavator\79_annot103_excavator.jpg,178,196,93,112,640,640,train
79,104,D:\whitevision\data\raw\test\Heavy_Equipment_2680_jpg.rf.1a78d1d9f2dfb290a9f1446e880ec0bd.jpg,dump_truck,D:\whitevision\data\crops\dump_truck\79_annot104_dump_truck.jpg,302,279,168,137,640,640,train
80,105,D:\whitevision\data\raw\test\Heavy_Equipment_2111_jpg.rf.1abcea5191cae278664cae6428a95c69.jpg,excavator,D:\whitevision\data\crops\excavator\80_annot105_excavator.jpg,137,168,247,226,640,640,validation
80,106,D:\whitevision\data\raw\test\Heavy_Equipment_2111_jpg.rf.1abcea5191cae278664cae6428a95c69.jpg,dump_truck,D:\whitevision\data\crops\dump_truck\80_annot106_dump_truck.jpg,276,204,160,118,640,640,validation
80,107,D:\whitevision\data\raw\test\Heavy_Equipment_2111_jpg.rf.1abcea5191cae278664cae6428a95c69.jpg,mobile_crane,D:\whitevision\data\crops\mobile_crane\80_annot107_mobile_crane.jpg,16,16,88,82,640,640,validation
81,108,D:\whitevision\data\raw\test\Heavy_Equipment_614_jpg.rf.1b23c2015951f9d1be847fc05af89888.jpg,grader,D:\whitevision\data\crops\grader\81_annot108_grader.jpg,0,64,610,541,640,640,train
81,109,D:\whitevision\data\raw\test\Heavy_Equipment_614_jpg.rf.1b23c2015951f9d1be847fc05af89888.jpg,roller,D:\whitevision\data\crops\roller\81_annot109_roller.jpg,14,36,309,332,640,640,train
82,110,D:\whitevision\data\raw\test\Heavy_Equipment_4264_jpg.rf.1cc61b53e4e357bfcc81d013f6d8d35e.jpg,grader,D:\whitevision\data\crops\grader\82_annot110_grader.jpg,65,86,533,448,640,640,train
83,111,D:\whitevision\data\raw\test\Heavy_Equipment_1455_jpg.rf.1cfe2447f9594f37291c5bc5e1f6eee6.jpg,mobile_crane,D:\whitevision\data\crops\mobile_crane\83_annot111_mobile_crane.jpg,134,91,475,415,640,640,train
84,112,D:\whitevision\data\raw\test\Heavy_Equipment_1440_jpg.rf.1f3a1e4c46b9e003edf82d70f555053d.jpg,dump_truck,D:\whitevision\data\crops\dump_truck\84_annot112_dump_truck.jpg,0,15,640,625,640,640,train
85,113,D:\whitevision\data\raw\test\Heavy_Equipment_489_jpg.rf.1d052d8df708c2db48d83406e459aae1.jpg,excavator,D:\whitevision\data\crops\excavator\85_annot113_excavator.jpg,221,30,248,504,640,640,train
85,114,D:\whitevision\data\raw\test\Heavy_Equipment_489_jpg.rf.1d052d8df708c2db48d83406e459aae1.jpg,dump_truck,D:\whitevision\data\crops\dump_truck\85_annot114_dump_truck.jpg,0,382,268,204,640,640,train
85,115,D:\whitevision\data\raw\test\Heavy_Equipment_489_jpg.rf.1d052d8df708c2db48d83406e459aae1.jpg,dump_truck,D:\whitevision\data\crops\dump_truck\85_annot115_dump_truck.jpg,17,97,41,118,640,640,train
86,116,D:\whitevision\data\raw\test\Heavy_Equipment_3680_jpg.rf.1be80cb0e1aac2788d5c4451537dbff4.jpg,grader,D:\whitevision\data\crops\grader\86_annot116_grader.jpg,15,10,615,620,640,640,validation
87,117,D:\whitevision\data\raw\test\Heavy_Equipment_5069_jpg.rf.1faa07d993f420f1da0662b484b338f9.jpg,bulldozer,D:\whitevision\data\crops\bulldozer\87_annot117_bulldozer.jpg,0,22,629,618,640,640,train
88,118,D:\whitevision\data\raw\test\Heavy_Equipment_1523_jpg.rf.1d5ec11151310c7faf8bccbcde46563b.jpg,loader,D:\whitevision\data\crops\loader\88_annot118_loader.jpg,64,0,467,640,640,640,validation
88,119,D:\whitevision\data\raw\test\Heavy_Equipment_1523_jpg.rf.1d5ec11151310c7faf8bccbcde46563b.jpg,dump_truck,D:\whitevision\data\crops\dump_truck\88_annot119_dump_truck.jpg,351,212,215,428,640,640,validation
89,120,D:\whitevision\data\raw\test\Heavy_Equipment_1950_jpg.rf.1b8a0c47d92052addd36a615943a7eb3.jpg,excavator,D:\whitevision\data\crops\excavator\89_annot120_excavator.jpg,27,231,97,200,640,640,train
89,121,D:\whitevision\data\raw\test\Heavy_Equipment_1950_jpg.rf.1b8a0c47d92052addd36a615943a7eb3.jpg,excavator,D:\whitevision\data\crops\excavator\89_annot121_excavator.jpg,238,0,288,637,640,640,train
89,122,D:\whitevision\data\raw\test\Heavy_Equipment_1950_jpg.rf.1b8a0c47d92052addd36a615943a7eb3.jpg,excavator,D:\whitevision\data\crops\excavator\89_annot122_excavator.jpg,602,36,38,63,640,640,train
89,123,D:\whitevision\data\raw\test\Heavy_Equipment_1950_jpg.rf.1b8a0c47d92052addd36a615943a7eb3.jpg,dump_truck,D:\whitevision\data\crops\dump_truck\89_annot123_dump_truck.jpg,359,171,104,102,640,640,train
89,124,D:\whitevision\data\raw\test\Heavy_Equipment_1950_jpg.rf.1b8a0c47d92052addd36a615943a7eb3.jpg,dump_truck,D:\whitevision\data\crops\dump_truck\89_annot124_dump_truck.jpg,90,263,83,105,640,640,train
89,125,D:\whitevision\data\raw\test\Heavy_Equipment_1950_jpg.rf.1b8a0c47d92052addd36a615943a7eb3.jpg,dump_truck,D:\whitevision\data\crops\dump_truck\89_annot125_dump_truck.jpg,562,124,71,74,640,640,train
89,126,D:\whitevision\data\raw\test\Heavy_Equipment_1950_jpg.rf.1b8a0c47d92052addd36a615943a7eb3.jpg,excavator,D:\whitevision\data\crops\excavator\89_annot126_excavator.jpg,189,179,42,46,640,640,train
90,127,D:\whitevision\data\raw\test\Heavy_Equipment_2894_jpg.rf.200fb38999711bc0e5002d3b32015679.jpg,mobile_crane,D:\whitevision\data\crops\mobile_crane\90_annot127_mobile_crane.jpg,47,185,536,294,640,640,train
91,128,D:\whitevision\data\raw\test\Heavy_Equipment_4975_jpg.rf.1f09ab0a742021748a409455ff25e0f9.jpg,grader,D:\whitevision\data\crops\grader\91_annot128_grader.jpg,16,88,526,458,640,640,train
93,129,D:\whitevision\data\raw\test\Heavy_Equipment_3486_jpg.rf.1c77049b10c5e4d2695ca46c1d8065b5.jpg,grader,D:\whitevision\data\crops\grader\93_annot129_grader.jpg,0,74,640,482,640,640,validation
94,130,D:\whitevision\data\raw\test\Heavy_Equipment_2293_jpg.rf.20965ff92de5b232de58098c9108e077.jpg,mobile_crane,D:\whitevision\data\crops\mobile_crane\94_annot130_mobile_crane.jpg,91,0,134,600,640,640,train
95,131,D:\whitevision\data\raw\test\Heavy_Equipment_3568_jpg.rf.1f9e4b9d2736981ae81e970aa0a6e1c8.jpg,excavator,D:\whitevision\data\crops\excavator\95_annot131_excavator.jpg,87,91,553,262,640,640,train
96,132,D:\whitevision\data\raw\test\Heavy_Equipment_5760_jpg.rf.21e6f3705492b866df7b07d19f41b3f1.jpg,roller,D:\whitevision\data\crops\roller\96_annot132_roller.jpg,270,191,130,202,640,640,test
97,133,D:\whitevision\data\raw\test\Heavy_Equipment_2926_jpg.rf.2440e58ad8fa088c1b646a0a3ef4d5ca.jpg,excavator,D:\whitevision\data\crops\excavator\97_annot133_excavator.jpg,89,316,179,141,640,640,train
97,134,D:\whitevision\data\raw\test\Heavy_Equipment_2926_jpg.rf.2440e58ad8fa088c1b646a0a3ef4d5ca.jpg,excavator,D:\whitevision\data\crops\excavator\97_annot134_excavator.jpg,308,40,207,423,640,640,train
97,135,D:\whitevision\data\raw\test\Heavy_Equipment_2926_jpg.rf.2440e58ad8fa088c1b646a0a3ef4d5ca.jpg,dump_truck,D:\whitevision\data\crops\dump_truck\97_annot135_dump_truck.jpg,560,241,80,200,640,640,train
97,136,D:\whitevision\data\raw\test\Heavy_Equipment_2926_jpg.rf.2440e58ad8fa088c1b646a0a3ef4d5ca.jpg,dump_truck,D:\whitevision\data\crops\dump_truck\97_annot136_dump_truck.jpg,249,344,91,93,640,640,train
97,137,D:\whitevision\data\raw\test\Heavy_Equipment_2926_jpg.rf.2440e58ad8fa088c1b646a0a3ef4d5ca.jpg,dump_truck,D:\whitevision\data\crops\dump_truck\97_annot137_dump_truck.jpg,454,272,61,118,640,640,train
98,138,D:\whitevision\data\raw\test\Heavy_Equipment_4942_jpg.rf.2179839e4bb3c78fdfeb45b15ae4e81a.jpg,grader,D:\whitevision\data\crops\grader\98_annot138_grader.jpg,19,44,621,508,640,640,validation
99,139,D:\whitevision\data\raw\test\Heavy_Equipment_4322_jpg.rf.240ccf0946d2ad950fe9b08c0215df7f.jpg,bulldozer,D:\whitevision\data\crops\bulldozer\99_annot139_bulldozer.jpg,223,119,417,480,640,640,train
101,140,D:\whitevision\data\raw\test\Heavy_Equipment_1556_jpg.rf.22e05ee5f30f3b632769ba9c575225f4.jpg,loader,D:\whitevision\data\crops\loader\101_annot140_loader.jpg,0,23,611,617,640,640,train
102,141,D:\whitevision\data\raw\test\Heavy_Equipment_5419_jpg.rf.20909c58211fc9a79f9e76a9f1492bb5.jpg,roller,D:\whitevision\data\crops\roller\102_annot141_roller.jpg,268,152,116,235,640,640,test
103,142,D:\whitevision\data\raw\test\Heavy_Equipment_2788_jpg.rf.25d100cac7a5819fe3cc61802a07cd1c.jpg,excavator,D:\whitevision\data\crops\excavator\103_annot142_excavator.jpg,111,47,313,593,640,640,train
104,143,D:\whitevision\data\raw\test\Heavy_Equipment_735_jpg.rf.23687231ccaa021c521916d1d4ece6c8.jpg,mobile_crane,D:\whitevision\data\crops\mobile_crane\104_annot143_mobile_crane.jpg,130,6,423,634,640,640,train
105,144,D:\whitevision\data\raw\test\Heavy_Equipment_4751_jpg.rf.260309254328c5b1457780366daad5d3.jpg,bulldozer,D:\whitevision\data\crops\bulldozer\105_annot144_bulldozer.jpg,0,0,620,532,640,640,test
106,145,D:\whitevision\data\raw\test\Heavy_Equipment_1225_jpg.rf.231f5e2710b696fb95513c77123e9d7b.jpg,loader,D:\whitevision\data\crops\loader\106_annot145_loader.jpg,131,61,381,505,640,640,train
107,146,D:\whitevision\data\raw\test\Heavy_Equipment_1833_jpg.rf.2794f737e0db8701fe267eee2d4da59b.jpg,mobile_crane,D:\whitevision\data\crops\mobile_crane\107_annot146_mobile_crane.jpg,379,0,149,582,640,640,train
108,147,D:\whitevision\data\raw\test\Heavy_Equipment_4812_jpg.rf.25eb1352dcbdff0ff783c15bcb66d309.jpg,bulldozer,D:\whitevision\data\crops\bulldozer\108_annot147_bulldozer.jpg,135,121,417,327,640,640,train
109,148,D:\whitevision\data\raw\test\Heavy_Equipment_2162_jpg.rf.23da31333939356029a8fc858733bca6.jpg,dump_truck,D:\whitevision\data\crops\dump_truck\109_annot148_dump_truck.jpg,108,265,90,91,640,640,train
109,149,D:\whitevision\data\raw\test\Heavy_Equipment_2162_jpg.rf.23da31333939356029a8fc858733bca6.jpg,dump_truck,D:\whitevision\data\crops\dump_truck\109_annot149_dump_truck.jpg,221,254,149,146,640,640,train
109,150,D:\whitevision\data\raw\test\Heavy_Equipment_2162_jpg.rf.23da31333939356029a8fc858733bca6.jpg,dump_truck,D:\whitevision\data\crops\dump_truck\109_annot150_dump_truck.jpg,207,232,47,61,640,640,train
109,151,D:\whitevision\data\raw\test\Heavy_Equipment_2162_jpg.rf.23da31333939356029a8fc858733bca6.jpg,excavator,D:\whitevision\data\crops\excavator\109_annot151_excavator.jpg,134,0,415,448,640,640,train
109,152,D:\whitevision\data\raw\test\Heavy_Equipment_2162_jpg.rf.23da31333939356029a8fc858733bca6.jpg,dump_truck,D:\whitevision\data\crops\dump_truck\109_annot152_dump_truck.jpg,186,192,27,41,640,640,train
111,153,D:\whitevision\data\raw\test\M_D_bsx5250gjb-74-sanxing-beijing_jpg.rf.287041e6e4fb9acc14a589b01ad639a2.jpg,mixer_truck,D:\whitevision\data\crops\mixer_truck\111_annot153_mixer_truck.jpg,0,43,595,558,640,640,train
112,154,D:\whitevision\data\raw\test\Heavy_Equipment_4586_jpg.rf.2752c6f126103c4e5317de7e19449d0b.jpg,bulldozer,D:\whitevision\data\crops\bulldozer\112_annot154_bulldozer.jpg,0,75,640,554,640,640,validation
113,155,D:\whitevision\data\raw\test\Heavy_Equipment_1938_jpg.rf.208bcafb1ffeb397f7a52d644a54c616.jpg,mobile_crane,D:\whitevision\data\crops\mobile_crane\113_annot155_mobile_crane.jpg,0,0,573,602,640,640,validation
114,156,D:\whitevision\data\raw\test\Heavy_Equipment_4025_jpg.rf.295729a912b916f7182ebbf97a404e8a.jpg,grader,D:\whitevision\data\crops\grader\114_annot156_grader.jpg,0,96,640,428,640,640,validation
115,157,D:\whitevision\data\raw\test\Heavy_Equipment_5216_jpg.rf.25928828ead36b56849226d1f7e24278.jpg,bulldozer,D:\whitevision\data\crops\bulldozer\115_annot157_bulldozer.jpg,0,0,640,639,640,640,train
116,158,D:\whitevision\data\raw\test\Heavy_Equipment_1800_jpg.rf.27e7bfd2340b09aaf1d2b55c7ad65d23.jpg,bulldozer,D:\whitevision\data\crops\bulldozer\116_annot158_bulldozer.jpg,26,24,596,551,640,640,train
117,159,D:\whitevision\data\raw\test\Heavy_Equipment_3668_jpg.rf.26c2782adbaaac008d51584a75031f96.jpg,grader,D:\whitevision\data\crops\grader\117_annot159_grader.jpg,0,108,607,494,640,640,train
119,160,D:\whitevision\data\raw\test\Heavy_Equipment_5287_jpg.rf.26b6105b963d2741517846cba2bef32c.jpg,roller,D:\whitevision\data\crops\roller\119_annot160_roller.jpg,230,173,155,278,640,640,train
120,161,D:\whitevision\data\raw\test\Heavy_Equipment_10_jpg.rf.2899644834bc53ea51e9b8c45d8168c9.jpg,grader,D:\whitevision\data\crops\grader\120_annot161_grader.jpg,0,119,640,437,640,640,train
122,162,D:\whitevision\data\raw\test\Heavy_Equipment_1195_jpg.rf.2ade3e4e6cefc2b50b925da20086b0c7.jpg,excavator,D:\whitevision\data\crops\excavator\122_annot162_excavator.jpg,62,0,578,541,640,640,validation
122,163,D:\whitevision\data\raw\test\Heavy_Equipment_1195_jpg.rf.2ade3e4e6cefc2b50b925da20086b0c7.jpg,dump_truck,D:\whitevision\data\crops\dump_truck\122_annot163_dump_truck.jpg,131,99,201,261,640,640,validation
122,164,D:\whitevision\data\raw\test\Heavy_Equipment_1195_jpg.rf.2ade3e4e6cefc2b50b925da20086b0c7.jpg,dump_truck,D:\whitevision\data\crops\dump_truck\122_annot164_dump_truck.jpg,448,0,27,47,640,640,validation
122,165,D:\whitevision\data\raw\test\Heavy_Equipment_1195_jpg.rf.2ade3e4e6cefc2b50b925da20086b0c7.jpg,dump_truck,D:\whitevision\data\crops\dump_truck\122_annot165_dump_truck.jpg,524,1,27,49,640,640,validation
123,166,D:\whitevision\data\raw\test\Heavy_Equipment_891_jpg.rf.2c220e37b6172067a1d4b769993228be.jpg,excavator,D:\whitevision\data\crops\excavator\123_annot166_excavator.jpg,75,93,347,358,640,640,train
123,167,D:\whitevision\data\raw\test\Heavy_Equipment_891_jpg.rf.2c220e37b6172067a1d4b769993228be.jpg,dump_truck,D:\whitevision\data\crops\dump_truck\123_annot167_dump_truck.jpg,354,291,119,201,640,640,train
124,168,D:\whitevision\data\raw\test\Heavy_Equipment_4926_jpg.rf.2c5f4896c17e4ef508f7b698354ea475.jpg,grader,D:\whitevision\data\crops\grader\124_annot168_grader.jpg,13,100,595,476,640,640,train
125,169,D:\whitevision\data\raw\test\Heavy_Equipment_4901_jpg.rf.2cf0ecbda502cc4e82692ed8103a2811.jpg,bulldozer,D:\whitevision\data\crops\bulldozer\125_annot169_bulldozer.jpg,0,54,640,569,640,640,train
126,170,D:\whitevision\data\raw\test\Heavy_Equipment_1150_jpg.rf.2bbea1030abacb7a8da600216ee49a8c.jpg,excavator,D:\whitevision\data\crops\excavator\126_annot170_excavator.jpg,0,0,640,640,640,640,test
127,171,D:\whitevision\data\raw\test\Heavy_Equipment_2058_jpg.rf.2ef769fbaad0cc180e34ab9e1398f941.jpg,dump_truck,D:\whitevision\data\crops\dump_truck\127_annot171_dump_truck.jpg,0,106,278,335,640,640,train
128,172,D:\whitevision\data\raw\test\Heavy_Equipment_5121_jpg.rf.2f1ef2026d67dea04260529343d758d6.jpg,grader,D:\whitevision\data\crops\grader\128_annot172_grader.jpg,30,212,610,401,640,640,validation
129,173,D:\whitevision\data\raw\test\Heavy_Equipment_1688_jpg.rf.2f27c5d2c2270148f0050e1f40ee814d.jpg,dump_truck,D:\whitevision\data\crops\dump_truck\129_annot173_dump_truck.jpg,262,84,338,497,640,640,validation
129,174,D:\whitevision\data\raw\test\Heavy_Equipment_1688_jpg.rf.2f27c5d2c2270148f0050e1f40ee814d.jpg,excavator,D:\whitevision\data\crops\excavator\129_annot174_excavator.jpg,76,85,259,478,640,640,validation
130,175,D:\whitevision\data\raw\test\Heavy_Equipment_5230_jpg.rf.2f3b35cceb0ed001715fe8dac33f04ad.jpg,roller,D:\whitevision\data\crops\roller\130_annot175_roller.jpg,40,76,515,426,640,640,test
131,176,D:\whitevision\data\raw\test\Heavy_Equipment_5580_jpg.rf.2fb43f044595bfd68706e39cdf3c8f98.jpg,roller,D:\whitevision\data\crops\roller\131_annot176_roller.jpg,252,127,139,246,640,640,validation
132,177,D:\whitevision\data\raw\test\Heavy_Equipment_3135_jpg.rf.2fe4e02eedb6f08fa74ea44f947c8697.jpg,bulldozer,D:\whitevision\data\crops\bulldozer\132_annot177_bulldozer.jpg,0,4,640,620,640,640,test
133,178,D:\whitevision\data\raw\test\Heavy_Equipment_5012_jpg.rf.2c0cdb29f7cdc6fc47f75631ecfb8a67.jpg,grader,D:\whitevision\data\crops\grader\133_annot178_grader.jpg,0,16,640,598,640,640,train
134,179,D:\whitevision\data\raw\test\Heavy_Equipment_342_jpg.rf.309178341267b43171df940c0e3ae6a3.jpg,mobile_crane,D:\whitevision\data\crops\mobile_crane\134_annot179_mobile_crane.jpg,0,229,618,335,640,640,train
135,180,D:\whitevision\data\raw\test\Heavy_Equipment_850_jpg.rf.2d6fb6da501825b7b765f7b1392d6494.jpg,mobile_crane,D:\whitevision\data\crops\mobile_crane\135_annot180_mobile_crane.jpg,134,275,332,284,640,640,train
136,181,D:\whitevision\data\raw\test\Heavy_Equipment_1009_jpg.rf.29d06556f5a23600f6e25410d4532d0a.jpg,excavator,D:\whitevision\data\crops\excavator\136_annot181_excavator.jpg,157,88,412,467,640,640,validation
136,182,D:\whitevision\data\raw\test\Heavy_Equipment_1009_jpg.rf.29d06556f5a23600f6e25410d4532d0a.jpg,dump_truck,D:\whitevision\data\crops\dump_truck\136_annot182_dump_truck.jpg,443,358,110,218,640,640,validation
136,183,D:\whitevision\data\raw\test\Heavy_Equipment_1009_jpg.rf.29d06556f5a23600f6e25410d4532d0a.jpg,dump_truck,D:\whitevision\data\crops\dump_truck\136_annot183_dump_truck.jpg,37,311,149,245,640,640,validation
137,184,D:\whitevision\data\raw\test\Heavy_Equipment_4649_jpg.rf.31d9b3e20f9db27648c3d15cb053b491.jpg,bulldozer,D:\whitevision\data\crops\bulldozer\137_annot184_bulldozer.jpg,1,1,633,614,640,640,train
138,185,D:\whitevision\data\raw\test\Heavy_Equipment_5165_jpg.rf.2c82534b6860d1fdb5de4896736e72d5.jpg,bulldozer,D:\whitevision\data\crops\bulldozer\138_annot185_bulldozer.jpg,0,16,640,624,640,640,train
139,186,D:\whitevision\data\raw\test\Heavy_Equipment_6164_jpg.rf.311c50f082b5e9e9192b70089b3b27db.jpg,roller,D:\whitevision\data\crops\roller\139_annot186_roller.jpg,203,95,280,268,640,640,train
140,187,D:\whitevision\data\raw\test\Heavy_Equipment_2560_jpg.rf.2a0f04d8184d6d361d56a149b8c8d4da.jpg,excavator,D:\whitevision\data\crops\excavator\140_annot187_excavator.jpg,134,0,481,479,640,640,train
140,188,D:\whitevision\data\raw\test\Heavy_Equipment_2560_jpg.rf.2a0f04d8184d6d361d56a149b8c8d4da.jpg,dump_truck,D:\whitevision\data\crops\dump_truck\140_annot188_dump_truck.jpg,464,345,170,288,640,640,train
141,189,D:\whitevision\data\raw\test\Heavy_Equipment_2604_jpg.rf.2eba0530a8cdc7aaf28bac661e13cd07.jpg,excavator,D:\whitevision\data\crops\excavator\141_annot189_excavator.jpg,181,173,269,247,640,640,train
141,190,D:\whitevision\data\raw\test\Heavy_Equipment_2604_jpg.rf.2eba0530a8cdc7aaf28bac661e13cd07.jpg,dump_truck,D:\whitevision\data\crops\dump_truck\141_annot190_dump_truck.jpg,330,216,162,167,640,640,train
141,191,D:\whitevision\data\raw\test\Heavy_Equipment_2604_jpg.rf.2eba0530a8cdc7aaf28bac661e13cd07.jpg,dump_truck,D:\whitevision\data\crops\dump_truck\141_annot191_dump_truck.jpg,591,244,49,83,640,640,train
142,192,D:\whitevision\data\raw\test\M_B_2560px-Mercedes-Benz_Axor_based_cement_mixer_truck-JPG_jpg.rf.30bf43cf529aaee779e34534837363c5.jpg,mixer_truck,D:\whitevision\data\crops\mixer_truck\142_annot192_mixer_truck.jpg,19,31,597,579,640,640,test
143,193,D:\whitevision\data\raw\test\Heavy_Equipment_57_jpg.rf.3232a45148c9c260908a3518794f754d.jpg,bulldozer,D:\whitevision\data\crops\bulldozer\143_annot193_bulldozer.jpg,0,91,640,479,640,640,test
144,194,D:\whitevision\data\raw\test\Heavy_Equipment_5870_jpg.rf.32a5f8362286ecdaa6e4a09a4930d258.jpg,roller,D:\whitevision\data\crops\roller\144_annot194_roller.jpg,269,138,139,202,640,640,train
145,195,D:\whitevision\data\raw\test\Heavy_Equipment_203_jpg.rf.315269ed3c856e5eec34147210f9fb12.jpg,dump_truck,D:\whitevision\data\crops\dump_truck\145_annot195_dump_truck.jpg,43,0,586,640,640,640,train
147,196,D:\whitevision\data\raw\test\Heavy_Equipment_4022_jpg.rf.32d80f0eb916001a2ce43bf4023732bb.jpg,grader,D:\whitevision\data\crops\grader\147_annot196_grader.jpg,102,0,538,614,640,640,train
148,197,D:\whitevision\data\raw\test\Heavy_Equipment_3431_jpg.rf.3203d315331327d3c65e61855c02da88.jpg,bulldozer,D:\whitevision\data\crops\bulldozer\148_annot197_bulldozer.jpg,2,0,636,640,640,640,test
149,198,D:\whitevision\data\raw\test\Heavy_Equipment_4576_jpg.rf.317eac0c9cf89f53ae4340e585944f20.jpg,grader,D:\whitevision\data\crops\grader\149_annot198_grader.jpg,106,139,504,441,640,640,train
150,199,D:\whitevision\data\raw\test\Heavy_Equipment_6333_JPG.rf.33c1b93fbcd55c7d90f7f6d94df17882.jpg,excavator,D:\whitevision\data\crops\excavator\150_annot199_excavator.jpg,315,390,288,101,640,640,train
150,200,D:\whitevision\data\raw\test\Heavy_Equipment_6333_JPG.rf.33c1b93fbcd55c7d90f7f6d94df17882.jpg,excavator,D:\whitevision\data\crops\excavator\150_annot200_excavator.jpg,35,396,150,100,640,640,train
151,201,D:\whitevision\data\raw\test\Heavy_Equipment_1041_jpg.rf.30af7204af9188f080d842c655586f93.jpg,dump_truck,D:\whitevision\data\crops\dump_truck\151_annot201_dump_truck.jpg,41,55,596,585,640,640,test
153,202,D:\whitevision\data\raw\test\Heavy_Equipment_3418_jpg.rf.33bfe124fce06400439cb1c8adae5c7a.jpg,bulldozer,D:\whitevision\data\crops\bulldozer\153_annot202_bulldozer.jpg,58,74,529,499,640,640,validation
154,203,D:\whitevision\data\raw\test\Heavy_Equipment_5592_jpg.rf.337fd6cdabe3bfd8cc9eba539db0f82d.jpg,roller,D:\whitevision\data\crops\roller\154_annot203_roller.jpg,138,118,325,333,640,640,validation
155,204,D:\whitevision\data\raw\test\Heavy_Equipment_1005_jpg.rf.33f1e5efe4314ad0e5b686d80a925d9b.jpg,excavator,D:\whitevision\data\crops\excavator\155_annot204_excavator.jpg,2,0,589,533,640,640,test
155,205,D:\whitevision\data\raw\test\Heavy_Equipment_1005_jpg.rf.33f1e5efe4314ad0e5b686d80a925d9b.jpg,dump_truck,D:\whitevision\data\crops\dump_truck\155_annot205_dump_truck.jpg,363,205,115,93,640,640,test
155,206,D:\whitevision\data\raw\test\Heavy_Equipment_1005_jpg.rf.33f1e5efe4314ad0e5b686d80a925d9b.jpg,dump_truck,D:\whitevision\data\crops\dump_truck\155_annot206_dump_truck.jpg,383,250,257,311,640,640,test
156,207,D:\whitevision\data\raw\test\Heavy_Equipment_5782_jpg.rf.33efdf071c40e3f4e0887c5476f4fbf6.jpg,roller,D:\whitevision\data\crops\roller\156_annot207_roller.jpg,148,67,292,359,640,640,test
157,208,D:\whitevision\data\raw\test\Heavy_Equipment_5297_jpg.rf.3580788a8f03a22722769020d37b88d2.jpg,roller,D:\whitevision\data\crops\roller\157_annot208_roller.jpg,180,106,234,288,640,640,train
159,209,D:\whitevision\data\raw\test\Heavy_Equipment_4618_jpg.rf.33e9aa134446d5ea81634379591bfb71.jpg,grader,D:\whitevision\data\crops\grader\159_annot209_grader.jpg,0,46,597,494,640,640,train
160,210,D:\whitevision\data\raw\test\Heavy_Equipment_1207_jpg.rf.30611aab8d0f1265277d4f8e41684b57.jpg,excavator,D:\whitevision\data\crops\excavator\160_annot210_excavator.jpg,29,111,476,350,640,640,test
160,211,D:\whitevision\data\raw\test\Heavy_Equipment_1207_jpg.rf.30611aab8d0f1265277d4f8e41684b57.jpg,excavator,D:\whitevision\data\crops\excavator\160_annot211_excavator.jpg,453,113,140,157,640,640,test
160,212,D:\whitevision\data\raw\test\Heavy_Equipment_1207_jpg.rf.30611aab8d0f1265277d4f8e41684b57.jpg,dump_truck,D:\whitevision\data\crops\dump_truck\160_annot212_dump_truck.jpg,467,274,141,146,640,640,test
160,213,D:\whitevision\data\raw\test\Heavy_Equipment_1207_jpg.rf.30611aab8d0f1265277d4f8e41684b57.jpg,dump_truck,D:\whitevision\data\crops\dump_truck\160_annot213_dump_truck.jpg,57,388,377,252,640,640,test
161,214,D:\whitevision\data\raw\test\Heavy_Equipment_2482_jpg.rf.3436483f76dde305f42ec293f8766f0b.jpg,mobile_crane,D:\whitevision\data\crops\mobile_crane\161_annot214_mobile_crane.jpg,156,0,456,594,640,640,test
162,215,D:\whitevision\data\raw\test\Heavy_Equipment_689_jpg.rf.35817199a519970064ccecf69bc56a86.jpg,loader,D:\whitevision\data\crops\loader\162_annot215_loader.jpg,96,8,296,448,640,640,train
162,216,D:\whitevision\data\raw\test\Heavy_Equipment_689_jpg.rf.35817199a519970064ccecf69bc56a86.jpg,dump_truck,D:\whitevision\data\crops\dump_truck\162_annot216_dump_truck.jpg,435,89,205,372,640,640,train
164,217,D:\whitevision\data\raw\test\Heavy_Equipment_1163_jpg.rf.36aad21b7e7bc47efb21b26c9c6a79e7.jpg,excavator,D:\whitevision\data\crops\excavator\164_annot217_excavator.jpg,0,0,640,608,640,640,validation
165,218,D:\whitevision\data\raw\test\Heavy_Equipment_5750_jpg.rf.37551a8aff91ca98a80224e53267b969.jpg,roller,D:\whitevision\data\crops\roller\165_annot218_roller.jpg,227,156,201,205,640,640,train
166,219,D:\whitevision\data\raw\test\Heavy_Equipment_6237_jpg.rf.352440836b4e25eda2eef6735d7610c9.jpg,dump_truck,D:\whitevision\data\crops\dump_truck\166_annot219_dump_truck.jpg,216,257,212,235,640,640,validation
166,220,D:\whitevision\data\raw\test\Heavy_Equipment_6237_jpg.rf.352440836b4e25eda2eef6735d7610c9.jpg,bulldozer,D:\whitevision\data\crops\bulldozer\166_annot220_bulldozer.jpg,458,242,182,230,640,640,validation
167,221,D:\whitevision\data\raw\test\Heavy_Equipment_514_jpg.rf.364df577a4d65e80893ea8a694477f39.jpg,excavator,D:\whitevision\data\crops\excavator\167_annot221_excavator.jpg,0,0,640,549,640,640,train
167,222,D:\whitevision\data\raw\test\Heavy_Equipment_514_jpg.rf.364df577a4d65e80893ea8a694477f39.jpg,dump_truck,D:\whitevision\data\crops\dump_truck\167_annot222_dump_truck.jpg,34,272,83,93,640,640,train
167,223,D:\whitevision\data\raw\test\Heavy_Equipment_514_jpg.rf.364df577a4d65e80893ea8a694477f39.jpg,dump_truck,D:\whitevision\data\crops\dump_truck\167_annot223_dump_truck.jpg,51,342,148,298,640,640,train
168,224,D:\whitevision\data\raw\test\Heavy_Equipment_5608_jpg.rf.3775c184f6f9569c84be5b2f3e6c7f3e.jpg,roller,D:\whitevision\data\crops\roller\168_annot224_roller.jpg,246,139,155,266,640,640,train
170,225,D:\whitevision\data\raw\test\Heavy_Equipment_3364_jpg.rf.37b0eb868160d4036e4170433a4cd7aa.jpg,bulldozer,D:\whitevision\data\crops\bulldozer\170_annot225_bulldozer.jpg,3,64,637,524,640,640,train
172,226,D:\whitevision\data\raw\test\Heavy_Equipment_4292_jpg.rf.38a043871a9797e305e78dd4bfb805c4.jpg,bulldozer,D:\whitevision\data\crops\bulldozer\172_annot226_bulldozer.jpg,37,0,596,593,640,640,validation
173,227,D:\whitevision\data\raw\test\Heavy_Equipment_3959_jpg.rf.38af79f39a58044f75f2691ead240b69.jpg,grader,D:\whitevision\data\crops\grader\173_annot227_grader.jpg,0,0,614,640,640,640,train
174,228,D:\whitevision\data\raw\test\Heavy_Equipment_5627_jpg.rf.39b802750d2a26088f3e512536deebe2.jpg,roller,D:\whitevision\data\crops\roller\174_annot228_roller.jpg,134,0,340,640,640,640,train
175,229,D:\whitevision\data\raw\test\Heavy_Equipment_3182_jpg.rf.3a3be40b1961aac1ba0916684d81dff5.jpg,bulldozer,D:\whitevision\data\crops\bulldozer\175_annot229_bulldozer.jpg,0,0,640,640,640,640,train
176,230,D:\whitevision\data\raw\test\Heavy_Equipment_3307_jpg.rf.3817d23262ca27271d0b8cd2138b1afc.jpg,bulldozer,D:\whitevision\data\crops\bulldozer\176_annot230_bulldozer.jpg,3,93,637,447,640,640,train
177,231,D:\whitevision\data\raw\test\Heavy_Equipment_348_jpg.rf.3892f127983061d937c6809198ccb51b.jpg,bulldozer,D:\whitevision\data\crops\bulldozer\177_annot231_bulldozer.jpg,0,34,640,606,640,640,train
178,232,D:\whitevision\data\raw\test\Heavy_Equipment_438_jpg.rf.3c1a9ae322938fd044b09f8d0291ef4a.jpg,mobile_crane,D:\whitevision\data\crops\mobile_crane\178_annot232_mobile_crane.jpg,40,0,523,632,640,640,train
179,233,D:\whitevision\data\raw\test\Heavy_Equipment_4956_jpg.rf.3d1d83dbf691b47928ccee330b832d07.jpg,grader,D:\whitevision\data\crops\grader\179_annot233_grader.jpg,0,26,640,597,640,640,test
181,234,D:\whitevision\data\raw\test\Heavy_Equipment_743_jpg.rf.3919a9ff91bce0a3d9aadb965f6037ac.jpg,dump_truck,D:\whitevision\data\crops\dump_truck\181_annot234_dump_truck.jpg,0,236,51,113,640,640,train
181,235,D:\whitevision\data\raw\test\Heavy_Equipment_743_jpg.rf.3919a9ff91bce0a3d9aadb965f6037ac.jpg,dump_truck,D:\whitevision\data\crops\dump_truck\181_annot235_dump_truck.jpg,169,246,71,149,640,640,train
181,236,D:\whitevision\data\raw\test\Heavy_Equipment_743_jpg.rf.3919a9ff91bce0a3d9aadb965f6037ac.jpg,dump_truck,D:\whitevision\data\crops\dump_truck\181_annot236_dump_truck.jpg,145,218,152,102,640,640,train
181,237,D:\whitevision\data\raw\test\Heavy_Equipment_743_jpg.rf.3919a9ff91bce0a3d9aadb965f6037ac.jpg,excavator,D:\whitevision\data\crops\excavator\181_annot237_excavator.jpg,200,85,248,336,640,640,train
182,238,D:\whitevision\data\raw\test\Heavy_Equipment_4196_jpg.rf.3bc1dbbb24221b4496aa421d8d1b1dab.jpg,grader,D:\whitevision\data\crops\grader\182_annot238_grader.jpg,9,20,631,620,640,640,test
183,239,D:\whitevision\data\raw\test\Heavy_Equipment_1731_jpg.rf.40b55c942f3ac975b8c60e48674904d7.jpg,excavator,D:\whitevision\data\crops\excavator\183_annot239_excavator.jpg,128,0,427,569,640,640,validation
184,240,D:\whitevision\data\raw\test\Heavy_Equipment_6102_jpg.rf.3f3d79b0bb872cd439dccdba54b60b57.jpg,roller,D:\whitevision\data\crops\roller\184_annot240_roller.jpg,122,0,405,403,640,640,train
185,241,D:\whitevision\data\raw\test\Heavy_Equipment_4149_jpg.rf.3c8aac3d3f914d996e14e8ad07d904df.jpg,bulldozer,D:\whitevision\data\crops\bulldozer\185_annot241_bulldozer.jpg,0,74,640,474,640,640,train
186,242,D:\whitevision\data\raw\test\Heavy_Equipment_5890_jpg.rf.3e4914a4b80f0490b970f8d4df61254c.jpg,roller,D:\whitevision\data\crops\roller\186_annot242_roller.jpg,180,87,305,284,640,640,validation
187,243,D:\whitevision\data\raw\test\Heavy_Equipment_6048_jpg.rf.3dd4613c58b42be8880b76049e796e8d.jpg,roller,D:\whitevision\data\crops\roller\187_annot243_roller.jpg,0,0,640,521,640,640,train
188,244,D:\whitevision\data\raw\test\Heavy_Equipment_2044_jpg.rf.40975859e0e13a02db1a2cd7b603c428.jpg,loader,D:\whitevision\data\crops\loader\188_annot244_loader.jpg,124,0,415,382,640,640,train
188,245,D:\whitevision\data\raw\test\Heavy_Equipment_2044_jpg.rf.40975859e0e13a02db1a2cd7b603c428.jpg,dump_truck,D:\whitevision\data\crops\dump_truck\188_annot245_dump_truck.jpg,18,301,574,339,640,640,train
190,246,D:\whitevision\data\raw\test\Heavy_Equipment_1441_jpg.rf.3f30a3bd5e7e2fba477426739df45a3c.jpg,excavator,D:\whitevision\data\crops\excavator\190_annot246_excavator.jpg,241,203,167,289,640,640,train
190,247,D:\whitevision\data\raw\test\Heavy_Equipment_1441_jpg.rf.3f30a3bd5e7e2fba477426739df45a3c.jpg,dump_truck,D:\whitevision\data\crops\dump_truck\190_annot247_dump_truck.jpg,198,193,46,46,640,640,train
190,248,D:\whitevision\data\raw\test\Heavy_Equipment_1441_jpg.rf.3f30a3bd5e7e2fba477426739df45a3c.jpg,dump_truck,D:\whitevision\data\crops\dump_truck\190_annot248_dump_truck.jpg,239,189,35,39,640,640,train
190,249,D:\whitevision\data\raw\test\Heavy_Equipment_1441_jpg.rf.3f30a3bd5e7e2fba477426739df45a3c.jpg,dump_truck,D:\whitevision\data\crops\dump_truck\190_annot249_dump_truck.jpg,0,245,77,104,640,640,train
190,250,D:\whitevision\data\raw\test\Heavy_Equipment_1441_jpg.rf.3f30a3bd5e7e2fba477426739df45a3c.jpg,dump_truck,D:\whitevision\data\crops\dump_truck\190_annot250_dump_truck.jpg,69,335,90,207,640,640,train
191,251,D:\whitevision\data\raw\test\Heavy_Equipment_3707_jpg.rf.41977d2f1195824ef4b235209784f0f6.jpg,grader,D:\whitevision\data\crops\grader\191_annot251_grader.jpg,69,48,527,492,640,640,train
192,252,D:\whitevision\data\raw\test\Heavy_Equipment_3167_jpg.rf.3ea0060fd2cfb28791fc7e9df3415802.jpg,grader,D:\whitevision\data\crops\grader\192_annot252_grader.jpg,0,43,640,579,640,640,train
193,253,D:\whitevision\data\raw\test\Heavy_Equipment_566_jpg.rf.3dac1369b6450240160dc54a8be56e1e.jpg,mobile_crane,D:\whitevision\data\crops\mobile_crane\193_annot253_mobile_crane.jpg,145,191,129,149,640,640,train
193,254,D:\whitevision\data\raw\test\Heavy_Equipment_566_jpg.rf.3dac1369b6450240160dc54a8be56e1e.jpg,mobile_crane,D:\whitevision\data\crops\mobile_crane\193_annot254_mobile_crane.jpg,301,189,126,167,640,640,train
194,255,D:\whitevision\data\raw\test\Heavy_Equipment_1179_jpg.rf.41a0b53c276595050adc23fca14d0f7c.jpg,excavator,D:\whitevision\data\crops\excavator\194_annot255_excavator.jpg,115,0,288,537,640,640,train
194,256,D:\whitevision\data\raw\test\Heavy_Equipment_1179_jpg.rf.41a0b53c276595050adc23fca14d0f7c.jpg,excavator,D:\whitevision\data\crops\excavator\194_annot256_excavator.jpg,363,252,145,174,640,640,train
194,257,D:\whitevision\data\raw\test\Heavy_Equipment_1179_jpg.rf.41a0b53c276595050adc23fca14d0f7c.jpg,dump_truck,D:\whitevision\data\crops\dump_truck\194_annot257_dump_truck.jpg,2,373,300,267,640,640,train
194,258,D:\whitevision\data\raw\test\Heavy_Equipment_1179_jpg.rf.41a0b53c276595050adc23fca14d0f7c.jpg,dump_truck,D:\whitevision\data\crops\dump_truck\194_annot258_dump_truck.jpg,38,333,63,50,640,640,train
194,259,D:\whitevision\data\raw\test\Heavy_Equipment_1179_jpg.rf.41a0b53c276595050adc23fca14d0f7c.jpg,dump_truck,D:\whitevision\data\crops\dump_truck\194_annot259_dump_truck.jpg,379,372,57,61,640,640,train
196,260,D:\whitevision\data\raw\test\Heavy_Equipment_2531_jpg.rf.42403d8874ef56c0f9d418d48ae91042.jpg,mobile_crane,D:\whitevision\data\crops\mobile_crane\196_annot260_mobile_crane.jpg,243,203,200,156,640,640,test
197,261,D:\whitevision\data\raw\test\Heavy_Equipment_4125_jpg.rf.3c6d134e87775fb55b4779ebc701e2b6.jpg,bulldozer,D:\whitevision\data\crops\bulldozer\197_annot261_bulldozer.jpg,99,80,525,511,640,640,train
198,262,D:\whitevision\data\raw\test\Heavy_Equipment_6320_jpg.rf.413ad28c8d602add8c836425a75231a3.jpg,bulldozer,D:\whitevision\data\crops\bulldozer\198_annot262_bulldozer.jpg,101,109,485,414,640,640,train
199,263,D:\whitevision\data\raw\test\Heavy_Equipment_4358_jpg.rf.4297dec67242100a0b11d287158ffe59.jpg,bulldozer,D:\whitevision\data\crops\bulldozer\199_annot263_bulldozer.jpg,50,78,512,530,640,640,test
200,264,D:\whitevision\data\raw\test\Heavy_Equipment_4234_jpg.rf.431a043f8b99ab341acbab3b67193625.jpg,bulldozer,D:\whitevision\data\crops\bulldozer\200_annot264_bulldozer.jpg,157,83,441,557,640,640,train
201,265,D:\whitevision\data\raw\test\Heavy_Equipment_794_jpg.rf.4234eababcc0e9950253f64af80c8128.jpg,bulldozer,D:\whitevision\data\crops\bulldozer\201_annot265_bulldozer.jpg,77,120,452,425,640,640,train
202,266,D:\whitevision\data\raw\test\Heavy_Equipment_2780_jpg.rf.4509059f2917161a6d60fde67b7aa6e8.jpg,loader,D:\whitevision\data\crops\loader\202_annot266_loader.jpg,187,120,437,520,640,640,train
202,267,D:\whitevision\data\raw\test\Heavy_Equipment_2780_jpg.rf.4509059f2917161a6d60fde67b7aa6e8.jpg,excavator,D:\whitevision\data\crops\excavator\202_annot267_excavator.jpg,132,146,105,263,640,640,train
203,268,D:\whitevision\data\raw\test\Heavy_Equipment_795_jpg.rf.45f9d3fc7a7e1cd72165c33a32a34075.jpg,bulldozer,D:\whitevision\data\crops\bulldozer\203_annot268_bulldozer.jpg,0,77,640,468,640,640,train
204,269,D:\whitevision\data\raw\test\Heavy_Equipment_5898_jpg.rf.45b80e26c53f3ff37bcfc74a66711455.jpg,roller,D:\whitevision\data\crops\roller\204_annot269_roller.jpg,189,89,226,304,640,640,train
205,270,D:\whitevision\data\raw\test\M_M_7665514_jpg.rf.44e49ff92a60348f1a97968e5ec56ae1.jpg,mixer_truck,D:\whitevision\data\crops\mixer_truck\205_annot270_mixer_truck.jpg,0,114,609,505,640,640,train
206,271,D:\whitevision\data\raw\test\Heavy_Equipment_4658_jpg.rf.4629bae628ba30849d8248efca70bf2d.jpg,bulldozer,D:\whitevision\data\crops\bulldozer\206_annot271_bulldozer.jpg,12,26,576,557,640,640,train
207,272,D:\whitevision\data\raw\test\Heavy_Equipment_5436_jpg.rf.40dfd303a9b644a619f2f28ca39a5864.jpg,roller,D:\whitevision\data\crops\roller\207_annot272_roller.jpg,164,57,333,323,640,640,test
208,273,D:\whitevision\data\raw\test\Heavy_Equipment_894_jpg.rf.470f4d08ee99c9db95aff7ff703cb249.jpg,mobile_crane,D:\whitevision\data\crops\mobile_crane\208_annot273_mobile_crane.jpg,61,43,149,420,640,640,train
209,274,D:\whitevision\data\raw\test\Heavy_Equipment_5096_jpg.rf.454f6a3a0d9b6d44e9d29818bf30b50c.jpg,grader,D:\whitevision\data\crops\grader\209_annot274_grader.jpg,0,112,640,411,640,640,train
210,275,D:\whitevision\data\raw\test\Heavy_Equipment_1449_jpg.rf.480ac87da069629eb22445f9f6aed120.jpg,excavator,D:\whitevision\data\crops\excavator\210_annot275_excavator.jpg,0,0,495,562,640,640,test
210,276,D:\whitevision\data\raw\test\Heavy_Equipment_1449_jpg.rf.480ac87da069629eb22445f9f6aed120.jpg,dump_truck,D:\whitevision\data\crops\dump_truck\210_annot276_dump_truck.jpg,468,222,72,129,640,640,test
210,277,D:\whitevision\data\raw\test\Heavy_Equipment_1449_jpg.rf.480ac87da069629eb22445f9f6aed120.jpg,dump_truck,D:\whitevision\data\crops\dump_truck\210_annot277_dump_truck.jpg,562,193,78,206,640,640,test
211,278,D:\whitevision\data\raw\test\Heavy_Equipment_6009_jpg.rf.4719344ff300b49749e420c8891990f7.jpg,roller,D:\whitevision\data\crops\roller\211_annot278_roller.jpg,148,0,439,460,640,640,train
212,279,D:\whitevision\data\raw\test\Heavy_Equipment_711_jpg.rf.472e3e9a84e9eef6b9c4b06cbe83a586.jpg,excavator,D:\whitevision\data\crops\excavator\212_annot279_excavator.jpg,12,0,366,526,640,640,test
212,280,D:\whitevision\data\raw\test\Heavy_Equipment_711_jpg.rf.472e3e9a84e9eef6b9c4b06cbe83a586.jpg,excavator,D:\whitevision\data\crops\excavator\212_annot280_excavator.jpg,348,200,108,162,640,640,test
212,281,D:\whitevision\data\raw\test\Heavy_Equipment_711_jpg.rf.472e3e9a84e9eef6b9c4b06cbe83a586.jpg,dump_truck,D:\whitevision\data\crops\dump_truck\212_annot281_dump_truck.jpg,228,325,218,192,640,640,test
212,282,D:\whitevision\data\raw\test\Heavy_Equipment_711_jpg.rf.472e3e9a84e9eef6b9c4b06cbe83a586.jpg,dump_truck,D:\whitevision\data\crops\dump_truck\212_annot282_dump_truck.jpg,450,285,129,124,640,640,test
213,283,D:\whitevision\data\raw\test\Heavy_Equipment_186_jpg.rf.465af4aa2ab34f6715029f4cb2cdad64.jpg,mobile_crane,D:\whitevision\data\crops\mobile_crane\213_annot283_mobile_crane.jpg,36,26,262,575,640,640,train
213,284,D:\whitevision\data\raw\test\Heavy_Equipment_186_jpg.rf.465af4aa2ab34f6715029f4cb2cdad64.jpg,mobile_crane,D:\whitevision\data\crops\mobile_crane\213_annot284_mobile_crane.jpg,327,38,283,556,640,640,train
214,285,D:\whitevision\data\raw\test\Heavy_Equipment_2750_jpg.rf.431bbf8255c1d5174d9244e32d96e505.jpg,mobile_crane,D:\whitevision\data\crops\mobile_crane\214_annot285_mobile_crane.jpg,124,128,438,432,640,640,validation
215,286,D:\whitevision\data\raw\test\Heavy_Equipment_3219_jpg.rf.48a7ed59615d871448094f13698bff12.jpg,bulldozer,D:\whitevision\data\crops\bulldozer\215_annot286_bulldozer.jpg,0,13,640,627,640,640,train
216,287,D:\whitevision\data\raw\test\Heavy_Equipment_17_jpg.rf.45fab5c1fda82fb9486c00cde40903c3.jpg,dump_truck,D:\whitevision\data\crops\dump_truck\216_annot287_dump_truck.jpg,0,0,400,631,640,640,train
216,288,D:\whitevision\data\raw\test\Heavy_Equipment_17_jpg.rf.45fab5c1fda82fb9486c00cde40903c3.jpg,dump_truck,D:\whitevision\data\crops\dump_truck\216_annot288_dump_truck.jpg,340,110,300,410,640,640,train
217,289,D:\whitevision\data\raw\test\Heavy_Equipment_3350_jpg.rf.48c97f9e156047b7ba06763804c7add8.jpg,bulldozer,D:\whitevision\data\crops\bulldozer\217_annot289_bulldozer.jpg,76,170,409,366,640,640,train
218,290,D:\whitevision\data\raw\test\Heavy_Equipment_1655_jpg.rf.4861b2db53da774e1bba93861417bfb8.jpg,excavator,D:\whitevision\data\crops\excavator\218_annot290_excavator.jpg,144,0,360,408,640,640,validation
218,291,D:\whitevision\data\raw\test\Heavy_Equipment_1655_jpg.rf.4861b2db53da774e1bba93861417bfb8.jpg,dump_truck,D:\whitevision\data\crops\dump_truck\218_annot291_dump_truck.jpg,25,357,60,72,640,640,validation
218,292,D:\whitevision\data\raw\test\Heavy_Equipment_1655_jpg.rf.4861b2db53da774e1bba93861417bfb8.jpg,dump_truck,D:\whitevision\data\crops\dump_truck\218_annot292_dump_truck.jpg,344,259,130,101,640,640,validation
220,293,D:\whitevision\data\raw\test\Heavy_Equipment_5239_jpg.rf.49976a277b18103c4e6c83629ac1ee00.jpg,roller,D:\whitevision\data\crops\roller\220_annot293_roller.jpg,225,80,192,266,640,640,test
221,294,D:\whitevision\data\raw\test\M_B_images162_jpg.rf.4398e6e97f78b2ca48b977a490875525.jpg,mixer_truck,D:\whitevision\data\crops\mixer_truck\221_annot294_mixer_truck.jpg,18,27,622,599,640,640,train
222,295,D:\whitevision\data\raw\test\Heavy_Equipment_2461_jpg.rf.4a035c025097a59f521a9c3390772ce8.jpg,excavator,D:\whitevision\data\crops\excavator\222_annot295_excavator.jpg,155,25,438,465,640,640,validation
222,296,D:\whitevision\data\raw\test\Heavy_Equipment_2461_jpg.rf.4a035c025097a59f521a9c3390772ce8.jpg,dump_truck,D:\whitevision\data\crops\dump_truck\222_annot296_dump_truck.jpg,560,153,80,206,640,640,validation
223,297,D:\whitevision\data\raw\test\M_H_images209_jpg.rf.496cc48eb85d5d852beba46e6f2e7578.jpg,mixer_truck,D:\whitevision\data\crops\mixer_truck\223_annot297_mixer_truck.jpg,37,73,535,548,640,640,validation
224,298,D:\whitevision\data\raw\test\Heavy_Equipment_3221_jpg.rf.4b3afeef1b8d9b6a1cd16ceff15030e7.jpg,bulldozer,D:\whitevision\data\crops\bulldozer\224_annot298_bulldozer.jpg,0,84,640,456,640,640,train
225,299,D:\whitevision\data\raw\test\M_D_images16_jpg.rf.4d4a2ee83ad9cf71d45e0a7c0b2efd91.jpg,mixer_truck,D:\whitevision\data\crops\mixer_truck\225_annot299_mixer_truck.jpg,72,241,383,308,640,640,train
226,300,D:\whitevision\data\raw\test\Heavy_Equipment_4255_jpg.rf.4a8621cfe1eed1361836e44bc93f1f65.jpg,grader,D:\whitevision\data\crops\grader\226_annot300_grader.jpg,0,0,640,640,640,640,validation
227,301,D:\whitevision\data\raw\test\Heavy_Equipment_2948_jpg.rf.4a516910c3922e5dbf357737e1455136.jpg,loader,D:\whitevision\data\crops\loader\227_annot301_loader.jpg,173,113,314,428,640,640,train
227,302,D:\whitevision\data\raw\test\Heavy_Equipment_2948_jpg.rf.4a516910c3922e5dbf357737e1455136.jpg,dump_truck,D:\whitevision\data\crops\dump_truck\227_annot302_dump_truck.jpg,17,95,96,70,640,640,train
227,303,D:\whitevision\data\raw\test\Heavy_Equipment_2948_jpg.rf.4a516910c3922e5dbf357737e1455136.jpg,dump_truck,D:\whitevision\data\crops\dump_truck\227_annot303_dump_truck.jpg,504,127,97,83,640,640,train
227,304,D:\whitevision\data\raw\test\Heavy_Equipment_2948_jpg.rf.4a516910c3922e5dbf357737e1455136.jpg,dump_truck,D:\whitevision\data\crops\dump_truck\227_annot304_dump_truck.jpg,315,207,307,420,640,640,train
228,305,D:\whitevision\data\raw\test\Heavy_Equipment_5539_jpg.rf.4a14e3efb4c5861322659dcc8f07ee0d.jpg,roller,D:\whitevision\data\crops\roller\228_annot305_roller.jpg,229,73,251,314,640,640,test
229,306,D:\whitevision\data\raw\test\Heavy_Equipment_456_jpg.rf.4c3ef597021c68d651a732d9496155f2.jpg,loader,D:\whitevision\data\crops\loader\229_annot306_loader.jpg,185,73,371,360,640,640,train
229,307,D:\whitevision\data\raw\test\Heavy_Equipment_456_jpg.rf.4c3ef597021c68d651a732d9496155f2.jpg,loader,D:\whitevision\data\crops\loader\229_annot307_loader.jpg,191,310,449,330,640,640,train
229,308,D:\whitevision\data\raw\test\Heavy_Equipment_456_jpg.rf.4c3ef597021c68d651a732d9496155f2.jpg,dump_truck,D:\whitevision\data\crops\dump_truck\229_annot308_dump_truck.jpg,0,109,252,252,640,640,train
230,309,D:\whitevision\data\raw\test\Heavy_Equipment_4548_jpg.rf.4a7ef0a1a89c6ce367629820af008c3c.jpg,bulldozer,D:\whitevision\data\crops\bulldozer\230_annot309_bulldozer.jpg,0,0,640,639,640,640,train
231,310,D:\whitevision\data\raw\test\Heavy_Equipment_5178_jpg.rf.4d90c9bc501638b40d7b1279b17e6f87.jpg,bulldozer,D:\whitevision\data\crops\bulldozer\231_annot310_bulldozer.jpg,0,111,552,525,640,640,test
232,311,D:\whitevision\data\raw\test\Heavy_Equipment_5948_jpg.rf.4eea196be41960a3a7bb21f9d07ca323.jpg,roller,D:\whitevision\data\crops\roller\232_annot311_roller.jpg,150,50,284,458,640,640,validation
233,312,D:\whitevision\data\raw\test\Heavy_Equipment_6324_JPG.rf.4deee1cdeec683107d9cff0142300a75.jpg,bulldozer,D:\whitevision\data\crops\bulldozer\233_annot312_bulldozer.jpg,0,0,640,640,640,640,train
234,313,D:\whitevision\data\raw\test\Heavy_Equipment_5525_jpg.rf.4ea7b37cd792e6f4fcf998057e90de5f.jpg,roller,D:\whitevision\data\crops\roller\234_annot313_roller.jpg,182,57,240,326,640,640,validation
235,314,D:\whitevision\data\raw\test\Heavy_Equipment_5994_jpg.rf.4e4109ea300ed754e3fc37ad890e2883.jpg,roller,D:\whitevision\data\crops\roller\235_annot314_roller.jpg,198,0,352,637,640,640,train
238,315,D:\whitevision\data\raw\test\M_M_images_jpg.rf.4fa317b99b3744c56019056346df05ed.jpg,mixer_truck,D:\whitevision\data\crops\mixer_truck\238_annot315_mixer_truck.jpg,21,112,619,484,640,640,train
239,316,D:\whitevision\data\raw\test\Heavy_Equipment_5777_jpg.rf.50c98fd607058a08c4437e06fc805369.jpg,roller,D:\whitevision\data\crops\roller\239_annot316_roller.jpg,193,101,217,408,640,640,train
240,317,D:\whitevision\data\raw\test\Heavy_Equipment_1068_jpg.rf.50cafa8ba795021c686265416ff03814.jpg,mobile_crane,D:\whitevision\data\crops\mobile_crane\240_annot317_mobile_crane.jpg,199,212,335,405,640,640,train
241,318,D:\whitevision\data\raw\test\Heavy_Equipment_3187_jpg.rf.5193cd0e2dd9dcb29530c2a869e239b4.jpg,bulldozer,D:\whitevision\data\crops\bulldozer\241_annot318_bulldozer.jpg,0,0,640,640,640,640,test
242,319,D:\whitevision\data\raw\test\Heavy_Equipment_4261_jpg.rf.541e6ef243e8b8b1479c042563f4e477.jpg,grader,D:\whitevision\data\crops\grader\242_annot319_grader.jpg,14,106,590,444,640,640,train
243,320,D:\whitevision\data\raw\test\M_D_concrete_mixer_truck_renault_kerax_370_7168742_jpg.rf.5354c6cd0b6a2929de198e84680a3d5a.jpg,mixer_truck,D:\whitevision\data\crops\mixer_truck\243_annot320_mixer_truck.jpg,12,46,623,569,640,640,validation
243,321,D:\whitevision\data\raw\test\M_D_concrete_mixer_truck_renault_kerax_370_7168742_jpg.rf.5354c6cd0b6a2929de198e84680a3d5a.jpg,mixer_truck,D:\whitevision\data\crops\mixer_truck\243_annot321_mixer_truck.jpg,0,240,83,207,640,640,validation
244,322,D:\whitevision\data\raw\test\Heavy_Equipment_3471_jpg.rf.5390470651990b3d3ed063d365595f69.jpg,grader,D:\whitevision\data\crops\grader\244_annot322_grader.jpg,112,158,359,256,640,640,train
245,323,D:\whitevision\data\raw\test\M_M_image22_jpeg.rf.4f61882041ea1ac0cf92f855761e8269.jpg,mixer_truck,D:\whitevision\data\crops\mixer_truck\245_annot323_mixer_truck.jpg,0,70,613,542,640,640,validation
245,324,D:\whitevision\data\raw\test\M_M_image22_jpeg.rf.4f61882041ea1ac0cf92f855761e8269.jpg,mixer_truck,D:\whitevision\data\crops\mixer_truck\245_annot324_mixer_truck.jpg,529,228,111,247,640,640,validation
245,325,D:\whitevision\data\raw\test\M_M_image22_jpeg.rf.4f61882041ea1ac0cf92f855761e8269.jpg,mixer_truck,D:\whitevision\data\crops\mixer_truck\245_annot325_mixer_truck.jpg,0,235,64,216,640,640,validation
246,326,D:\whitevision\data\raw\test\Heavy_Equipment_1558_jpg.rf.4e801b41ea9db272501eed78c3515546.jpg,excavator,D:\whitevision\data\crops\excavator\246_annot326_excavator.jpg,234,312,182,178,640,640,train
247,327,D:\whitevision\data\raw\test\Heavy_Equipment_5496_jpg.rf.56af15591aaae7dae5342001edee5fe8.jpg,roller,D:\whitevision\data\crops\roller\247_annot327_roller.jpg,217,23,199,349,640,640,validation
248,328,D:\whitevision\data\raw\test\Heavy_Equipment_5719_jpg.rf.525d5ccc460c62a124f9cac39d81d787.jpg,roller,D:\whitevision\data\crops\roller\248_annot328_roller.jpg,17,0,623,446,640,640,test
249,329,D:\whitevision\data\raw\test\M_S_images53_jpg.rf.4dba0652e3bca4c99f04bc8c8f4a374c.jpg,mixer_truck,D:\whitevision\data\crops\mixer_truck\249_annot329_mixer_truck.jpg,41,138,594,475,640,640,train
250,330,D:\whitevision\data\raw\test\Heavy_Equipment_2869_jpg.rf.554d4400103f6509c2c1cc95f430e06c.jpg,excavator,D:\whitevision\data\crops\excavator\250_annot330_excavator.jpg,94,0,438,612,640,640,train
251,331,D:\whitevision\data\raw\test\M_M_71NAO-GblDL_jpg.rf.51705a2c4b8e07bb0e2bcfd790ffb336.jpg,mixer_truck,D:\whitevision\data\crops\mixer_truck\251_annot331_mixer_truck.jpg,22,121,609,399,640,640,train
252,332,D:\whitevision\data\raw\test\M_M_maxresdefault3_jpg.rf.56f9508efbfe28728b877f38010f0cef.jpg,mixer_truck,D:\whitevision\data\crops\mixer_truck\252_annot332_mixer_truck.jpg,0,5,640,515,640,640,test
255,333,D:\whitevision\data\raw\test\Heavy_Equipment_5134_jpg.rf.5583f9925163ae11b329c4bfaa30489e.jpg,grader,D:\whitevision\data\crops\grader\255_annot333_grader.jpg,50,49,454,591,640,640,test
256,334,D:\whitevision\data\raw\test\Heavy_Equipment_6192_jpg.rf.5250a533185455cb510ac075449dd5af.jpg,roller,D:\whitevision\data\crops\roller\256_annot334_roller.jpg,163,17,374,446,640,640,train
257,335,D:\whitevision\data\raw\test\Heavy_Equipment_4031_jpg.rf.57136855ab923ab2dd22eb23982b250f.jpg,grader,D:\whitevision\data\crops\grader\257_annot335_grader.jpg,73,149,548,399,640,640,train
258,336,D:\whitevision\data\raw\test\Heavy_Equipment_6319_jpg.rf.538dbdbf99be5c935674bdd8f9002727.jpg,bulldozer,D:\whitevision\data\crops\bulldozer\258_annot336_bulldozer.jpg,13,54,619,491,640,640,train
259,337,D:\whitevision\data\raw\test\Heavy_Equipment_5621_jpg.rf.507cb2690ee34addb4e677b5d4b18e1b.jpg,roller,D:\whitevision\data\crops\roller\259_annot337_roller.jpg,129,0,336,461,640,640,validation
260,338,D:\whitevision\data\raw\test\Heavy_Equipment_969_jpg.rf.578522e6bf715c4824bce2fdcbeab791.jpg,excavator,D:\whitevision\data\crops\excavator\260_annot338_excavator.jpg,174,63,105,112,640,640,test
260,339,D:\whitevision\data\raw\test\Heavy_Equipment_969_jpg.rf.578522e6bf715c4824bce2fdcbeab791.jpg,bulldozer,D:\whitevision\data\crops\bulldozer\260_annot339_bulldozer.jpg,167,137,409,391,640,640,test
261,340,D:\whitevision\data\raw\test\Heavy_Equipment_5071_jpg.rf.53e48fbfff91b485ed481f387971c26f.jpg,bulldozer,D:\whitevision\data\crops\bulldozer\261_annot340_bulldozer.jpg,0,104,616,448,640,640,train
262,341,D:\whitevision\data\raw\test\Heavy_Equipment_2947_jpg.rf.58db518aa62fdec0cbd4149ce3291a22.jpg,mobile_crane,D:\whitevision\data\crops\mobile_crane\262_annot341_mobile_crane.jpg,341,214,116,118,640,640,validation
263,342,D:\whitevision\data\raw\test\Heavy_Equipment_518_jpg.rf.58d11a5246794b35025faf8e16e7381c.jpg,dump_truck,D:\whitevision\data\crops\dump_truck\263_annot342_dump_truck.jpg,4,202,338,314,640,640,train
263,343,D:\whitevision\data\raw\test\Heavy_Equipment_518_jpg.rf.58d11a5246794b35025faf8e16e7381c.jpg,excavator,D:\whitevision\data\crops\excavator\263_annot343_excavator.jpg,146,139,357,347,640,640,train
264,344,D:\whitevision\data\raw\test\Heavy_Equipment_988_jpg.rf.586966e1afaa556e46c11351af6f32af.jpg,grader,D:\whitevision\data\crops\grader\264_annot344_grader.jpg,0,34,599,565,640,640,train
265,345,D:\whitevision\data\raw\test\Heavy_Equipment_5583_jpg.rf.58c44cfa262997986e79788b6d4a354e.jpg,roller,D:\whitevision\data\crops\roller\265_annot345_roller.jpg,148,33,374,332,640,640,train
266,346,D:\whitevision\data\raw\test\M_M_images114_jpg.rf.5989ae33513ad40846300a913d1b6497.jpg,mixer_truck,D:\whitevision\data\crops\mixer_truck\266_annot346_mixer_truck.jpg,0,27,626,597,640,640,train
267,347,D:\whitevision\data\raw\test\Heavy_Equipment_2720_jpg.rf.585edab6183ff98b5eebf41692acaa63.jpg,loader,D:\whitevision\data\crops\loader\267_annot347_loader.jpg,101,58,366,469,640,640,train
268,348,D:\whitevision\data\raw\test\Heavy_Equipment_2989_jpg.rf.599826f6fc5b60d525b7599344e499ce.jpg,bulldozer,D:\whitevision\data\crops\bulldozer\268_annot348_bulldozer.jpg,0,0,640,638,640,640,train
269,349,D:\whitevision\data\raw\test\Heavy_Equipment_2975_jpg.rf.5b11e177facb9bc20dd4a7b1ed295baa.jpg,bulldozer,D:\whitevision\data\crops\bulldozer\269_annot349_bulldozer.jpg,33,79,572,499,640,640,train
270,350,D:\whitevision\data\raw\test\Heavy_Equipment_3703_jpg.rf.5ad298f2efb6372d297367ee7b066df7.jpg,grader,D:\whitevision\data\crops\grader\270_annot350_grader.jpg,0,0,640,640,640,640,train
271,351,D:\whitevision\data\raw\test\Heavy_Equipment_663_jpg.rf.5d18017c09a3e850da8c69eefd69e72d.jpg,loader,D:\whitevision\data\crops\loader\271_annot351_loader.jpg,0,23,397,549,640,640,validation
271,352,D:\whitevision\data\raw\test\Heavy_Equipment_663_jpg.rf.5d18017c09a3e850da8c69eefd69e72d.jpg,dump_truck,D:\whitevision\data\crops\dump_truck\271_annot352_dump_truck.jpg,380,230,260,296,640,640,validation
273,353,D:\whitevision\data\raw\test\Heavy_Equipment_1064_jpg.rf.5aa862bc13aff0928e923b9d7e4f5b8f.jpg,mobile_crane,D:\whitevision\data\crops\mobile_crane\273_annot353_mobile_crane.jpg,421,0,207,480,640,640,train
273,354,D:\whitevision\data\raw\test\Heavy_Equipment_1064_jpg.rf.5aa862bc13aff0928e923b9d7e4f5b8f.jpg,mobile_crane,D:\whitevision\data\crops\mobile_crane\273_annot354_mobile_crane.jpg,244,131,218,369,640,640,train
274,355,D:\whitevision\data\raw\test\Heavy_Equipment_4697_jpg.rf.5d4973293c2ff687e63e3392e0c4c5c7.jpg,bulldozer,D:\whitevision\data\crops\bulldozer\274_annot355_bulldozer.jpg,86,82,494,466,640,640,test
276,356,D:\whitevision\data\raw\test\M_S_images86_jpg.rf.5ca8d2ea43065c60dc47b5b1252df74e.jpg,mixer_truck,D:\whitevision\data\crops\mixer_truck\276_annot356_mixer_truck.jpg,21,175,412,373,640,640,train
277,357,D:\whitevision\data\raw\test\Heavy_Equipment_1948_jpg.rf.5f0eb061cf6c2d1542dfbb3236590efb.jpg,excavator,D:\whitevision\data\crops\excavator\277_annot357_excavator.jpg,0,307,357,261,640,640,train
277,358,D:\whitevision\data\raw\test\Heavy_Equipment_1948_jpg.rf.5f0eb061cf6c2d1542dfbb3236590efb.jpg,dump_truck,D:\whitevision\data\crops\dump_truck\277_annot358_dump_truck.jpg,506,390,134,129,640,640,train
277,359,D:\whitevision\data\raw\test\Heavy_Equipment_1948_jpg.rf.5f0eb061cf6c2d1542dfbb3236590efb.jpg,loader,D:\whitevision\data\crops\loader\277_annot359_loader.jpg,165,458,83,89,640,640,train
278,360,D:\whitevision\data\raw\test\M_B_images9_jpg.rf.5d8d4bc687ba95600941acb90c32053c.jpg,mixer_truck,D:\whitevision\data\crops\mixer_truck\278_annot360_mixer_truck.jpg,0,58,640,580,640,640,train
279,361,D:\whitevision\data\raw\test\Heavy_Equipment_1664_jpg.rf.5fa6ec7d932d54beba9a8fc5d6af47ae.jpg,loader,D:\whitevision\data\crops\loader\279_annot361_loader.jpg,269,146,133,188,640,640,train
279,362,D:\whitevision\data\raw\test\Heavy_Equipment_1664_jpg.rf.5fa6ec7d932d54beba9a8fc5d6af47ae.jpg,dump_truck,D:\whitevision\data\crops\dump_truck\279_annot362_dump_truck.jpg,381,168,85,90,640,640,train
279,363,D:\whitevision\data\raw\test\Heavy_Equipment_1664_jpg.rf.5fa6ec7d932d54beba9a8fc5d6af47ae.jpg,dump_truck,D:\whitevision\data\crops\dump_truck\279_annot363_dump_truck.jpg,460,165,25,43,640,640,train
279,364,D:\whitevision\data\raw\test\Heavy_Equipment_1664_jpg.rf.5fa6ec7d932d54beba9a8fc5d6af47ae.jpg,dump_truck,D:\whitevision\data\crops\dump_truck\279_annot364_dump_truck.jpg,485,161,22,32,640,640,train
279,365,D:\whitevision\data\raw\test\Heavy_Equipment_1664_jpg.rf.5fa6ec7d932d54beba9a8fc5d6af47ae.jpg,dump_truck,D:\whitevision\data\crops\dump_truck\279_annot365_dump_truck.jpg,497,155,116,91,640,640,train
279,366,D:\whitevision\data\raw\test\Heavy_Equipment_1664_jpg.rf.5fa6ec7d932d54beba9a8fc5d6af47ae.jpg,mobile_crane,D:\whitevision\data\crops\mobile_crane\279_annot366_mobile_crane.jpg,458,72,48,100,640,640,train
280,367,D:\whitevision\data\raw\test\Heavy_Equipment_2702_jpg.rf.5fda41732b5a478a50c390eb160555f0.jpg,excavator,D:\whitevision\data\crops\excavator\280_annot367_excavator.jpg,0,0,520,555,640,640,train
280,368,D:\whitevision\data\raw\test\Heavy_Equipment_2702_jpg.rf.5fda41732b5a478a50c390eb160555f0.jpg,dump_truck,D:\whitevision\data\crops\dump_truck\280_annot368_dump_truck.jpg,137,186,110,90,640,640,train
280,369,D:\whitevision\data\raw\test\Heavy_Equipment_2702_jpg.rf.5fda41732b5a478a50c390eb160555f0.jpg,dump_truck,D:\whitevision\data\crops\dump_truck\280_annot369_dump_truck.jpg,442,196,104,130,640,640,train
280,370,D:\whitevision\data\raw\test\Heavy_Equipment_2702_jpg.rf.5fda41732b5a478a50c390eb160555f0.jpg,dump_truck,D:\whitevision\data\crops\dump_truck\280_annot370_dump_truck.jpg,289,251,160,289,640,640,train
282,371,D:\whitevision\data\raw\test\Heavy_Equipment_2034_jpg.rf.5e2b53e0fe7f884107013ab55e2dd1e5.jpg,mobile_crane,D:\whitevision\data\crops\mobile_crane\282_annot371_mobile_crane.jpg,240,111,141,501,640,640,train
283,372,D:\whitevision\data\raw\test\Heavy_Equipment_1893_jpg.rf.62418ab58a47ef3a6b439cbc6cdf31a0.jpg,mobile_crane,D:\whitevision\data\crops\mobile_crane\283_annot372_mobile_crane.jpg,190,561,63,79,640,640,train
283,373,D:\whitevision\data\raw\test\Heavy_Equipment_1893_jpg.rf.62418ab58a47ef3a6b439cbc6cdf31a0.jpg,mobile_crane,D:\whitevision\data\crops\mobile_crane\283_annot373_mobile_crane.jpg,184,433,83,52,640,640,train
283,374,D:\whitevision\data\raw\test\Heavy_Equipment_1893_jpg.rf.62418ab58a47ef3a6b439cbc6cdf31a0.jpg,mobile_crane,D:\whitevision\data\crops\mobile_crane\283_annot374_mobile_crane.jpg,178,286,75,49,640,640,train
283,375,D:\whitevision\data\raw\test\Heavy_Equipment_1893_jpg.rf.62418ab58a47ef3a6b439cbc6cdf31a0.jpg,mobile_crane,D:\whitevision\data\crops\mobile_crane\283_annot375_mobile_crane.jpg,170,97,71,102,640,640,train
283,376,D:\whitevision\data\raw\test\Heavy_Equipment_1893_jpg.rf.62418ab58a47ef3a6b439cbc6cdf31a0.jpg,mobile_crane,D:\whitevision\data\crops\mobile_crane\283_annot376_mobile_crane.jpg,163,0,57,57,640,640,train
284,377,D:\whitevision\data\raw\test\Heavy_Equipment_452_jpg.rf.615878c7c5de6858f06f53fb7e1c3dc0.jpg,mobile_crane,D:\whitevision\data\crops\mobile_crane\284_annot377_mobile_crane.jpg,329,22,134,618,640,640,test
286,378,D:\whitevision\data\raw\test\Heavy_Equipment_3382_jpg.rf.5cc639a283c59f7046913e66998b1367.jpg,grader,D:\whitevision\data\crops\grader\286_annot378_grader.jpg,0,0,640,640,640,640,train
287,379,D:\whitevision\data\raw\test\Heavy_Equipment_2955_jpg.rf.5b69f8b1662e6455f7a10b5e8e87888e.jpg,excavator,D:\whitevision\data\crops\excavator\287_annot379_excavator.jpg,0,41,353,566,640,640,test
288,380,D:\whitevision\data\raw\test\Heavy_Equipment_1680_jpg.rf.5ae6432c3db860244a29e3da5ff2044a.jpg,excavator,D:\whitevision\data\crops\excavator\288_annot380_excavator.jpg,66,52,200,333,640,640,train
288,381,D:\whitevision\data\raw\test\Heavy_Equipment_1680_jpg.rf.5ae6432c3db860244a29e3da5ff2044a.jpg,dump_truck,D:\whitevision\data\crops\dump_truck\288_annot381_dump_truck.jpg,58,202,91,148,640,640,train
288,382,D:\whitevision\data\raw\test\Heavy_Equipment_1680_jpg.rf.5ae6432c3db860244a29e3da5ff2044a.jpg,excavator,D:\whitevision\data\crops\excavator\288_annot382_excavator.jpg,333,148,256,244,640,640,train
288,383,D:\whitevision\data\raw\test\Heavy_Equipment_1680_jpg.rf.5ae6432c3db860244a29e3da5ff2044a.jpg,dump_truck,D:\whitevision\data\crops\dump_truck\288_annot383_dump_truck.jpg,308,115,36,63,640,640,train
288,385,D:\whitevision\data\raw\test\Heavy_Equipment_1680_jpg.rf.5ae6432c3db860244a29e3da5ff2044a.jpg,dump_truck,D:\whitevision\data\crops\dump_truck\288_annot385_dump_truck.jpg,323,77,17,16,640,640,train
288,386,D:\whitevision\data\raw\test\Heavy_Equipment_1680_jpg.rf.5ae6432c3db860244a29e3da5ff2044a.jpg,dump_truck,D:\whitevision\data\crops\dump_truck\288_annot386_dump_truck.jpg,564,45,61,63,640,640,train
289,387,D:\whitevision\data\raw\test\Heavy_Equipment_1816_jpg.rf.617521a03b6afd0499a7b19e6bff71cd.jpg,excavator,D:\whitevision\data\crops\excavator\289_annot387_excavator.jpg,76,382,168,64,640,640,train
290,388,D:\whitevision\data\raw\test\Heavy_Equipment_5263_jpg.rf.62538e51997e057aea88f2658b6eaa7b.jpg,roller,D:\whitevision\data\crops\roller\290_annot388_roller.jpg,208,76,196,323,640,640,train
291,389,D:\whitevision\data\raw\test\Heavy_Equipment_4006_jpg.rf.63003cd0a11d9138858d4cdee81c7469.jpg,grader,D:\whitevision\data\crops\grader\291_annot389_grader.jpg,42,55,552,402,640,640,validation
293,390,D:\whitevision\data\raw\test\Heavy_Equipment_1779_jpg.rf.62f104a966ac6eacdc2c263ee5652483.jpg,mobile_crane,D:\whitevision\data\crops\mobile_crane\293_annot390_mobile_crane.jpg,309,0,331,624,640,640,test
294,391,D:\whitevision\data\raw\test\Heavy_Equipment_3282_jpg.rf.63625cd8e7f126145160c0d084740e29.jpg,grader,D:\whitevision\data\crops\grader\294_annot391_grader.jpg,22,122,618,447,640,640,train
296,392,D:\whitevision\data\raw\test\Heavy_Equipment_1372_jpg.rf.661851f80d309a45e06dd09c1a9c4ded.jpg,dump_truck,D:\whitevision\data\crops\dump_truck\296_annot392_dump_truck.jpg,473,287,167,353,640,640,train
296,393,D:\whitevision\data\raw\test\Heavy_Equipment_1372_jpg.rf.661851f80d309a45e06dd09c1a9c4ded.jpg,excavator,D:\whitevision\data\crops\excavator\296_annot393_excavator.jpg,36,0,577,489,640,640,train
297,394,D:\whitevision\data\raw\test\Heavy_Equipment_5017_jpg.rf.6491218c33b8abceee9f2e61635d9a70.jpg,bulldozer,D:\whitevision\data\crops\bulldozer\297_annot394_bulldozer.jpg,0,186,334,350,640,640,train
297,395,D:\whitevision\data\raw\test\Heavy_Equipment_5017_jpg.rf.6491218c33b8abceee9f2e61635d9a70.jpg,grader,D:\whitevision\data\crops\grader\297_annot395_grader.jpg,407,239,233,276,640,640,train
298,396,D:\whitevision\data\raw\test\Heavy_Equipment_5929_jpg.rf.66df8d9f04ecb4e4407bc2ac193c145a.jpg,roller,D:\whitevision\data\crops\roller\298_annot396_roller.jpg,160,74,266,332,640,640,train
299,397,D:\whitevision\data\raw\test\M_M_images25_jpg.rf.63d02079559785d8690aad3f9b21d67a.jpg,mixer_truck,D:\whitevision\data\crops\mixer_truck\299_annot397_mixer_truck.jpg,38,32,565,556,640,640,validation
300,398,D:\whitevision\data\raw\test\Heavy_Equipment_1173_jpg.rf.66d90b6705383e4adfa42bcf34776084.jpg,excavator,D:\whitevision\data\crops\excavator\300_annot398_excavator.jpg,447,70,132,113,640,640,validation
301,399,D:\whitevision\data\raw\test\Heavy_Equipment_4743_jpg.rf.64d995db7d8a37b8e0c5a045950a4dce.jpg,bulldozer,D:\whitevision\data\crops\bulldozer\301_annot399_bulldozer.jpg,0,131,640,435,640,640,train
302,400,D:\whitevision\data\raw\test\Heavy_Equipment_5076_jpg.rf.6740ff3d1fa7a7f832441b852c296672.jpg,grader,D:\whitevision\data\crops\grader\302_annot400_grader.jpg,0,134,640,367,640,640,validation
303,401,D:\whitevision\data\raw\test\Heavy_Equipment_4616_jpg.rf.663bcdeeaff9cfac2d2775f5830a7f4f.jpg,bulldozer,D:\whitevision\data\crops\bulldozer\303_annot401_bulldozer.jpg,157,200,327,359,640,640,validation
306,402,D:\whitevision\data\raw\test\Heavy_Equipment_5335_jpg.rf.679dc03465e98365731f38ff9011657e.jpg,roller,D:\whitevision\data\crops\roller\306_annot402_roller.jpg,0,0,640,460,640,640,train
307,403,D:\whitevision\data\raw\test\Heavy_Equipment_1462_jpg.rf.6818a900811c81742982dbe76d8b3fb9.jpg,excavator,D:\whitevision\data\crops\excavator\307_annot403_excavator.jpg,140,72,305,328,640,640,train
308,404,D:\whitevision\data\raw\test\Heavy_Equipment_3092_jpg.rf.6744ca607e07544e2cfb1f267d9ce21d.jpg,grader,D:\whitevision\data\crops\grader\308_annot404_grader.jpg,8,15,632,625,640,640,train
309,405,D:\whitevision\data\raw\test\Heavy_Equipment_3111_jpg.rf.6880c1bdf3dad1ba0f383755736eb22d.jpg,grader,D:\whitevision\data\crops\grader\309_annot405_grader.jpg,0,117,640,367,640,640,validation
310,406,D:\whitevision\data\raw\test\Heavy_Equipment_5531_jpg.rf.6809e7a0b6b908a036eb9bf3f342c86e.jpg,roller,D:\whitevision\data\crops\roller\310_annot406_roller.jpg,196,0,348,640,640,640,train
311,407,D:\whitevision\data\raw\test\Heavy_Equipment_1934_jpg.rf.65b8611e909c41484cfcb6f81e1d4622.jpg,excavator,D:\whitevision\data\crops\excavator\311_annot407_excavator.jpg,0,0,635,559,640,640,train
312,408,D:\whitevision\data\raw\test\Heavy_Equipment_3863_jpg.rf.675a2f2b587edd8e15eb1fe3715ff1f1.jpg,grader,D:\whitevision\data\crops\grader\312_annot408_grader.jpg,22,88,591,538,640,640,train
313,409,D:\whitevision\data\raw\test\M_M_images85_jpg.rf.6729b5459c6976be20081d0918f3a283.jpg,mixer_truck,D:\whitevision\data\crops\mixer_truck\313_annot409_mixer_truck.jpg,20,84,620,502,640,640,train
315,410,D:\whitevision\data\raw\test\Heavy_Equipment_372_jpg.rf.69380a4f8af878bc5174e956b5ce98eb.jpg,mobile_crane,D:\whitevision\data\crops\mobile_crane\315_annot410_mobile_crane.jpg,251,95,168,346,640,640,train
316,411,D:\whitevision\data\raw\test\Heavy_Equipment_5265_jpg.rf.68a0b142134fe5b38bb6e351dd1bfbae.jpg,roller,D:\whitevision\data\crops\roller\316_annot411_roller.jpg,230,52,252,292,640,640,train
317,412,D:\whitevision\data\raw\test\Heavy_Equipment_535_jpg.rf.69020e00c09f4ae50503d96e18eb80d7.jpg,excavator,D:\whitevision\data\crops\excavator\317_annot412_excavator.jpg,156,0,311,601,640,640,train
317,413,D:\whitevision\data\raw\test\Heavy_Equipment_535_jpg.rf.69020e00c09f4ae50503d96e18eb80d7.jpg,dump_truck,D:\whitevision\data\crops\dump_truck\317_annot413_dump_truck.jpg,0,289,177,236,640,640,train
318,414,D:\whitevision\data\raw\test\Heavy_Equipment_2802_jpg.rf.68e522022a2d21dc17e383c303cde4b3.jpg,excavator,D:\whitevision\data\crops\excavator\318_annot414_excavator.jpg,570,225,70,162,640,640,test
319,415,D:\whitevision\data\raw\test\Heavy_Equipment_2698_jpg.rf.69e54db423b319600a0155cd0134db59.jpg,mobile_crane,D:\whitevision\data\crops\mobile_crane\319_annot415_mobile_crane.jpg,41,0,543,601,640,640,train
320,416,D:\whitevision\data\raw\test\Heavy_Equipment_392_jpg.rf.6b0dfd5d751cc14e2b1322a3aa247400.jpg,excavator,D:\whitevision\data\crops\excavator\320_annot416_excavator.jpg,106,0,478,570,640,640,test
320,417,D:\whitevision\data\raw\test\Heavy_Equipment_392_jpg.rf.6b0dfd5d751cc14e2b1322a3aa247400.jpg,dump_truck,D:\whitevision\data\crops\dump_truck\320_annot417_dump_truck.jpg,517,75,58,113,640,640,test
320,418,D:\whitevision\data\raw\test\Heavy_Equipment_392_jpg.rf.6b0dfd5d751cc14e2b1322a3aa247400.jpg,dump_truck,D:\whitevision\data\crops\dump_truck\320_annot418_dump_truck.jpg,449,217,94,288,640,640,test
320,420,D:\whitevision\data\raw\test\Heavy_Equipment_392_jpg.rf.6b0dfd5d751cc14e2b1322a3aa247400.jpg,dump_truck,D:\whitevision\data\crops\dump_truck\320_annot420_dump_truck.jpg,425,53,82,105,640,640,test
321,421,D:\whitevision\data\raw\test\M_H_mixer-truck-design-extended-wheel-base-original_jpg.rf.6984bdeb7b28442b84ab3be1cf29afba.jpg,mixer_truck,D:\whitevision\data\crops\mixer_truck\321_annot421_mixer_truck.jpg,166,128,320,241,640,640,train
323,422,D:\whitevision\data\raw\test\Heavy_Equipment_4460_jpg.rf.6af5b34e986b4e46f803f3b938f8ff79.jpg,bulldozer,D:\whitevision\data\crops\bulldozer\323_annot422_bulldozer.jpg,156,60,458,514,640,640,validation
324,423,D:\whitevision\data\raw\test\Heavy_Equipment_48_jpg.rf.6cc893a1596c85d2fda631cdeae28969.jpg,bulldozer,D:\whitevision\data\crops\bulldozer\324_annot423_bulldozer.jpg,0,116,640,469,640,640,train
325,424,D:\whitevision\data\raw\test\Heavy_Equipment_4659_jpg.rf.6d829dcae8e29261dfc376230fe12b68.jpg,bulldozer,D:\whitevision\data\crops\bulldozer\325_annot424_bulldozer.jpg,0,86,640,410,640,640,train
326,425,D:\whitevision\data\raw\test\Heavy_Equipment_3711_jpg.rf.6b52da8e69a8eaedb859bef5ba036100.jpg,grader,D:\whitevision\data\crops\grader\326_annot425_grader.jpg,0,13,640,627,640,640,train
327,426,D:\whitevision\data\raw\test\Heavy_Equipment_4531_jpg.rf.6d761fe16ba953e25c887a0aceb1ea1b.jpg,bulldozer,D:\whitevision\data\crops\bulldozer\327_annot426_bulldozer.jpg,114,0,526,478,640,640,train
328,427,D:\whitevision\data\raw\test\Heavy_Equipment_1119_jpg.rf.6f498bd2076aa28ca085bedd0077e666.jpg,loader,D:\whitevision\data\crops\loader\328_annot427_loader.jpg,128,183,460,347,640,640,test
328,428,D:\whitevision\data\raw\test\Heavy_Equipment_1119_jpg.rf.6f498bd2076aa28ca085bedd0077e666.jpg,dump_truck,D:\whitevision\data\crops\dump_truck\328_annot428_dump_truck.jpg,584,346,56,93,640,640,test
329,429,D:\whitevision\data\raw\test\Heavy_Equipment_4972_jpg.rf.6dd5e78971633fae1bd2c20720c13f7e.jpg,grader,D:\whitevision\data\crops\grader\329_annot429_grader.jpg,0,46,632,554,640,640,train
331,430,D:\whitevision\data\raw\test\Heavy_Equipment_361_jpg.rf.70d5b9bd38528bf8d50758f2e8aba31e.jpg,excavator,D:\whitevision\data\crops\excavator\331_annot430_excavator.jpg,0,8,187,281,640,640,train
332,431,D:\whitevision\data\raw\test\Heavy_Equipment_2996_jpg.rf.6a7b8948ed04bab6d4203dd9c1bc2620.jpg,bulldozer,D:\whitevision\data\crops\bulldozer\332_annot431_bulldozer.jpg,0,35,640,584,640,640,train
333,432,D:\whitevision\data\raw\test\Heavy_Equipment_3298_jpg.rf.71181cadd136b7bf205c843a0adfecf2.jpg,bulldozer,D:\whitevision\data\crops\bulldozer\333_annot432_bulldozer.jpg,134,143,425,450,640,640,train
334,433,D:\whitevision\data\raw\test\Heavy_Equipment_4966_jpg.rf.6cc2fda227c711c2a4ecfa05f782d4b1.jpg,bulldozer,D:\whitevision\data\crops\bulldozer\334_annot433_bulldozer.jpg,87,147,546,404,640,640,train
335,434,D:\whitevision\data\raw\test\Heavy_Equipment_1968_jpg.rf.6f17ef65ab4cf1a4cdf69b2a9bc66dc6.jpg,dump_truck,D:\whitevision\data\crops\dump_truck\335_annot434_dump_truck.jpg,56,245,442,250,640,640,train
335,435,D:\whitevision\data\raw\test\Heavy_Equipment_1968_jpg.rf.6f17ef65ab4cf1a4cdf69b2a9bc66dc6.jpg,dump_truck,D:\whitevision\data\crops\dump_truck\335_annot435_dump_truck.jpg,557,76,83,249,640,640,train
335,436,D:\whitevision\data\raw\test\Heavy_Equipment_1968_jpg.rf.6f17ef65ab4cf1a4cdf69b2a9bc66dc6.jpg,loader,D:\whitevision\data\crops\loader\335_annot436_loader.jpg,379,44,159,188,640,640,train
336,437,D:\whitevision\data\raw\test\Heavy_Equipment_4001_jpg.rf.6ec42848c6b3b438950e6909e5e4e8b0.jpg,grader,D:\whitevision\data\crops\grader\336_annot437_grader.jpg,10,132,594,419,640,640,train
337,438,D:\whitevision\data\raw\test\Heavy_Equipment_3108_jpg.rf.6eb099044241640871640b6d2038fcf3.jpg,bulldozer,D:\whitevision\data\crops\bulldozer\337_annot438_bulldozer.jpg,0,0,511,627,640,640,train
338,439,D:\whitevision\data\raw\test\Heavy_Equipment_2772_jpg.rf.70f122335796b24d95f38b71aeac511e.jpg,mobile_crane,D:\whitevision\data\crops\mobile_crane\338_annot439_mobile_crane.jpg,182,315,387,159,640,640,train
339,440,D:\whitevision\data\raw\test\Heavy_Equipment_4598_jpg.rf.6f37883b0f6203720a0f84a3acde5bee.jpg,grader,D:\whitevision\data\crops\grader\339_annot440_grader.jpg,10,0,630,640,640,640,train
340,441,D:\whitevision\data\raw\test\Heavy_Equipment_3339_jpg.rf.705ba65cffbf49a16fed102e2e5a2e06.jpg,grader,D:\whitevision\data\crops\grader\340_annot441_grader.jpg,10,67,597,548,640,640,validation
341,442,D:\whitevision\data\raw\test\Heavy_Equipment_6022_jpg.rf.7087776ad49b27bcd45ab87003fa3d8b.jpg,roller,D:\whitevision\data\crops\roller\341_annot442_roller.jpg,208,107,265,310,640,640,train
342,443,D:\whitevision\data\raw\test\Heavy_Equipment_1429_jpg.rf.6f60e91e96f266436e183f8dcf9561e8.jpg,excavator,D:\whitevision\data\crops\excavator\342_annot443_excavator.jpg,70,0,344,376,640,640,validation
342,444,D:\whitevision\data\raw\test\Heavy_Equipment_1429_jpg.rf.6f60e91e96f266436e183f8dcf9561e8.jpg,dump_truck,D:\whitevision\data\crops\dump_truck\342_annot444_dump_truck.jpg,282,177,215,196,640,640,validation
343,445,D:\whitevision\data\raw\test\Heavy_Equipment_3880_jpg.rf.6fae467bd2853b441f6ca70c25bbe7d4.jpg,grader,D:\whitevision\data\crops\grader\343_annot445_grader.jpg,0,133,640,458,640,640,train
344,446,D:\whitevision\data\raw\test\Heavy_Equipment_5756_jpg.rf.6d92b3d1c5f9fa1a58cf18c172266448.jpg,roller,D:\whitevision\data\crops\roller\344_annot446_roller.jpg,172,86,247,327,640,640,train
347,447,D:\whitevision\data\raw\test\Heavy_Equipment_1585_jpg.rf.714362422e30922b541fca16b0fd90b6.jpg,loader,D:\whitevision\data\crops\loader\347_annot447_loader.jpg,82,191,454,449,640,640,train
347,448,D:\whitevision\data\raw\test\Heavy_Equipment_1585_jpg.rf.714362422e30922b541fca16b0fd90b6.jpg,dump_truck,D:\whitevision\data\crops\dump_truck\347_annot448_dump_truck.jpg,245,0,289,421,640,640,train
348,449,D:\whitevision\data\raw\test\Heavy_Equipment_4881_jpg.rf.73b39ee446d38253c42801d57181b4c7.jpg,bulldozer,D:\whitevision\data\crops\bulldozer\348_annot449_bulldozer.jpg,0,13,640,600,640,640,train
349,450,D:\whitevision\data\raw\test\Heavy_Equipment_265_jpg.rf.738ad61d843c8abf4d0a1c7149e395e6.jpg,loader,D:\whitevision\data\crops\loader\349_annot450_loader.jpg,125,144,364,337,640,640,train
349,451,D:\whitevision\data\raw\test\Heavy_Equipment_265_jpg.rf.738ad61d843c8abf4d0a1c7149e395e6.jpg,excavator,D:\whitevision\data\crops\excavator\349_annot451_excavator.jpg,249,0,140,151,640,640,train
351,452,D:\whitevision\data\raw\test\Heavy_Equipment_1949_jpg.rf.72cc89515cf653f7a05e71dd6891a39f.jpg,excavator,D:\whitevision\data\crops\excavator\351_annot452_excavator.jpg,91,0,383,640,640,640,train
351,453,D:\whitevision\data\raw\test\Heavy_Equipment_1949_jpg.rf.72cc89515cf653f7a05e71dd6891a39f.jpg,dump_truck,D:\whitevision\data\crops\dump_truck\351_annot453_dump_truck.jpg,445,144,116,149,640,640,train
351,454,D:\whitevision\data\raw\test\Heavy_Equipment_1949_jpg.rf.72cc89515cf653f7a05e71dd6891a39f.jpg,dump_truck,D:\whitevision\data\crops\dump_truck\351_annot454_dump_truck.jpg,369,128,112,90,640,640,train
351,455,D:\whitevision\data\raw\test\Heavy_Equipment_1949_jpg.rf.72cc89515cf653f7a05e71dd6891a39f.jpg,dump_truck,D:\whitevision\data\crops\dump_truck\351_annot455_dump_truck.jpg,551,162,89,391,640,640,train
351,456,D:\whitevision\data\raw\test\Heavy_Equipment_1949_jpg.rf.72cc89515cf653f7a05e71dd6891a39f.jpg,excavator,D:\whitevision\data\crops\excavator\351_annot456_excavator.jpg,8,0,135,258,640,640,train
351,457,D:\whitevision\data\raw\test\Heavy_Equipment_1949_jpg.rf.72cc89515cf653f7a05e71dd6891a39f.jpg,dump_truck,D:\whitevision\data\crops\dump_truck\351_annot457_dump_truck.jpg,211,127,27,105,640,640,train
352,458,D:\whitevision\data\raw\test\Heavy_Equipment_1364_jpg.rf.74cc698acb76d374bf324e7cc79d6e1c.jpg,excavator,D:\whitevision\data\crops\excavator\352_annot458_excavator.jpg,3,0,637,640,640,640,validation
353,459,D:\whitevision\data\raw\test\Heavy_Equipment_5707_jpg.rf.736ac9034cd5fa82a82f0a51a8604e97.jpg,roller,D:\whitevision\data\crops\roller\353_annot459_roller.jpg,172,0,265,425,640,640,test
354,460,D:\whitevision\data\raw\test\Heavy_Equipment_4518_jpg.rf.7343b5c555394e69dd957d448b163176.jpg,bulldozer,D:\whitevision\data\crops\bulldozer\354_annot460_bulldozer.jpg,0,0,640,640,640,640,train
355,461,D:\whitevision\data\raw\test\Heavy_Equipment_3147_jpg.rf.73fcf8f07b7dbe19a5514f4c955f9feb.jpg,bulldozer,D:\whitevision\data\crops\bulldozer\355_annot461_bulldozer.jpg,75,132,543,459,640,640,train
356,462,D:\whitevision\data\raw\test\Heavy_Equipment_1039_jpg.rf.7611edd301616351054421b87f300f7a.jpg,mobile_crane,D:\whitevision\data\crops\mobile_crane\356_annot462_mobile_crane.jpg,92,74,531,475,640,640,validation
357,463,D:\whitevision\data\raw\test\Heavy_Equipment_582_jpg.rf.7346c3d1c7d90f0767aa29f8ac8c5b84.jpg,dump_truck,D:\whitevision\data\crops\dump_truck\357_annot463_dump_truck.jpg,350,288,290,178,640,640,validation
357,464,D:\whitevision\data\raw\test\Heavy_Equipment_582_jpg.rf.7346c3d1c7d90f0767aa29f8ac8c5b84.jpg,loader,D:\whitevision\data\crops\loader\357_annot464_loader.jpg,208,320,206,208,640,640,validation
358,465,D:\whitevision\data\raw\test\Heavy_Equipment_150_jpg.rf.770bc405244b7e43aab677d0ff674a7d.jpg,loader,D:\whitevision\data\crops\loader\358_annot465_loader.jpg,219,160,245,188,640,640,test
358,466,D:\whitevision\data\raw\test\Heavy_Equipment_150_jpg.rf.770bc405244b7e43aab677d0ff674a7d.jpg,dump_truck,D:\whitevision\data\crops\dump_truck\358_annot466_dump_truck.jpg,129,192,211,155,640,640,test
359,467,D:\whitevision\data\raw\test\Heavy_Equipment_943_jpg.rf.7674cdd6ddab148fe3d7ca97c347f7ea.jpg,loader,D:\whitevision\data\crops\loader\359_annot467_loader.jpg,221,153,218,296,640,640,train
359,468,D:\whitevision\data\raw\test\Heavy_Equipment_943_jpg.rf.7674cdd6ddab148fe3d7ca97c347f7ea.jpg,dump_truck,D:\whitevision\data\crops\dump_truck\359_annot468_dump_truck.jpg,595,11,45,60,640,640,train
360,469,D:\whitevision\data\raw\test\Heavy_Equipment_1619_jpg.rf.73c802d66d92dad0cb2ef90efa7bb7b8.jpg,dump_truck,D:\whitevision\data\crops\dump_truck\360_annot469_dump_truck.jpg,389,309,116,225,640,640,train
360,470,D:\whitevision\data\raw\test\Heavy_Equipment_1619_jpg.rf.73c802d66d92dad0cb2ef90efa7bb7b8.jpg,dump_truck,D:\whitevision\data\crops\dump_truck\360_annot470_dump_truck.jpg,384,288,93,72,640,640,train
360,471,D:\whitevision\data\raw\test\Heavy_Equipment_1619_jpg.rf.73c802d66d92dad0cb2ef90efa7bb7b8.jpg,dump_truck,D:\whitevision\data\crops\dump_truck\360_annot471_dump_truck.jpg,328,283,93,71,640,640,train
360,472,D:\whitevision\data\raw\test\Heavy_Equipment_1619_jpg.rf.73c802d66d92dad0cb2ef90efa7bb7b8.jpg,dump_truck,D:\whitevision\data\crops\dump_truck\360_annot472_dump_truck.jpg,277,293,47,57,640,640,train
360,473,D:\whitevision\data\raw\test\Heavy_Equipment_1619_jpg.rf.73c802d66d92dad0cb2ef90efa7bb7b8.jpg,dump_truck,D:\whitevision\data\crops\dump_truck\360_annot473_dump_truck.jpg,85,206,49,71,640,640,train
360,474,D:\whitevision\data\raw\test\Heavy_Equipment_1619_jpg.rf.73c802d66d92dad0cb2ef90efa7bb7b8.jpg,dump_truck,D:\whitevision\data\crops\dump_truck\360_annot474_dump_truck.jpg,102,225,85,82,640,640,train
360,475,D:\whitevision\data\raw\test\Heavy_Equipment_1619_jpg.rf.73c802d66d92dad0cb2ef90efa7bb7b8.jpg,excavator,D:\whitevision\data\crops\excavator\360_annot475_excavator.jpg,141,66,250,377,640,640,train
361,476,D:\whitevision\data\raw\test\Heavy_Equipment_422_jpg.rf.73df05d07ef26a4dde9c3f16bfe65309.jpg,mobile_crane,D:\whitevision\data\crops\mobile_crane\361_annot476_mobile_crane.jpg,0,0,531,512,640,640,train
362,477,D:\whitevision\data\raw\test\Heavy_Equipment_1500_jpg.rf.781b3fdff83fdffd9a2cf2ffc6a3bd61.jpg,loader,D:\whitevision\data\crops\loader\362_annot477_loader.jpg,173,148,343,314,640,640,validation
362,478,D:\whitevision\data\raw\test\Heavy_Equipment_1500_jpg.rf.781b3fdff83fdffd9a2cf2ffc6a3bd61.jpg,dump_truck,D:\whitevision\data\crops\dump_truck\362_annot478_dump_truck.jpg,29,242,289,225,640,640,validation
363,479,D:\whitevision\data\raw\test\Heavy_Equipment_5748_jpg.rf.779724d208f2a2ada25cd24c36d0ad99.jpg,roller,D:\whitevision\data\crops\roller\363_annot479_roller.jpg,123,0,439,463,640,640,test
364,480,D:\whitevision\data\raw\test\Heavy_Equipment_1474_jpg.rf.79302b127458097aeaa8b13cfee398a9.jpg,mobile_crane,D:\whitevision\data\crops\mobile_crane\364_annot480_mobile_crane.jpg,36,449,39,191,640,640,train
364,481,D:\whitevision\data\raw\test\Heavy_Equipment_1474_jpg.rf.79302b127458097aeaa8b13cfee398a9.jpg,mobile_crane,D:\whitevision\data\crops\mobile_crane\364_annot481_mobile_crane.jpg,372,0,225,579,640,640,train
365,482,D:\whitevision\data\raw\test\Heavy_Equipment_3009_jpg.rf.74a90ddb06e109ae6a2cbbe9ba328b90.jpg,grader,D:\whitevision\data\crops\grader\365_annot482_grader.jpg,1,86,587,510,640,640,train
366,483,D:\whitevision\data\raw\test\Heavy_Equipment_3185_jpg.rf.7816de7bab3682fb527db0bbf8eaa5a2.jpg,grader,D:\whitevision\data\crops\grader\366_annot483_grader.jpg,118,142,487,436,640,640,test
367,484,D:\whitevision\data\raw\test\Heavy_Equipment_4641_jpg.rf.79e87e1fe6e1e02ed020ae4fdd1fd15c.jpg,grader,D:\whitevision\data\crops\grader\367_annot484_grader.jpg,6,48,634,443,640,640,test
368,485,D:\whitevision\data\raw\test\Heavy_Equipment_1713_jpg.rf.7666d788c27f539ee3397fe948401b1f.jpg,excavator,D:\whitevision\data\crops\excavator\368_annot485_excavator.jpg,58,0,475,540,640,640,train
368,486,D:\whitevision\data\raw\test\Heavy_Equipment_1713_jpg.rf.7666d788c27f539ee3397fe948401b1f.jpg,excavator,D:\whitevision\data\crops\excavator\368_annot486_excavator.jpg,473,0,91,144,640,640,train
368,487,D:\whitevision\data\raw\test\Heavy_Equipment_1713_jpg.rf.7666d788c27f539ee3397fe948401b1f.jpg,dump_truck,D:\whitevision\data\crops\dump_truck\368_annot487_dump_truck.jpg,121,559,383,81,640,640,train
369,488,D:\whitevision\data\raw\test\M_D_10684432_jpg.rf.7b17eff15d44b750a2459c0110c9a8af.jpg,mixer_truck,D:\whitevision\data\crops\mixer_truck\369_annot488_mixer_truck.jpg,22,81,603,426,640,640,train
370,489,D:\whitevision\data\raw\test\Heavy_Equipment_3544_jpg.rf.7ac064ff4ddf58e9c8d85472f07a82fb.jpg,dump_truck,D:\whitevision\data\crops\dump_truck\370_annot489_dump_truck.jpg,38,195,467,228,640,640,test
372,490,D:\whitevision\data\raw\test\Heavy_Equipment_5163_jpg.rf.7b860a1d7bd4dd5cae31adfadf8ffbcd.jpg,bulldozer,D:\whitevision\data\crops\bulldozer\372_annot490_bulldozer.jpg,26,65,607,488,640,640,train
373,491,D:\whitevision\data\raw\test\Heavy_Equipment_3242_jpg.rf.7853c02ec67c9ad1b715b9c89d3d80c6.jpg,bulldozer,D:\whitevision\data\crops\bulldozer\373_annot491_bulldozer.jpg,56,42,485,534,640,640,validation
374,492,D:\whitevision\data\raw\test\Heavy_Equipment_1279_jpg.rf.7861e1862ac3f208cd9a3779f2070ae4.jpg,dump_truck,D:\whitevision\data\crops\dump_truck\374_annot492_dump_truck.jpg,0,0,503,640,640,640,test
375,493,D:\whitevision\data\raw\test\Heavy_Equipment_4629_jpg.rf.7be923cb52a20d4af2bf7577068f0bbf.jpg,bulldozer,D:\whitevision\data\crops\bulldozer\375_annot493_bulldozer.jpg,77,34,360,606,640,640,test
376,494,D:\whitevision\data\raw\test\Heavy_Equipment_2095_jpg.rf.7be93bda00a388a4a25cfb7660bce9c5.jpg,excavator,D:\whitevision\data\crops\excavator\376_annot494_excavator.jpg,0,25,603,597,640,640,train
377,495,D:\whitevision\data\raw\test\Heavy_Equipment_4364_jpg.rf.7c56783f07ce439b945430041fab5b27.jpg,bulldozer,D:\whitevision\data\crops\bulldozer\377_annot495_bulldozer.jpg,14,35,626,605,640,640,validation
378,496,D:\whitevision\data\raw\test\Heavy_Equipment_5654_jpg.rf.7c1f033af3cb6e09224aeb96d0f60849.jpg,roller,D:\whitevision\data\crops\roller\378_annot496_roller.jpg,157,0,335,420,640,640,validation
379,497,D:\whitevision\data\raw\test\Heavy_Equipment_5358_jpg.rf.7e0c215f9944398264692d8280538d05.jpg,roller,D:\whitevision\data\crops\roller\379_annot497_roller.jpg,127,38,325,374,640,640,test
381,498,D:\whitevision\data\raw\test\Heavy_Equipment_855_jpg.rf.7e1c3a4ac06a197d5afdf4740211d8ab.jpg,excavator,D:\whitevision\data\crops\excavator\381_annot498_excavator.jpg,32,0,608,547,640,640,train
382,499,D:\whitevision\data\raw\test\Heavy_Equipment_5280_jpg.rf.7ecb2fec2c807bbed68bcd6db49bf86a.jpg,roller,D:\whitevision\data\crops\roller\382_annot499_roller.jpg,207,190,202,194,640,640,validation
383,500,D:\whitevision\data\raw\test\Heavy_Equipment_5208_jpg.rf.7f0eb592af2ab70d7b8e732f877fb57c.jpg,bulldozer,D:\whitevision\data\crops\bulldozer\383_annot500_bulldozer.jpg,0,0,640,610,640,640,train
384,501,D:\whitevision\data\raw\test\Heavy_Equipment_632_jpg.rf.81b99c217f47e79f6e7fa3acf77154a4.jpg,mobile_crane,D:\whitevision\data\crops\mobile_crane\384_annot501_mobile_crane.jpg,0,52,596,454,640,640,train
385,502,D:\whitevision\data\raw\test\Heavy_Equipment_3176_jpg.rf.8282408950f19c1f851c8aac57b8a88b.jpg,bulldozer,D:\whitevision\data\crops\bulldozer\385_annot502_bulldozer.jpg,0,0,640,640,640,640,train
386,503,D:\whitevision\data\raw\test\Heavy_Equipment_1181_jpg.rf.7ff57ebde3047ca4977a78f93dd7d6c4.jpg,dump_truck,D:\whitevision\data\crops\dump_truck\386_annot503_dump_truck.jpg,283,62,89,138,640,640,train
386,504,D:\whitevision\data\raw\test\Heavy_Equipment_1181_jpg.rf.7ff57ebde3047ca4977a78f93dd7d6c4.jpg,dump_truck,D:\whitevision\data\crops\dump_truck\386_annot504_dump_truck.jpg,316,251,175,247,640,640,train
386,505,D:\whitevision\data\raw\test\Heavy_Equipment_1181_jpg.rf.7ff57ebde3047ca4977a78f93dd7d6c4.jpg,loader,D:\whitevision\data\crops\loader\386_annot505_loader.jpg,219,213,212,219,640,640,train
387,506,D:\whitevision\data\raw\test\Heavy_Equipment_2007_jpg.rf.80cf05a75b1b03f7e3ab71533fe6db3a.jpg,loader,D:\whitevision\data\crops\loader\387_annot506_loader.jpg,122,255,164,225,640,640,train
387,507,D:\whitevision\data\raw\test\Heavy_Equipment_2007_jpg.rf.80cf05a75b1b03f7e3ab71533fe6db3a.jpg,dump_truck,D:\whitevision\data\crops\dump_truck\387_annot507_dump_truck.jpg,354,333,184,191,640,640,train
388,508,D:\whitevision\data\raw\test\Heavy_Equipment_3738_jpg.rf.81ea7dad9977d909b826642dfe9aead3.jpg,grader,D:\whitevision\data\crops\grader\388_annot508_grader.jpg,140,85,442,548,640,640,train
389,509,D:\whitevision\data\raw\test\Heavy_Equipment_1752_jpg.rf.80d8c0b6ab14bc990647e5d3223cdd61.jpg,dump_truck,D:\whitevision\data\crops\dump_truck\389_annot509_dump_truck.jpg,94,79,295,259,640,640,train
389,510,D:\whitevision\data\raw\test\Heavy_Equipment_1752_jpg.rf.80d8c0b6ab14bc990647e5d3223cdd61.jpg,excavator,D:\whitevision\data\crops\excavator\389_annot510_excavator.jpg,143,0,328,640,640,640,train
392,511,D:\whitevision\data\raw\test\Heavy_Equipment_3165_jpg.rf.80402395db383077c3304c87a4c6b0cc.jpg,grader,D:\whitevision\data\crops\grader\392_annot511_grader.jpg,0,121,529,492,640,640,train
393,512,D:\whitevision\data\raw\test\Heavy_Equipment_4472_jpg.rf.7fab4f2a698e27d24c2294300a238528.jpg,grader,D:\whitevision\data\crops\grader\393_annot512_grader.jpg,0,87,618,469,640,640,train
394,513,D:\whitevision\data\raw\test\Heavy_Equipment_6105_jpg.rf.82ba44c4bc10a7506bcaf0de79e87d9b.jpg,roller,D:\whitevision\data\crops\roller\394_annot513_roller.jpg,197,116,265,228,640,640,test
395,514,D:\whitevision\data\raw\test\Heavy_Equipment_6195_jpg.rf.816c7ea03df03f46bdd62860fda980e0.jpg,roller,D:\whitevision\data\crops\roller\395_annot514_roller.jpg,18,0,491,488,640,640,train
396,515,D:\whitevision\data\raw\test\Heavy_Equipment_3403_jpg.rf.825f2f28ec80a2ae441f0c1c20babbcd.jpg,bulldozer,D:\whitevision\data\crops\bulldozer\396_annot515_bulldozer.jpg,0,0,613,640,640,640,train
397,516,D:\whitevision\data\raw\test\Heavy_Equipment_3259_jpg.rf.811feb199dccef1eb459b241f78cd09b.jpg,grader,D:\whitevision\data\crops\grader\397_annot516_grader.jpg,16,98,609,459,640,640,train
398,517,D:\whitevision\data\raw\test\Heavy_Equipment_3253_jpg.rf.7ee387dc4a2c839eb639c1e22900be87.jpg,grader,D:\whitevision\data\crops\grader\398_annot517_grader.jpg,0,59,640,480,640,640,train
399,518,D:\whitevision\data\raw\test\M_B_SHACMAN-X3000-Mixer-Truck-6x4_jpg.rf.8144c1087955d908be67b4e3ad84c349.jpg,mixer_truck,D:\whitevision\data\crops\mixer_truck\399_annot518_mixer_truck.jpg,0,60,584,577,640,640,train
399,519,D:\whitevision\data\raw\test\M_B_SHACMAN-X3000-Mixer-Truck-6x4_jpg.rf.8144c1087955d908be67b4e3ad84c349.jpg,mixer_truck,D:\whitevision\data\crops\mixer_truck\399_annot519_mixer_truck.jpg,449,188,191,353,640,640,train
400,520,D:\whitevision\data\raw\test\M_H_images20_jpg.rf.83a50b85f7f06b36eb7702ae3576028d.jpg,mixer_truck,D:\whitevision\data\crops\mixer_truck\400_annot520_mixer_truck.jpg,81,164,536,346,640,640,train
401,521,D:\whitevision\data\raw\test\Heavy_Equipment_3465_jpg.rf.824796eb93bdacf9a0f544d7491eaf2e.jpg,grader,D:\whitevision\data\crops\grader\401_annot521_grader.jpg,0,103,640,458,640,640,train
402,522,D:\whitevision\data\raw\test\Heavy_Equipment_2726_jpg.rf.85c251f7fffcaf5b8cc9f8f1c7784533.jpg,excavator,D:\whitevision\data\crops\excavator\402_annot522_excavator.jpg,248,105,255,412,640,640,validation
403,523,D:\whitevision\data\raw\test\Heavy_Equipment_4964_jpg.rf.844fdb01eced97e0a22e3f384ee131fe.jpg,bulldozer,D:\whitevision\data\crops\bulldozer\403_annot523_bulldozer.jpg,50,25,527,581,640,640,validation
404,524,D:\whitevision\data\raw\test\Heavy_Equipment_4857_jpg.rf.81c5d6c2886fb1d2c7ba7b668980cfb6.jpg,bulldozer,D:\whitevision\data\crops\bulldozer\404_annot524_bulldozer.jpg,84,97,556,432,640,640,train
405,525,D:\whitevision\data\raw\test\Heavy_Equipment_5338_jpg.rf.84704e5e22f83c9288f73dd345119d50.jpg,roller,D:\whitevision\data\crops\roller\405_annot525_roller.jpg,233,103,158,274,640,640,train
406,526,D:\whitevision\data\raw\test\Heavy_Equipment_3250_jpg.rf.8695014e73f3f2ec2b15a1e0e83032b0.jpg,bulldozer,D:\whitevision\data\crops\bulldozer\406_annot526_bulldozer.jpg,3,74,635,528,640,640,validation
407,527,D:\whitevision\data\raw\test\Heavy_Equipment_4855_jpg.rf.85f9cd9b6c75d9c74ef3f8af17f96e24.jpg,bulldozer,D:\whitevision\data\crops\bulldozer\407_annot527_bulldozer.jpg,108,77,423,414,640,640,train
408,528,D:\whitevision\data\raw\test\M_M_sddefault_jpg.rf.8778de325ce8c9cd1eca04af875e25ed.jpg,mixer_truck,D:\whitevision\data\crops\mixer_truck\408_annot528_mixer_truck.jpg,44,115,596,462,640,640,train
409,529,D:\whitevision\data\raw\test\Heavy_Equipment_592_jpg.rf.88ac85c0c955da12ca98d4e9cf50c88d.jpg,excavator,D:\whitevision\data\crops\excavator\409_annot529_excavator.jpg,0,270,161,83,640,640,test
410,530,D:\whitevision\data\raw\test\Heavy_Equipment_627_jpg.rf.893557bc84ae4b60f8bf7802ee0043c7.jpg,excavator,D:\whitevision\data\crops\excavator\410_annot530_excavator.jpg,90,62,343,379,640,640,train
410,531,D:\whitevision\data\raw\test\Heavy_Equipment_627_jpg.rf.893557bc84ae4b60f8bf7802ee0043c7.jpg,dump_truck,D:\whitevision\data\crops\dump_truck\410_annot531_dump_truck.jpg,81,382,215,211,640,640,train
411,532,D:\whitevision\data\raw\test\Heavy_Equipment_3890_jpg.rf.8a8f3f8bf74e8ed3e533de912919c3bf.jpg,grader,D:\whitevision\data\crops\grader\411_annot532_grader.jpg,141,167,470,313,640,640,validation
412,533,D:\whitevision\data\raw\test\Heavy_Equipment_2641_jpg.rf.8b8fff9fa79b485f78fcf2a7ac2e3b26.jpg,mobile_crane,D:\whitevision\data\crops\mobile_crane\412_annot533_mobile_crane.jpg,44,258,244,278,640,640,train
414,534,D:\whitevision\data\raw\test\Heavy_Equipment_2471_jpg.rf.890a33ac37c699c80b71fdd1127fe950.jpg,excavator,D:\whitevision\data\crops\excavator\414_annot534_excavator.jpg,204,201,205,245,640,640,train
414,535,D:\whitevision\data\raw\test\Heavy_Equipment_2471_jpg.rf.890a33ac37c699c80b71fdd1127fe950.jpg,excavator,D:\whitevision\data\crops\excavator\414_annot535_excavator.jpg,501,140,139,299,640,640,train
414,536,D:\whitevision\data\raw\test\Heavy_Equipment_2471_jpg.rf.890a33ac37c699c80b71fdd1127fe950.jpg,loader,D:\whitevision\data\crops\loader\414_annot536_loader.jpg,0,346,158,115,640,640,train
415,537,D:\whitevision\data\raw\test\Heavy_Equipment_197_jpg.rf.8967f87fa061156bdde9ad1fc28f1af4.jpg,mobile_crane,D:\whitevision\data\crops\mobile_crane\415_annot537_mobile_crane.jpg,64,0,555,583,640,640,train
416,538,D:\whitevision\data\raw\test\M_B_7352215_jpg.rf.8b9266e4bde9260dd212c244f539b157.jpg,mixer_truck,D:\whitevision\data\crops\mixer_truck\416_annot538_mixer_truck.jpg,0,58,640,582,640,640,train
417,539,D:\whitevision\data\raw\test\Heavy_Equipment_3003_jpg.rf.867a17192c551ac9756210c090c45e6c.jpg,bulldozer,D:\whitevision\data\crops\bulldozer\417_annot539_bulldozer.jpg,25,0,590,637,640,640,train
418,540,D:\whitevision\data\raw\test\Heavy_Equipment_27_jpg.rf.8aadbba8f117bb9654f90533c8ace39c.jpg,grader,D:\whitevision\data\crops\grader\418_annot540_grader.jpg,0,57,640,500,640,640,train
420,541,D:\whitevision\data\raw\test\Heavy_Equipment_4211_jpg.rf.8abd61dde2e2a0d1f221e56f66e0e4c9.jpg,bulldozer,D:\whitevision\data\crops\bulldozer\420_annot541_bulldozer.jpg,80,38,508,600,640,640,train
421,542,D:\whitevision\data\raw\test\Heavy_Equipment_3784_jpg.rf.8866b7e3afcb634d5386eafcf37fe91d.jpg,grader,D:\whitevision\data\crops\grader\421_annot542_grader.jpg,0,0,640,502,640,640,validation
422,543,D:\whitevision\data\raw\test\Heavy_Equipment_5959_jpg.rf.8a9d929b2770fcd92a121ccd82f974f8.jpg,roller,D:\whitevision\data\crops\roller\422_annot543_roller.jpg,0,0,588,402,640,640,train
423,544,D:\whitevision\data\raw\test\Heavy_Equipment_2227_jpg.rf.8cdaa602ded3955a2d44ba1bad0359f1.jpg,loader,D:\whitevision\data\crops\loader\423_annot544_loader.jpg,0,0,505,640,640,640,train
423,545,D:\whitevision\data\raw\test\Heavy_Equipment_2227_jpg.rf.8cdaa602ded3955a2d44ba1bad0359f1.jpg,dump_truck,D:\whitevision\data\crops\dump_truck\423_annot545_dump_truck.jpg,0,102,271,230,640,640,train
424,546,D:\whitevision\data\raw\test\M_M_ENTMIXER-IMER-9-M3-58-000-KM-1653477638849729416_big-22052514165518853000_jpg.rf.8b8df10108d451ca3d33661b0fde3b6e.jpg,mixer_truck,D:\whitevision\data\crops\mixer_truck\424_annot546_mixer_truck.jpg,80,223,560,417,640,640,train
425,547,D:\whitevision\data\raw\test\Heavy_Equipment_2245_jpg.rf.8a7515b3404af9e2b92dc7b3b2212e01.jpg,mobile_crane,D:\whitevision\data\crops\mobile_crane\425_annot547_mobile_crane.jpg,429,0,211,561,640,640,train
425,548,D:\whitevision\data\raw\test\Heavy_Equipment_2245_jpg.rf.8a7515b3404af9e2b92dc7b3b2212e01.jpg,mobile_crane,D:\whitevision\data\crops\mobile_crane\425_annot548_mobile_crane.jpg,162,145,212,346,640,640,train
426,549,D:\whitevision\data\raw\test\Heavy_Equipment_176_jpg.rf.8e35b95ea2af0cc9e192465cf41f8a3e.jpg,excavator,D:\whitevision\data\crops\excavator\426_annot549_excavator.jpg,166,242,148,145,640,640,validation
427,550,D:\whitevision\data\raw\test\Heavy_Equipment_6074_jpg.rf.8d07f4d5581bf193886a69703d4fe8bb.jpg,roller,D:\whitevision\data\crops\roller\427_annot550_roller.jpg,254,152,124,280,640,640,train
428,551,D:\whitevision\data\raw\test\Heavy_Equipment_3071_jpg.rf.8be4d88b5d1e570e955c5def4466628d.jpg,grader,D:\whitevision\data\crops\grader\428_annot551_grader.jpg,32,82,607,519,640,640,train
429,552,D:\whitevision\data\raw\test\Heavy_Equipment_5868_jpg.rf.8ee602078da747df80c854d13294b2fc.jpg,roller,D:\whitevision\data\crops\roller\429_annot552_roller.jpg,124,53,356,330,640,640,train
430,553,D:\whitevision\data\raw\test\Heavy_Equipment_1490_jpg.rf.8dda483015e8f9399cb667e479066309.jpg,excavator,D:\whitevision\data\crops\excavator\430_annot553_excavator.jpg,110,0,313,510,640,640,train
430,554,D:\whitevision\data\raw\test\Heavy_Equipment_1490_jpg.rf.8dda483015e8f9399cb667e479066309.jpg,dump_truck,D:\whitevision\data\crops\dump_truck\430_annot554_dump_truck.jpg,464,183,176,283,640,640,train
430,555,D:\whitevision\data\raw\test\Heavy_Equipment_1490_jpg.rf.8dda483015e8f9399cb667e479066309.jpg,dump_truck,D:\whitevision\data\crops\dump_truck\430_annot555_dump_truck.jpg,273,150,170,137,640,640,train
431,556,D:\whitevision\data\raw\test\Heavy_Equipment_2168_jpg.rf.8bbd4b4abcaec207a96fad0afc2c10bf.jpg,excavator,D:\whitevision\data\crops\excavator\431_annot556_excavator.jpg,0,0,640,622,640,640,train
432,557,D:\whitevision\data\raw\test\M_D_image16_jpeg.rf.8ef7dea351a28a48af9e32108ea03cc1.jpg,mixer_truck,D:\whitevision\data\crops\mixer_truck\432_annot557_mixer_truck.jpg,154,89,446,522,640,640,train
433,558,D:\whitevision\data\raw\test\Heavy_Equipment_4049_jpg.rf.8f700c8b58a7b227941f0ae8f96272c4.jpg,grader,D:\whitevision\data\crops\grader\433_annot558_grader.jpg,64,169,520,434,640,640,train
434,559,D:\whitevision\data\raw\test\Heavy_Equipment_39_jpg.rf.8e9fb5c0243000ece1be6568e942223b.jpg,mobile_crane,D:\whitevision\data\crops\mobile_crane\434_annot559_mobile_crane.jpg,150,173,348,457,640,640,validation
434,560,D:\whitevision\data\raw\test\Heavy_Equipment_39_jpg.rf.8e9fb5c0243000ece1be6568e942223b.jpg,mobile_crane,D:\whitevision\data\crops\mobile_crane\434_annot560_mobile_crane.jpg,280,1,249,489,640,640,validation
435,561,D:\whitevision\data\raw\test\Heavy_Equipment_6096_jpg.rf.904d4f1b6845ae3876eaa24e7abbef9a.jpg,roller,D:\whitevision\data\crops\roller\435_annot561_roller.jpg,233,85,235,389,640,640,validation
436,562,D:\whitevision\data\raw\test\Heavy_Equipment_2042_jpg.rf.90748cdfee5e1cff3cb925af18c94d73.jpg,loader,D:\whitevision\data\crops\loader\436_annot562_loader.jpg,0,380,58,61,640,640,train
436,563,D:\whitevision\data\raw\test\Heavy_Equipment_2042_jpg.rf.90748cdfee5e1cff3cb925af18c94d73.jpg,loader,D:\whitevision\data\crops\loader\436_annot563_loader.jpg,20,337,273,303,640,640,train
436,564,D:\whitevision\data\raw\test\Heavy_Equipment_2042_jpg.rf.90748cdfee5e1cff3cb925af18c94d73.jpg,dump_truck,D:\whitevision\data\crops\dump_truck\436_annot564_dump_truck.jpg,267,371,141,258,640,640,train
437,565,D:\whitevision\data\raw\test\M_H_Hyundai-Nanjun-6m3-concrete-mixer-truck_jpg.rf.8e0feed227d72c214233fd41fe11de71.jpg,mixer_truck,D:\whitevision\data\crops\mixer_truck\437_annot565_mixer_truck.jpg,0,78,621,431,640,640,train
438,566,D:\whitevision\data\raw\test\Heavy_Equipment_1136_jpg.rf.919caf7a94472d2e7d9b07cc0eef676d.jpg,mobile_crane,D:\whitevision\data\crops\mobile_crane\438_annot566_mobile_crane.jpg,0,0,510,640,640,640,validation
439,567,D:\whitevision\data\raw\test\Heavy_Equipment_6016_jpg.rf.928dc8eff417a182a1bb4334e9d62ba8.jpg,roller,D:\whitevision\data\crops\roller\439_annot567_roller.jpg,190,150,241,256,640,640,test
440,568,D:\whitevision\data\raw\test\Heavy_Equipment_2890_jpg.rf.90f214a120c67de61d15bc38f363f6f8.jpg,dump_truck,D:\whitevision\data\crops\dump_truck\440_annot568_dump_truck.jpg,25,288,347,204,640,640,train
440,569,D:\whitevision\data\raw\test\Heavy_Equipment_2890_jpg.rf.90f214a120c67de61d15bc38f363f6f8.jpg,excavator,D:\whitevision\data\crops\excavator\440_annot569_excavator.jpg,374,100,222,421,640,640,train
441,570,D:\whitevision\data\raw\test\Heavy_Equipment_681_jpg.rf.90f22ad8567f0f1aa8fbee10871c31c6.jpg,excavator,D:\whitevision\data\crops\excavator\441_annot570_excavator.jpg,48,0,533,566,640,640,train
441,571,D:\whitevision\data\raw\test\Heavy_Equipment_681_jpg.rf.90f22ad8567f0f1aa8fbee10871c31c6.jpg,dump_truck,D:\whitevision\data\crops\dump_truck\441_annot571_dump_truck.jpg,571,188,20,36,640,640,train
441,572,D:\whitevision\data\raw\test\Heavy_Equipment_681_jpg.rf.90f22ad8567f0f1aa8fbee10871c31c6.jpg,dump_truck,D:\whitevision\data\crops\dump_truck\441_annot572_dump_truck.jpg,557,184,17,35,640,640,train
442,573,D:\whitevision\data\raw\test\Heavy_Equipment_606_jpg.rf.9542258babdbee4ce81d712c09bbe0e0.jpg,excavator,D:\whitevision\data\crops\excavator\442_annot573_excavator.jpg,169,120,424,358,640,640,train
442,574,D:\whitevision\data\raw\test\Heavy_Equipment_606_jpg.rf.9542258babdbee4ce81d712c09bbe0e0.jpg,dump_truck,D:\whitevision\data\crops\dump_truck\442_annot574_dump_truck.jpg,47,141,163,167,640,640,train
443,575,D:\whitevision\data\raw\test\Heavy_Equipment_4065_jpg.rf.91781af00675c66e0691e8aff0738fca.jpg,grader,D:\whitevision\data\crops\grader\443_annot575_grader.jpg,4,32,636,569,640,640,train
444,576,D:\whitevision\data\raw\test\Heavy_Equipment_2448_jpg.rf.92b260e2a5e87538ed1d6cbcc9d54981.jpg,loader,D:\whitevision\data\crops\loader\444_annot576_loader.jpg,104,329,35,32,640,640,train
444,577,D:\whitevision\data\raw\test\Heavy_Equipment_2448_jpg.rf.92b260e2a5e87538ed1d6cbcc9d54981.jpg,excavator,D:\whitevision\data\crops\excavator\444_annot577_excavator.jpg,185,0,112,422,640,640,train
444,578,D:\whitevision\data\raw\test\Heavy_Equipment_2448_jpg.rf.92b260e2a5e87538ed1d6cbcc9d54981.jpg,loader,D:\whitevision\data\crops\loader\444_annot578_loader.jpg,329,308,311,332,640,640,train
446,579,D:\whitevision\data\raw\test\Heavy_Equipment_2925_jpg.rf.9293c3d3006cd87bdf9975a0322b6256.jpg,dump_truck,D:\whitevision\data\crops\dump_truck\446_annot579_dump_truck.jpg,302,150,338,490,640,640,train
446,580,D:\whitevision\data\raw\test\Heavy_Equipment_2925_jpg.rf.9293c3d3006cd87bdf9975a0322b6256.jpg,excavator,D:\whitevision\data\crops\excavator\446_annot580_excavator.jpg,111,0,327,428,640,640,train
446,581,D:\whitevision\data\raw\test\Heavy_Equipment_2925_jpg.rf.9293c3d3006cd87bdf9975a0322b6256.jpg,dump_truck,D:\whitevision\data\crops\dump_truck\446_annot581_dump_truck.jpg,405,114,104,148,640,640,train
446,582,D:\whitevision\data\raw\test\Heavy_Equipment_2925_jpg.rf.9293c3d3006cd87bdf9975a0322b6256.jpg,dump_truck,D:\whitevision\data\crops\dump_truck\446_annot582_dump_truck.jpg,589,59,51,104,640,640,train
447,583,D:\whitevision\data\raw\test\Heavy_Equipment_6189_jpg.rf.92446109c77252deed56dbb68290c988.jpg,roller,D:\whitevision\data\crops\roller\447_annot583_roller.jpg,190,99,273,267,640,640,train
448,584,D:\whitevision\data\raw\test\Heavy_Equipment_5309_jpg.rf.97fd3b5f92a4fd41c488e0a307abb60d.jpg,roller,D:\whitevision\data\crops\roller\448_annot584_roller.jpg,210,120,238,270,640,640,train
449,585,D:\whitevision\data\raw\test\M_H_images11_jpg.rf.9742ac676827b5f378595e8b8327e4d9.jpg,mixer_truck,D:\whitevision\data\crops\mixer_truck\449_annot585_mixer_truck.jpg,77,0,460,640,640,640,train
450,586,D:\whitevision\data\raw\test\Heavy_Equipment_393_jpg.rf.95195e13257eb226720f74c547aca026.jpg,loader,D:\whitevision\data\crops\loader\450_annot586_loader.jpg,131,20,310,506,640,640,train
450,587,D:\whitevision\data\raw\test\Heavy_Equipment_393_jpg.rf.95195e13257eb226720f74c547aca026.jpg,dump_truck,D:\whitevision\data\crops\dump_truck\450_annot587_dump_truck.jpg,360,139,105,228,640,640,train
451,588,D:\whitevision\data\raw\test\Heavy_Equipment_5741_jpg.rf.9646b44ef8a95eb6618724d17d04d792.jpg,roller,D:\whitevision\data\crops\roller\451_annot588_roller.jpg,140,131,327,292,640,640,train
452,589,D:\whitevision\data\raw\test\Heavy_Equipment_2753_jpg.rf.919e45e3d7403571963c4abdb6faf69d.jpg,loader,D:\whitevision\data\crops\loader\452_annot589_loader.jpg,128,318,268,321,640,640,train
452,590,D:\whitevision\data\raw\test\Heavy_Equipment_2753_jpg.rf.919e45e3d7403571963c4abdb6faf69d.jpg,excavator,D:\whitevision\data\crops\excavator\452_annot590_excavator.jpg,280,36,360,536,640,640,train
453,591,D:\whitevision\data\raw\test\Heavy_Equipment_1892_jpg.rf.984018129be15d6cb435385a72e9cb8c.jpg,roller,D:\whitevision\data\crops\roller\453_annot591_roller.jpg,238,157,123,270,640,640,train
453,592,D:\whitevision\data\raw\test\Heavy_Equipment_1892_jpg.rf.984018129be15d6cb435385a72e9cb8c.jpg,excavator,D:\whitevision\data\crops\excavator\453_annot592_excavator.jpg,92,199,56,126,640,640,train
453,593,D:\whitevision\data\raw\test\Heavy_Equipment_1892_jpg.rf.984018129be15d6cb435385a72e9cb8c.jpg,excavator,D:\whitevision\data\crops\excavator\453_annot593_excavator.jpg,204,202,59,124,640,640,train
453,594,D:\whitevision\data\raw\test\Heavy_Equipment_1892_jpg.rf.984018129be15d6cb435385a72e9cb8c.jpg,loader,D:\whitevision\data\crops\loader\453_annot594_loader.jpg,420,214,76,100,640,640,train
454,595,D:\whitevision\data\raw\test\M_M_020322091_1648487750543_f9aabc_jpg.rf.996b7eb34296c0d645af95cad3eca95f.jpg,mixer_truck,D:\whitevision\data\crops\mixer_truck\454_annot595_mixer_truck.jpg,0,129,628,442,640,640,test
455,596,D:\whitevision\data\raw\test\Heavy_Equipment_4495_jpg.rf.9951161fc22ae24be32649b96bed9d83.jpg,bulldozer,D:\whitevision\data\crops\bulldozer\455_annot596_bulldozer.jpg,0,61,640,420,640,640,validation
456,597,D:\whitevision\data\raw\test\Heavy_Equipment_600_jpg.rf.990fcfa58034b71fe33ac88b381c6055.jpg,excavator,D:\whitevision\data\crops\excavator\456_annot597_excavator.jpg,66,90,431,338,640,640,train
456,598,D:\whitevision\data\raw\test\Heavy_Equipment_600_jpg.rf.990fcfa58034b71fe33ac88b381c6055.jpg,dump_truck,D:\whitevision\data\crops\dump_truck\456_annot598_dump_truck.jpg,433,328,207,266,640,640,train
457,599,D:\whitevision\data\raw\test\M_M_images14_jpg.rf.9a92153669605abbca3a4305f3b119ed.jpg,mixer_truck,D:\whitevision\data\crops\mixer_truck\457_annot599_mixer_truck.jpg,0,126,630,444,640,640,train
458,600,D:\whitevision\data\raw\test\Heavy_Equipment_5822_jpg.rf.9a4da754ce30e63620254fa920e7caeb.jpg,roller,D:\whitevision\data\crops\roller\458_annot600_roller.jpg,210,25,229,498,640,640,test
459,601,D:\whitevision\data\raw\test\Heavy_Equipment_285_jpg.rf.9b2d7dcfda59c65f213cc1421c8a036e.jpg,excavator,D:\whitevision\data\crops\excavator\459_annot601_excavator.jpg,0,0,318,499,640,640,train
459,602,D:\whitevision\data\raw\test\Heavy_Equipment_285_jpg.rf.9b2d7dcfda59c65f213cc1421c8a036e.jpg,excavator,D:\whitevision\data\crops\excavator\459_annot602_excavator.jpg,298,49,233,277,640,640,train
459,603,D:\whitevision\data\raw\test\Heavy_Equipment_285_jpg.rf.9b2d7dcfda59c65f213cc1421c8a036e.jpg,excavator,D:\whitevision\data\crops\excavator\459_annot603_excavator.jpg,498,77,142,234,640,640,train
460,604,D:\whitevision\data\raw\test\Heavy_Equipment_4057_jpg.rf.9bdd41f0956a3c9fd5676d6fe200c1df.jpg,grader,D:\whitevision\data\crops\grader\460_annot604_grader.jpg,86,231,459,274,640,640,train
461,605,D:\whitevision\data\raw\test\Heavy_Equipment_4724_jpg.rf.9ab85c988cd22f5be63a786fa2813619.jpg,grader,D:\whitevision\data\crops\grader\461_annot605_grader.jpg,16,61,624,579,640,640,train
462,606,D:\whitevision\data\raw\test\Heavy_Equipment_475_jpg.rf.9c5b108b65ea5dd83af8646d7433e26d.jpg,dump_truck,D:\whitevision\data\crops\dump_truck\462_annot606_dump_truck.jpg,40,139,405,262,640,640,train
462,607,D:\whitevision\data\raw\test\Heavy_Equipment_475_jpg.rf.9c5b108b65ea5dd83af8646d7433e26d.jpg,loader,D:\whitevision\data\crops\loader\462_annot607_loader.jpg,367,52,258,395,640,640,train
463,608,D:\whitevision\data\raw\test\Heavy_Equipment_1563_jpg.rf.9f34c667d6de95d8d22cdd9af50b62e7.jpg,loader,D:\whitevision\data\crops\loader\463_annot608_loader.jpg,255,140,327,371,640,640,validation
463,609,D:\whitevision\data\raw\test\Heavy_Equipment_1563_jpg.rf.9f34c667d6de95d8d22cdd9af50b62e7.jpg,dump_truck,D:\whitevision\data\crops\dump_truck\463_annot609_dump_truck.jpg,0,48,251,587,640,640,validation
464,610,D:\whitevision\data\raw\test\Heavy_Equipment_1539_jpg.rf.9eaec5e99a4e252446f4fa26afe7d765.jpg,loader,D:\whitevision\data\crops\loader\464_annot610_loader.jpg,7,219,307,328,640,640,train
464,611,D:\whitevision\data\raw\test\Heavy_Equipment_1539_jpg.rf.9eaec5e99a4e252446f4fa26afe7d765.jpg,dump_truck,D:\whitevision\data\crops\dump_truck\464_annot611_dump_truck.jpg,325,223,284,241,640,640,train
465,612,D:\whitevision\data\raw\test\Heavy_Equipment_2056_jpg.rf.9ceea017f8a5d17c32e75cd925cc164a.jpg,mobile_crane,D:\whitevision\data\crops\mobile_crane\465_annot612_mobile_crane.jpg,71,0,520,580,640,640,validation
466,613,D:\whitevision\data\raw\test\Heavy_Equipment_3452_jpg.rf.9c26119df803bf86b43b2bc04f99dfc2.jpg,bulldozer,D:\whitevision\data\crops\bulldozer\466_annot613_bulldozer.jpg,0,0,640,640,640,640,train
467,614,D:\whitevision\data\raw\test\M_S_maxresdefault3_jpg.rf.9f97b658a1da59e40547e03e35980ba1.jpg,mixer_truck,D:\whitevision\data\crops\mixer_truck\467_annot614_mixer_truck.jpg,47,2,558,638,640,640,train
468,615,D:\whitevision\data\raw\test\Heavy_Equipment_3985_jpg.rf.a1633d13c7eef9d4a4b2684e4dde6acb.jpg,grader,D:\whitevision\data\crops\grader\468_annot615_grader.jpg,0,55,640,533,640,640,train
469,616,D:\whitevision\data\raw\test\Heavy_Equipment_3736_jpg.rf.9ad18bb0484b978af3ea24ade4c3c036.jpg,grader,D:\whitevision\data\crops\grader\469_annot616_grader.jpg,0,0,640,640,640,640,train
470,617,D:\whitevision\data\raw\test\Heavy_Equipment_1198_jpg.rf.9f7532f281f4c74a89300f5f8daf5e0b.jpg,dump_truck,D:\whitevision\data\crops\dump_truck\470_annot617_dump_truck.jpg,94,46,218,271,640,640,train
470,618,D:\whitevision\data\raw\test\Heavy_Equipment_1198_jpg.rf.9f7532f281f4c74a89300f5f8daf5e0b.jpg,loader,D:\whitevision\data\crops\loader\470_annot618_loader.jpg,161,98,337,365,640,640,train
471,619,D:\whitevision\data\raw\test\Heavy_Equipment_581_jpg.rf.a08cd809eaa547f23c7901bb3a5dd632.jpg,mobile_crane,D:\whitevision\data\crops\mobile_crane\471_annot619_mobile_crane.jpg,23,80,617,449,640,640,train
472,620,D:\whitevision\data\raw\test\Heavy_Equipment_2682_jpg.rf.a2711e329157c46b39cc8f9cb943a554.jpg,loader,D:\whitevision\data\crops\loader\472_annot620_loader.jpg,114,143,230,208,640,640,train
472,621,D:\whitevision\data\raw\test\Heavy_Equipment_2682_jpg.rf.a2711e329157c46b39cc8f9cb943a554.jpg,dump_truck,D:\whitevision\data\crops\dump_truck\472_annot621_dump_truck.jpg,292,130,308,203,640,640,train
473,622,D:\whitevision\data\raw\test\Heavy_Equipment_472_jpg.rf.9f1601f3d6631cd05cc8a3eda120c7f6.jpg,grader,D:\whitevision\data\crops\grader\473_annot622_grader.jpg,9,103,620,417,640,640,train
474,623,D:\whitevision\data\raw\test\Heavy_Equipment_4853_jpg.rf.a1e7f5e5c77f114af554bbbc7703a844.jpg,grader,D:\whitevision\data\crops\grader\474_annot623_grader.jpg,9,70,631,535,640,640,train
475,624,D:\whitevision\data\raw\test\Heavy_Equipment_3888_jpg.rf.9cadff49db317bde9595303519951547.jpg,grader,D:\whitevision\data\crops\grader\475_annot624_grader.jpg,0,0,535,564,640,640,train
476,625,D:\whitevision\data\raw\test\M_H_images107_jpg.rf.9afa682ce3dc63b9bad1a80cdf34f6a7.jpg,mixer_truck,D:\whitevision\data\crops\mixer_truck\476_annot625_mixer_truck.jpg,48,11,529,582,640,640,test
477,626,D:\whitevision\data\raw\test\Heavy_Equipment_4219_jpg.rf.9bb7b0442a416788220af78221bfc4b9.jpg,bulldozer,D:\whitevision\data\crops\bulldozer\477_annot626_bulldozer.jpg,93,107,437,436,640,640,validation
478,627,D:\whitevision\data\raw\test\Heavy_Equipment_4110_jpg.rf.a37a8664cb0046c00fe9812f14e3d8ac.jpg,bulldozer,D:\whitevision\data\crops\bulldozer\478_annot627_bulldozer.jpg,14,0,617,640,640,640,validation
479,628,D:\whitevision\data\raw\test\Heavy_Equipment_3081_jpg.rf.a2efe80708d03624850b025b4d0cd004.jpg,grader,D:\whitevision\data\crops\grader\479_annot628_grader.jpg,34,0,587,640,640,640,test
480,629,D:\whitevision\data\raw\test\Heavy_Equipment_3244_jpg.rf.a43e66cc4fc433f3e2bb663b9bb51259.jpg,bulldozer,D:\whitevision\data\crops\bulldozer\480_annot629_bulldozer.jpg,33,15,581,615,640,640,test
481,630,D:\whitevision\data\raw\test\Heavy_Equipment_3724_jpg.rf.a463b4f71f1f75eff582c3a72f7c4f82.jpg,grader,D:\whitevision\data\crops\grader\481_annot630_grader.jpg,9,14,587,612,640,640,train
482,631,D:\whitevision\data\raw\test\Heavy_Equipment_136_jpg.rf.a3e02cc4d8330761b95a53b418c6aef4.jpg,excavator,D:\whitevision\data\crops\excavator\482_annot631_excavator.jpg,267,174,156,336,640,640,test
482,632,D:\whitevision\data\raw\test\Heavy_Equipment_136_jpg.rf.a3e02cc4d8330761b95a53b418c6aef4.jpg,dump_truck,D:\whitevision\data\crops\dump_truck\482_annot632_dump_truck.jpg,401,404,239,236,640,640,test
482,633,D:\whitevision\data\raw\test\Heavy_Equipment_136_jpg.rf.a3e02cc4d8330761b95a53b418c6aef4.jpg,dump_truck,D:\whitevision\data\crops\dump_truck\482_annot633_dump_truck.jpg,389,260,91,72,640,640,test
483,634,D:\whitevision\data\raw\test\Heavy_Equipment_2857_jpg.rf.a19fd0846dd294e051b4b07db0a694c0.jpg,dump_truck,D:\whitevision\data\crops\dump_truck\483_annot634_dump_truck.jpg,29,316,61,64,640,640,validation
483,635,D:\whitevision\data\raw\test\Heavy_Equipment_2857_jpg.rf.a19fd0846dd294e051b4b07db0a694c0.jpg,dump_truck,D:\whitevision\data\crops\dump_truck\483_annot635_dump_truck.jpg,135,284,93,115,640,640,validation
483,636,D:\whitevision\data\raw\test\Heavy_Equipment_2857_jpg.rf.a19fd0846dd294e051b4b07db0a694c0.jpg,excavator,D:\whitevision\data\crops\excavator\483_annot636_excavator.jpg,77,0,390,425,640,640,validation
484,637,D:\whitevision\data\raw\test\Heavy_Equipment_1031_jpg.rf.9f760f32b7ac24bdcae6c4de63bdebe9.jpg,mobile_crane,D:\whitevision\data\crops\mobile_crane\484_annot637_mobile_crane.jpg,130,0,415,640,640,640,validation
485,638,D:\whitevision\data\raw\test\Heavy_Equipment_4776_jpg.rf.a749234bfc0c423f0974e84ef68b9d8c.jpg,bulldozer,D:\whitevision\data\crops\bulldozer\485_annot638_bulldozer.jpg,2,0,638,640,640,640,validation
486,639,D:\whitevision\data\raw\test\Heavy_Equipment_1300_jpg.rf.a4dc41e1554e60eca54ccfc61d8405d6.jpg,excavator,D:\whitevision\data\crops\excavator\486_annot639_excavator.jpg,4,296,225,303,640,640,train
486,640,D:\whitevision\data\raw\test\Heavy_Equipment_1300_jpg.rf.a4dc41e1554e60eca54ccfc61d8405d6.jpg,mobile_crane,D:\whitevision\data\crops\mobile_crane\486_annot640_mobile_crane.jpg,334,0,258,602,640,640,train
487,641,D:\whitevision\data\raw\test\Heavy_Equipment_4416_jpg.rf.a6ce7703abf7b42811246fb4b7d25dd7.jpg,bulldozer,D:\whitevision\data\crops\bulldozer\487_annot641_bulldozer.jpg,4,35,514,494,640,640,test
488,642,D:\whitevision\data\raw\test\Heavy_Equipment_3917_jpg.rf.a7bacb9dd4c9fa6fb677fd4fc6571879.jpg,grader,D:\whitevision\data\crops\grader\488_annot642_grader.jpg,0,40,640,535,640,640,train
489,643,D:\whitevision\data\raw\test\Heavy_Equipment_1320_jpg.rf.a5ec5d822185a64fce3965d7b35bcec1.jpg,loader,D:\whitevision\data\crops\loader\489_annot643_loader.jpg,74,201,371,346,640,640,train
489,644,D:\whitevision\data\raw\test\Heavy_Equipment_1320_jpg.rf.a5ec5d822185a64fce3965d7b35bcec1.jpg,dump_truck,D:\whitevision\data\crops\dump_truck\489_annot644_dump_truck.jpg,310,231,304,345,640,640,train
490,645,D:\whitevision\data\raw\test\Heavy_Equipment_311_jpg.rf.a77ee98f77c0c4e49a46638d847977df.jpg,loader,D:\whitevision\data\crops\loader\490_annot645_loader.jpg,202,190,359,399,640,640,train
490,646,D:\whitevision\data\raw\test\Heavy_Equipment_311_jpg.rf.a77ee98f77c0c4e49a46638d847977df.jpg,dump_truck,D:\whitevision\data\crops\dump_truck\490_annot646_dump_truck.jpg,0,12,136,446,640,640,train
491,647,D:\whitevision\data\raw\test\Heavy_Equipment_4478_jpg.rf.a548ff6150fff485a0aa9a9894bb3f29.jpg,bulldozer,D:\whitevision\data\crops\bulldozer\491_annot647_bulldozer.jpg,0,99,593,449,640,640,train
492,648,D:\whitevision\data\raw\test\M_M_images107_jpg.rf.aa472c69cad08ee5c80ac91cef0441ca.jpg,mixer_truck,D:\whitevision\data\crops\mixer_truck\492_annot648_mixer_truck.jpg,56,65,526,551,640,640,validation
493,649,D:\whitevision\data\raw\test\Heavy_Equipment_1759_jpg.rf.a88202372e671b2449a59324fab5156d.jpg,excavator,D:\whitevision\data\crops\excavator\493_annot649_excavator.jpg,190,0,335,411,640,640,train
495,650,D:\whitevision\data\raw\test\Heavy_Equipment_3479_jpg.rf.a7367758bba086e4948e71610587064c.jpg,grader,D:\whitevision\data\crops\grader\495_annot650_grader.jpg,15,150,625,488,640,640,test
497,651,D:\whitevision\data\raw\test\Heavy_Equipment_6269_jpg.rf.a80af0dbf1b65823c77fdfe1450046f5.jpg,grader,D:\whitevision\data\crops\grader\497_annot651_grader.jpg,32,146,608,389,640,640,train
498,652,D:\whitevision\data\raw\test\Heavy_Equipment_1229_jpg.rf.a5c337b18cc690c8dd309d7d968aa2f4.jpg,dump_truck,D:\whitevision\data\crops\dump_truck\498_annot652_dump_truck.jpg,147,105,248,292,640,640,test
499,653,D:\whitevision\data\raw\test\Heavy_Equipment_3885_jpg.rf.aa5a0afbfad8624dfb76b61b60f07cc7.jpg,grader,D:\whitevision\data\crops\grader\499_annot653_grader.jpg,0,0,640,640,640,640,train
500,654,D:\whitevision\data\raw\test\Heavy_Equipment_470_jpg.rf.a81132381cac0ff1e44f1a4016f1c85a.jpg,excavator,D:\whitevision\data\crops\excavator\500_annot654_excavator.jpg,529,22,47,101,640,640,test
500,655,D:\whitevision\data\raw\test\Heavy_Equipment_470_jpg.rf.a81132381cac0ff1e44f1a4016f1c85a.jpg,excavator,D:\whitevision\data\crops\excavator\500_annot655_excavator.jpg,436,0,79,92,640,640,test
500,656,D:\whitevision\data\raw\test\Heavy_Equipment_470_jpg.rf.a81132381cac0ff1e44f1a4016f1c85a.jpg,excavator,D:\whitevision\data\crops\excavator\500_annot656_excavator.jpg,178,0,330,415,640,640,test
501,657,D:\whitevision\data\raw\test\Heavy_Equipment_642_jpg.rf.a83d5cc631c5a8d18ba48bfa1319549a.jpg,mobile_crane,D:\whitevision\data\crops\mobile_crane\501_annot657_mobile_crane.jpg,249,0,242,621,640,640,train
502,658,D:\whitevision\data\raw\test\Heavy_Equipment_249_jpg.rf.a7d0ff8afee528dfb290fa6f3984dc3b.jpg,mobile_crane,D:\whitevision\data\crops\mobile_crane\502_annot658_mobile_crane.jpg,126,149,383,413,640,640,train
503,659,D:\whitevision\data\raw\test\Heavy_Equipment_3236_jpg.rf.a8c81f2d1513778a3b8127d1ba1c3239.jpg,bulldozer,D:\whitevision\data\crops\bulldozer\503_annot659_bulldozer.jpg,0,94,640,461,640,640,train
504,660,D:\whitevision\data\raw\test\Heavy_Equipment_2598_jpg.rf.ab2175e870339bf8c3b76ea7b41e8a70.jpg,mobile_crane,D:\whitevision\data\crops\mobile_crane\504_annot660_mobile_crane.jpg,248,79,176,401,640,640,validation
505,661,D:\whitevision\data\raw\test\Heavy_Equipment_2874_jpg.rf.a7e69326320a0e61b79d2a7392216f56.jpg,mobile_crane,D:\whitevision\data\crops\mobile_crane\505_annot661_mobile_crane.jpg,0,0,240,292,640,640,train
506,662,D:\whitevision\data\raw\test\Heavy_Equipment_3151_jpg.rf.ab992a03b334cbfa953f3b3a580c71dc.jpg,bulldozer,D:\whitevision\data\crops\bulldozer\506_annot662_bulldozer.jpg,70,0,562,516,640,640,test
508,663,D:\whitevision\data\raw\test\Heavy_Equipment_4962_jpg.rf.aad6c5f4f830e83a5ee18094ac23beb9.jpg,bulldozer,D:\whitevision\data\crops\bulldozer\508_annot663_bulldozer.jpg,0,37,640,589,640,640,train
509,664,D:\whitevision\data\raw\test\Heavy_Equipment_1175_jpg.rf.ab72673521d3705d86d186895f97ecec.jpg,excavator,D:\whitevision\data\crops\excavator\509_annot664_excavator.jpg,0,0,602,640,640,640,train
510,665,D:\whitevision\data\raw\test\Heavy_Equipment_68_jpg.rf.ab9b8570237f2b9b274872749b9b0a84.jpg,bulldozer,D:\whitevision\data\crops\bulldozer\510_annot665_bulldozer.jpg,2,61,636,571,640,640,test
511,666,D:\whitevision\data\raw\test\M_B_ck-MERCEDES-BENZ-Actros-4141-1652793420597141673_big-22051716140380972000_jpg.rf.ac2ad2b5f37c5ee40c8b14eeb89f0278.jpg,mixer_truck,D:\whitevision\data\crops\mixer_truck\511_annot666_mixer_truck.jpg,38,0,593,640,640,640,train
511,667,D:\whitevision\data\raw\test\M_B_ck-MERCEDES-BENZ-Actros-4141-1652793420597141673_big-22051716140380972000_jpg.rf.ac2ad2b5f37c5ee40c8b14eeb89f0278.jpg,mixer_truck,D:\whitevision\data\crops\mixer_truck\511_annot667_mixer_truck.jpg,0,206,87,238,640,640,train
513,668,D:\whitevision\data\raw\test\Heavy_Equipment_3344_jpg.rf.ac30a6cdc1a34a0f50f9d7d5389f2580.jpg,bulldozer,D:\whitevision\data\crops\bulldozer\513_annot668_bulldozer.jpg,41,17,592,588,640,640,train
514,669,D:\whitevision\data\raw\test\Heavy_Equipment_4862_jpg.rf.acef0e824fea56bdf5b21f5bf8b647d2.jpg,bulldozer,D:\whitevision\data\crops\bulldozer\514_annot669_bulldozer.jpg,7,54,628,543,640,640,train
515,670,D:\whitevision\data\raw\test\Heavy_Equipment_2623_jpg.rf.ad2fb65b02ffc36841455a5eb6188434.jpg,excavator,D:\whitevision\data\crops\excavator\515_annot670_excavator.jpg,285,178,322,256,640,640,train
516,671,D:\whitevision\data\raw\test\Heavy_Equipment_1716_jpg.rf.adb60e2c18499486adf0fb9fb77a8ce7.jpg,excavator,D:\whitevision\data\crops\excavator\516_annot671_excavator.jpg,142,60,284,347,640,640,train
516,672,D:\whitevision\data\raw\test\Heavy_Equipment_1716_jpg.rf.adb60e2c18499486adf0fb9fb77a8ce7.jpg,dump_truck,D:\whitevision\data\crops\dump_truck\516_annot672_dump_truck.jpg,147,276,115,108,640,640,train
516,673,D:\whitevision\data\raw\test\Heavy_Equipment_1716_jpg.rf.adb60e2c18499486adf0fb9fb77a8ce7.jpg,dump_truck,D:\whitevision\data\crops\dump_truck\516_annot673_dump_truck.jpg,443,295,126,214,640,640,train
518,674,D:\whitevision\data\raw\test\Heavy_Equipment_3932_jpg.rf.b151801bb556938153c73582bd78c11e.jpg,grader,D:\whitevision\data\crops\grader\518_annot674_grader.jpg,0,48,640,545,640,640,test
519,675,D:\whitevision\data\raw\test\Heavy_Equipment_3534_jpg.rf.aeb6231a99710201b1235ff37fb67f90.jpg,excavator,D:\whitevision\data\crops\excavator\519_annot675_excavator.jpg,149,117,395,269,640,640,train
520,676,D:\whitevision\data\raw\test\Heavy_Equipment_5628_jpg.rf.ad799e8471f6e194944b940944f288a9.jpg,roller,D:\whitevision\data\crops\roller\520_annot676_roller.jpg,202,150,205,240,640,640,test
521,677,D:\whitevision\data\raw\test\Heavy_Equipment_1649_jpg.rf.afc1a8d977822d0478b0647c425dcec0.jpg,mobile_crane,D:\whitevision\data\crops\mobile_crane\521_annot677_mobile_crane.jpg,92,19,520,611,640,640,test
522,678,D:\whitevision\data\raw\test\Heavy_Equipment_5784_jpg.rf.b1f85bd5773e30184c1ac2ccfeea9200.jpg,roller,D:\whitevision\data\crops\roller\522_annot678_roller.jpg,227,133,160,274,640,640,train
523,679,D:\whitevision\data\raw\test\Heavy_Equipment_3709_jpg.rf.ad35d3f97b7efd50d59110d83aaf02c4.jpg,grader,D:\whitevision\data\crops\grader\523_annot679_grader.jpg,0,0,640,640,640,640,test
524,680,D:\whitevision\data\raw\test\Heavy_Equipment_5619_jpg.rf.ad6d1912fbc3fe4a9138b2048837742e.jpg,roller,D:\whitevision\data\crops\roller\524_annot680_roller.jpg,215,73,227,420,640,640,train
525,681,D:\whitevision\data\raw\test\Heavy_Equipment_5742_jpg.rf.aebc57563cace15933e6df923eb35aed.jpg,roller,D:\whitevision\data\crops\roller\525_annot681_roller.jpg,118,0,418,404,640,640,train
526,682,D:\whitevision\data\raw\test\Heavy_Equipment_3343_jpg.rf.b19a1ddc013ac7e50efdea8818753553.jpg,bulldozer,D:\whitevision\data\crops\bulldozer\526_annot682_bulldozer.jpg,6,99,580,512,640,640,train
527,683,D:\whitevision\data\raw\test\Heavy_Equipment_2523_jpg.rf.af2b31413466a764b3f8dd19631e9c52.jpg,excavator,D:\whitevision\data\crops\excavator\527_annot683_excavator.jpg,63,35,426,475,640,640,train
529,684,D:\whitevision\data\raw\test\Heavy_Equipment_2436_jpg.rf.b2e50f5b8f090a240a05ca29273e5459.jpg,dump_truck,D:\whitevision\data\crops\dump_truck\529_annot684_dump_truck.jpg,181,24,380,387,640,640,test
529,685,D:\whitevision\data\raw\test\Heavy_Equipment_2436_jpg.rf.b2e50f5b8f090a240a05ca29273e5459.jpg,excavator,D:\whitevision\data\crops\excavator\529_annot685_excavator.jpg,50,0,226,423,640,640,test
531,686,D:\whitevision\data\raw\test\Heavy_Equipment_4778_jpg.rf.b4c78e2bf82384ef31a4a071f7fac530.jpg,grader,D:\whitevision\data\crops\grader\531_annot686_grader.jpg,0,9,640,631,640,640,train
532,687,D:\whitevision\data\raw\test\Heavy_Equipment_1127_jpg.rf.b13706a5b6e5dcd928afa0e0caa9b1ec.jpg,dump_truck,D:\whitevision\data\crops\dump_truck\532_annot687_dump_truck.jpg,4,291,232,226,640,640,train
532,688,D:\whitevision\data\raw\test\Heavy_Equipment_1127_jpg.rf.b13706a5b6e5dcd928afa0e0caa9b1ec.jpg,dump_truck,D:\whitevision\data\crops\dump_truck\532_annot688_dump_truck.jpg,230,277,95,138,640,640,train
532,689,D:\whitevision\data\raw\test\Heavy_Equipment_1127_jpg.rf.b13706a5b6e5dcd928afa0e0caa9b1ec.jpg,loader,D:\whitevision\data\crops\loader\532_annot689_loader.jpg,250,230,191,218,640,640,train
533,690,D:\whitevision\data\raw\test\rgb_837_png.rf.ae7bd8a945b00f367ab9c6608123d1c7.jpg,mixer_truck,D:\whitevision\data\crops\mixer_truck\533_annot690_mixer_truck.jpg,150,322,145,318,640,640,train
534,691,D:\whitevision\data\raw\test\Heavy_Equipment_3545_jpg.rf.b47701a0fa9058da1874063820af73e3.jpg,dump_truck,D:\whitevision\data\crops\dump_truck\534_annot691_dump_truck.jpg,235,138,405,217,640,640,train
535,692,D:\whitevision\data\raw\test\Heavy_Equipment_2816_jpg.rf.b3e2c3797b192277ab2c5cb60280a7f8.jpg,roller,D:\whitevision\data\crops\roller\535_annot692_roller.jpg,82,0,433,640,640,640,validation
536,693,D:\whitevision\data\raw\test\M_S_images62_jpg.rf.b2d6f0ccbcdf22ab3010508cd756c97f.jpg,mixer_truck,D:\whitevision\data\crops\mixer_truck\536_annot693_mixer_truck.jpg,0,22,640,614,640,640,train
537,694,D:\whitevision\data\raw\test\Heavy_Equipment_1579_jpg.rf.ab0bfabb41135494ebb7e356d2ded9e5.jpg,excavator,D:\whitevision\data\crops\excavator\537_annot694_excavator.jpg,101,121,500,372,640,640,train
537,695,D:\whitevision\data\raw\test\Heavy_Equipment_1579_jpg.rf.ab0bfabb41135494ebb7e356d2ded9e5.jpg,dump_truck,D:\whitevision\data\crops\dump_truck\537_annot695_dump_truck.jpg,32,330,101,119,640,640,train
538,696,D:\whitevision\data\raw\test\Heavy_Equipment_1214_jpg.rf.b2478986ff34f7da38d2e4f53b181c1d.jpg,excavator,D:\whitevision\data\crops\excavator\538_annot696_excavator.jpg,426,268,60,179,640,640,validation
539,697,D:\whitevision\data\raw\test\Heavy_Equipment_3969_jpg.rf.ac6a7fa24212dc04601ffbcaf54829c3.jpg,grader,D:\whitevision\data\crops\grader\539_annot697_grader.jpg,0,21,512,568,640,640,train
540,698,D:\whitevision\data\raw\test\Heavy_Equipment_572_jpg.rf.b61461298605858e52abc56a133ac396.jpg,loader,D:\whitevision\data\crops\loader\540_annot698_loader.jpg,329,316,75,84,640,640,train
540,699,D:\whitevision\data\raw\test\Heavy_Equipment_572_jpg.rf.b61461298605858e52abc56a133ac396.jpg,roller,D:\whitevision\data\crops\roller\540_annot699_roller.jpg,452,326,63,67,640,640,train
540,700,D:\whitevision\data\raw\test\Heavy_Equipment_572_jpg.rf.b61461298605858e52abc56a133ac396.jpg,excavator,D:\whitevision\data\crops\excavator\540_annot700_excavator.jpg,0,294,41,120,640,640,train
542,701,D:\whitevision\data\raw\test\Heavy_Equipment_621_jpg.rf.b6b920575690ca1d76466bbc0b531fc2.jpg,dump_truck,D:\whitevision\data\crops\dump_truck\542_annot701_dump_truck.jpg,42,201,61,93,640,640,validation
542,702,D:\whitevision\data\raw\test\Heavy_Equipment_621_jpg.rf.b6b920575690ca1d76466bbc0b531fc2.jpg,dump_truck,D:\whitevision\data\crops\dump_truck\542_annot702_dump_truck.jpg,107,193,27,46,640,640,validation
542,703,D:\whitevision\data\raw\test\Heavy_Equipment_621_jpg.rf.b6b920575690ca1d76466bbc0b531fc2.jpg,dump_truck,D:\whitevision\data\crops\dump_truck\542_annot703_dump_truck.jpg,326,249,96,94,640,640,validation
542,704,D:\whitevision\data\raw\test\Heavy_Equipment_621_jpg.rf.b6b920575690ca1d76466bbc0b531fc2.jpg,excavator,D:\whitevision\data\crops\excavator\542_annot704_excavator.jpg,239,53,185,383,640,640,validation
543,705,D:\whitevision\data\raw\test\Heavy_Equipment_2633_jpg.rf.b86e9d3b7e40a2da80a6bca398b15b5c.jpg,excavator,D:\whitevision\data\crops\excavator\543_annot705_excavator.jpg,232,344,105,296,640,640,validation
543,706,D:\whitevision\data\raw\test\Heavy_Equipment_2633_jpg.rf.b86e9d3b7e40a2da80a6bca398b15b5c.jpg,excavator,D:\whitevision\data\crops\excavator\543_annot706_excavator.jpg,178,306,64,206,640,640,validation
545,707,D:\whitevision\data\raw\test\Heavy_Equipment_3278_jpg.rf.b7b366650873b0e20c88693ad3974d3a.jpg,dump_truck,D:\whitevision\data\crops\dump_truck\545_annot707_dump_truck.jpg,243,44,337,441,640,640,train
545,708,D:\whitevision\data\raw\test\Heavy_Equipment_3278_jpg.rf.b7b366650873b0e20c88693ad3974d3a.jpg,bulldozer,D:\whitevision\data\crops\bulldozer\545_annot708_bulldozer.jpg,54,272,191,156,640,640,train
546,709,D:\whitevision\data\raw\test\Heavy_Equipment_4483_jpg.rf.b89bd504d8b5076380011503dd8805a4.jpg,bulldozer,D:\whitevision\data\crops\bulldozer\546_annot709_bulldozer.jpg,0,0,640,608,640,640,test
548,710,D:\whitevision\data\raw\test\Heavy_Equipment_2295_jpg.rf.b8d320b82ca608db4e7de5daf00de7e6.jpg,dump_truck,D:\whitevision\data\crops\dump_truck\548_annot710_dump_truck.jpg,125,258,286,200,640,640,train
548,711,D:\whitevision\data\raw\test\Heavy_Equipment_2295_jpg.rf.b8d320b82ca608db4e7de5daf00de7e6.jpg,dump_truck,D:\whitevision\data\crops\dump_truck\548_annot711_dump_truck.jpg,390,204,108,90,640,640,train
548,712,D:\whitevision\data\raw\test\Heavy_Equipment_2295_jpg.rf.b8d320b82ca608db4e7de5daf00de7e6.jpg,excavator,D:\whitevision\data\crops\excavator\548_annot712_excavator.jpg,268,0,372,327,640,640,train
549,713,D:\whitevision\data\raw\test\Heavy_Equipment_3508_jpg.rf.b99872290c71f0624902670b194bd6fb.jpg,bulldozer,D:\whitevision\data\crops\bulldozer\549_annot713_bulldozer.jpg,0,90,640,384,640,640,train
551,714,D:\whitevision\data\raw\test\Heavy_Equipment_5505_jpg.rf.b4d6e0c6fed2c69a7abd52eedc5858fa.jpg,roller,D:\whitevision\data\crops\roller\551_annot714_roller.jpg,203,119,248,214,640,640,test
552,715,D:\whitevision\data\raw\test\Heavy_Equipment_2118_jpg.rf.bbf11051ea0a8a1239150f84e5e8074b.jpg,roller,D:\whitevision\data\crops\roller\552_annot715_roller.jpg,49,394,133,158,640,640,train
552,716,D:\whitevision\data\raw\test\Heavy_Equipment_2118_jpg.rf.bbf11051ea0a8a1239150f84e5e8074b.jpg,loader,D:\whitevision\data\crops\loader\552_annot716_loader.jpg,146,405,70,101,640,640,train
552,717,D:\whitevision\data\raw\test\Heavy_Equipment_2118_jpg.rf.bbf11051ea0a8a1239150f84e5e8074b.jpg,excavator,D:\whitevision\data\crops\excavator\552_annot717_excavator.jpg,420,344,100,93,640,640,train
553,718,D:\whitevision\data\raw\test\Heavy_Equipment_2392_jpg.rf.b6fbadc22fff85dab41964e673b0bd1d.jpg,mobile_crane,D:\whitevision\data\crops\mobile_crane\553_annot718_mobile_crane.jpg,139,186,278,237,640,640,train
554,720,D:\whitevision\data\raw\test\Heavy_Equipment_2264_jpg.rf.bb76ad5c1ac664fe7860c96d170005d9.jpg,dump_truck,D:\whitevision\data\crops\dump_truck\554_annot720_dump_truck.jpg,0,165,30,64,640,640,train
554,721,D:\whitevision\data\raw\test\Heavy_Equipment_2264_jpg.rf.bb76ad5c1ac664fe7860c96d170005d9.jpg,excavator,D:\whitevision\data\crops\excavator\554_annot721_excavator.jpg,155,59,259,383,640,640,train
555,722,D:\whitevision\data\raw\test\Heavy_Equipment_842_jpg.rf.b92119e93a83db95a6095ac88e2efd0e.jpg,loader,D:\whitevision\data\crops\loader\555_annot722_loader.jpg,0,62,640,578,640,640,validation
555,723,D:\whitevision\data\raw\test\Heavy_Equipment_842_jpg.rf.b92119e93a83db95a6095ac88e2efd0e.jpg,dump_truck,D:\whitevision\data\crops\dump_truck\555_annot723_dump_truck.jpg,146,104,480,411,640,640,validation
556,724,D:\whitevision\data\raw\test\Heavy_Equipment_2994_jpg.rf.b992f26c94c9dc38686a469ee0ba9476.jpg,grader,D:\whitevision\data\crops\grader\556_annot724_grader.jpg,83,201,490,249,640,640,train
558,725,D:\whitevision\data\raw\test\Heavy_Equipment_1761_jpg.rf.bd65c05c0e8674dce2c4bc55cf264f62.jpg,dump_truck,D:\whitevision\data\crops\dump_truck\558_annot725_dump_truck.jpg,32,317,332,196,640,640,train
558,726,D:\whitevision\data\raw\test\Heavy_Equipment_1761_jpg.rf.bd65c05c0e8674dce2c4bc55cf264f62.jpg,excavator,D:\whitevision\data\crops\excavator\558_annot726_excavator.jpg,342,242,251,292,640,640,train
559,727,D:\whitevision\data\raw\test\Heavy_Equipment_2933_jpg.rf.ba408465bccf4ebc043c1b6866245ca8.jpg,dump_truck,D:\whitevision\data\crops\dump_truck\559_annot727_dump_truck.jpg,235,207,135,93,640,640,validation
559,728,D:\whitevision\data\raw\test\Heavy_Equipment_2933_jpg.rf.ba408465bccf4ebc043c1b6866245ca8.jpg,dump_truck,D:\whitevision\data\crops\dump_truck\559_annot728_dump_truck.jpg,389,326,140,206,640,640,validation
559,729,D:\whitevision\data\raw\test\Heavy_Equipment_2933_jpg.rf.ba408465bccf4ebc043c1b6866245ca8.jpg,excavator,D:\whitevision\data\crops\excavator\559_annot729_excavator.jpg,269,255,124,289,640,640,validation
560,730,D:\whitevision\data\raw\test\Heavy_Equipment_4591_jpg.rf.bc119ed6d594553c24b503fa13d5ed1c.jpg,bulldozer,D:\whitevision\data\crops\bulldozer\560_annot730_bulldozer.jpg,0,52,534,491,640,640,test
561,731,D:\whitevision\data\raw\test\Heavy_Equipment_1196_jpg.rf.bcf45e5082c94b33597f05bb25c08d3d.jpg,mobile_crane,D:\whitevision\data\crops\mobile_crane\561_annot731_mobile_crane.jpg,55,272,424,214,640,640,train
562,732,D:\whitevision\data\raw\test\Heavy_Equipment_5437_jpg.rf.bb0b43a71ae1514df29243ed9409c567.jpg,roller,D:\whitevision\data\crops\roller\562_annot732_roller.jpg,238,121,172,328,640,640,train
563,733,D:\whitevision\data\raw\test\Heavy_Equipment_2630_jpg.rf.bdd8de4b33ce96107125069d6d958618.jpg,excavator,D:\whitevision\data\crops\excavator\563_annot733_excavator.jpg,0,0,640,502,640,640,validation
564,734,D:\whitevision\data\raw\test\Heavy_Equipment_306_jpg.rf.c1488d97f8fcff3a377a3aba3a4a5caa.jpg,excavator,D:\whitevision\data\crops\excavator\564_annot734_excavator.jpg,246,130,223,324,640,640,test
564,735,D:\whitevision\data\raw\test\Heavy_Equipment_306_jpg.rf.c1488d97f8fcff3a377a3aba3a4a5caa.jpg,dump_truck,D:\whitevision\data\crops\dump_truck\564_annot735_dump_truck.jpg,161,326,214,192,640,640,test
565,736,D:\whitevision\data\raw\test\Heavy_Equipment_409_jpg.rf.c1cbeb3ee14cd96308d4eae9ed12f70a.jpg,mobile_crane,D:\whitevision\data\crops\mobile_crane\565_annot736_mobile_crane.jpg,54,146,509,352,640,640,train
566,737,D:\whitevision\data\raw\test\M_D_images11_jpg.rf.bcbb1db76144e57dcf63053e21e6ae59.jpg,mixer_truck,D:\whitevision\data\crops\mixer_truck\566_annot737_mixer_truck.jpg,212,205,337,340,640,640,test
567,738,D:\whitevision\data\raw\test\Heavy_Equipment_2261_jpg.rf.c17dcef446b705604ce81085dc4b014d.jpg,excavator,D:\whitevision\data\crops\excavator\567_annot738_excavator.jpg,0,0,496,640,640,640,validation
568,739,D:\whitevision\data\raw\test\Heavy_Equipment_5032_jpg.rf.c19afb6053c784dc5922694ab5207caf.jpg,bulldozer,D:\whitevision\data\crops\bulldozer\568_annot739_bulldozer.jpg,0,59,640,576,640,640,validation
569,740,D:\whitevision\data\raw\test\Heavy_Equipment_1220_jpg.rf.c30220de99a8af6e778b6baccba566e6.jpg,mobile_crane,D:\whitevision\data\crops\mobile_crane\569_annot740_mobile_crane.jpg,70,0,322,575,640,640,train
569,741,D:\whitevision\data\raw\test\Heavy_Equipment_1220_jpg.rf.c30220de99a8af6e778b6baccba566e6.jpg,mobile_crane,D:\whitevision\data\crops\mobile_crane\569_annot741_mobile_crane.jpg,254,323,386,234,640,640,train
570,742,D:\whitevision\data\raw\test\Heavy_Equipment_4232_jpg.rf.beda1ee6d0dae4bc4975e8c1710d03d7.jpg,bulldozer,D:\whitevision\data\crops\bulldozer\570_annot742_bulldozer.jpg,54,155,449,396,640,640,validation
571,743,D:\whitevision\data\raw\test\Heavy_Equipment_2840_jpg.rf.c367c9eb7d60fbc0810f4ea8d9f12079.jpg,mobile_crane,D:\whitevision\data\crops\mobile_crane\571_annot743_mobile_crane.jpg,182,191,262,305,640,640,train
572,744,D:\whitevision\data\raw\test\Heavy_Equipment_3178_jpg.rf.c1e6616259f1545a7b6b718bf9d98814.jpg,bulldozer,D:\whitevision\data\crops\bulldozer\572_annot744_bulldozer.jpg,2,78,638,520,640,640,train
573,745,D:\whitevision\data\raw\test\Heavy_Equipment_5803_jpg.rf.bb7336c708f41358b95219cbf7ecfd3d.jpg,roller,D:\whitevision\data\crops\roller\573_annot745_roller.jpg,137,0,295,341,640,640,test
574,746,D:\whitevision\data\raw\test\Heavy_Equipment_2399_jpg.rf.c3e6ffdd5407afa7bb4cc0392595763b.jpg,excavator,D:\whitevision\data\crops\excavator\574_annot746_excavator.jpg,253,31,163,471,640,640,train
574,747,D:\whitevision\data\raw\test\Heavy_Equipment_2399_jpg.rf.c3e6ffdd5407afa7bb4cc0392595763b.jpg,dump_truck,D:\whitevision\data\crops\dump_truck\574_annot747_dump_truck.jpg,422,344,49,91,640,640,train
574,748,D:\whitevision\data\raw\test\Heavy_Equipment_2399_jpg.rf.c3e6ffdd5407afa7bb4cc0392595763b.jpg,dump_truck,D:\whitevision\data\crops\dump_truck\574_annot748_dump_truck.jpg,460,331,134,157,640,640,train
577,749,D:\whitevision\data\raw\test\Heavy_Equipment_6115_jpg.rf.c367ed92aaedacedcf7fc862eea40b38.jpg,roller,D:\whitevision\data\crops\roller\577_annot749_roller.jpg,145,23,372,349,640,640,train
578,750,D:\whitevision\data\raw\test\Heavy_Equipment_2036_jpg.rf.c38f540542726e198e69c4d8a48bd154.jpg,mobile_crane,D:\whitevision\data\crops\mobile_crane\578_annot750_mobile_crane.jpg,167,0,347,439,640,640,train
579,751,D:\whitevision\data\raw\test\Heavy_Equipment_2551_jpg.rf.c656a48146cc1c78c9f67c02af2a2401.jpg,excavator,D:\whitevision\data\crops\excavator\579_annot751_excavator.jpg,178,20,280,427,640,640,train
579,752,D:\whitevision\data\raw\test\Heavy_Equipment_2551_jpg.rf.c656a48146cc1c78c9f67c02af2a2401.jpg,dump_truck,D:\whitevision\data\crops\dump_truck\579_annot752_dump_truck.jpg,437,284,82,190,640,640,train
579,753,D:\whitevision\data\raw\test\Heavy_Equipment_2551_jpg.rf.c656a48146cc1c78c9f67c02af2a2401.jpg,dump_truck,D:\whitevision\data\crops\dump_truck\579_annot753_dump_truck.jpg,440,254,108,107,640,640,train
579,754,D:\whitevision\data\raw\test\Heavy_Equipment_2551_jpg.rf.c656a48146cc1c78c9f67c02af2a2401.jpg,dump_truck,D:\whitevision\data\crops\dump_truck\579_annot754_dump_truck.jpg,111,286,113,105,640,640,train
580,755,D:\whitevision\data\raw\test\Heavy_Equipment_3116_jpg.rf.c5570e6b2e653677f2fcf64b9e2c1b0a.jpg,grader,D:\whitevision\data\crops\grader\580_annot755_grader.jpg,0,33,640,593,640,640,train
581,756,D:\whitevision\data\raw\test\Heavy_Equipment_6165_jpg.rf.c751c35d25cc88b02428c8b857e0c9ab.jpg,roller,D:\whitevision\data\crops\roller\581_annot756_roller.jpg,168,119,287,296,640,640,train
582,757,D:\whitevision\data\raw\test\Heavy_Equipment_3764_jpg.rf.c66db9790366f3f2e57c1ed28065e5dc.jpg,grader,D:\whitevision\data\crops\grader\582_annot757_grader.jpg,13,0,627,535,640,640,train
583,758,D:\whitevision\data\raw\test\M_S_images79_jpg.rf.c018ffaf86f3ddaa4f58bfa0c9f9be56.jpg,mixer_truck,D:\whitevision\data\crops\mixer_truck\583_annot758_mixer_truck.jpg,6,38,634,600,640,640,train
586,759,D:\whitevision\data\raw\test\Heavy_Equipment_4020_jpg.rf.c50d20101dd9e2fa5bd3c5454c73729f.jpg,grader,D:\whitevision\data\crops\grader\586_annot759_grader.jpg,0,113,640,439,640,640,train
588,760,D:\whitevision\data\raw\test\Heavy_Equipment_593_jpg.rf.c98609da65d6b703cd02ae5c2d47f4f2.jpg,mobile_crane,D:\whitevision\data\crops\mobile_crane\588_annot760_mobile_crane.jpg,231,247,102,179,640,640,train
589,761,D:\whitevision\data\raw\test\M_M_images81_jpg.rf.cb8eaa6759b9716d16f181093d92a908.jpg,mixer_truck,D:\whitevision\data\crops\mixer_truck\589_annot761_mixer_truck.jpg,38,17,475,552,640,640,train
590,762,D:\whitevision\data\raw\test\Heavy_Equipment_3522_jpg.rf.c4c460e186f0b0198bd552812c2a686e.jpg,excavator,D:\whitevision\data\crops\excavator\590_annot762_excavator.jpg,292,140,198,191,640,640,train
592,763,D:\whitevision\data\raw\test\Heavy_Equipment_2501_jpg.rf.cba586cf6c99fa803af89179cbb74cf7.jpg,mobile_crane,D:\whitevision\data\crops\mobile_crane\592_annot763_mobile_crane.jpg,181,65,267,508,640,640,train
593,764,D:\whitevision\data\raw\test\Heavy_Equipment_6089_jpg.rf.c43249336357a767ada166f2ba08900a.jpg,roller,D:\whitevision\data\crops\roller\593_annot764_roller.jpg,121,0,434,364,640,640,train
594,765,D:\whitevision\data\raw\test\Heavy_Equipment_3199_jpg.rf.c90609bd4fd95c76f2f7bc72dae36763.jpg,bulldozer,D:\whitevision\data\crops\bulldozer\594_annot765_bulldozer.jpg,0,0,640,640,640,640,train
595,766,D:\whitevision\data\raw\test\Heavy_Equipment_5573_jpg.rf.c9bd395cb7f5d2037ba60973f7041533.jpg,roller,D:\whitevision\data\crops\roller\595_annot766_roller.jpg,236,95,178,450,640,640,train
596,767,D:\whitevision\data\raw\test\Heavy_Equipment_1171_jpg.rf.cd44fb2a1e46a39b77ee59c54c87b56f.jpg,mobile_crane,D:\whitevision\data\crops\mobile_crane\596_annot767_mobile_crane.jpg,132,224,465,310,640,640,train
597,768,D:\whitevision\data\raw\test\Heavy_Equipment_1331_jpg.rf.ce2b49f75557aa8a07ad39ced396fc16.jpg,mobile_crane,D:\whitevision\data\crops\mobile_crane\597_annot768_mobile_crane.jpg,131,149,325,349,640,640,train
598,769,D:\whitevision\data\raw\test\M_H_4068_4038686459689_jpg.rf.cb8c6b8b3b8ed1207268d7f444b46d3b.jpg,mixer_truck,D:\whitevision\data\crops\mixer_truck\598_annot769_mixer_truck.jpg,4,54,624,557,640,640,train
599,770,D:\whitevision\data\raw\test\Heavy_Equipment_5918_jpg.rf.cbc33941e88eb4bfaf250baf69c0257c.jpg,roller,D:\whitevision\data\crops\roller\599_annot770_roller.jpg,112,6,446,488,640,640,validation
600,771,D:\whitevision\data\raw\test\Heavy_Equipment_4035_jpg.rf.cf25ede46897e9df8cc681b8de8e42ab.jpg,grader,D:\whitevision\data\crops\grader\600_annot771_grader.jpg,0,200,640,345,640,640,train
601,772,D:\whitevision\data\raw\test\Heavy_Equipment_1753_jpg.rf.cf264b6cca2b1a4ce3e8363fdae58805.jpg,dump_truck,D:\whitevision\data\crops\dump_truck\601_annot772_dump_truck.jpg,104,100,531,350,640,640,validation
602,773,D:\whitevision\data\raw\test\Heavy_Equipment_4549_jpg.rf.cd9684a3eacc11726a8b627db1f64346.jpg,bulldozer,D:\whitevision\data\crops\bulldozer\602_annot773_bulldozer.jpg,0,148,640,438,640,640,train
603,774,D:\whitevision\data\raw\test\Heavy_Equipment_1799_jpg.rf.cddb00d07e9706b55eaea2a66c1bd41f.jpg,excavator,D:\whitevision\data\crops\excavator\603_annot774_excavator.jpg,74,65,548,552,640,640,test
603,775,D:\whitevision\data\raw\test\Heavy_Equipment_1799_jpg.rf.cddb00d07e9706b55eaea2a66c1bd41f.jpg,excavator,D:\whitevision\data\crops\excavator\603_annot775_excavator.jpg,0,345,110,162,640,640,test
605,776,D:\whitevision\data\raw\test\Heavy_Equipment_4467_jpg.rf.cf52ae5359254cb66e2f991b8054ed7b.jpg,bulldozer,D:\whitevision\data\crops\bulldozer\605_annot776_bulldozer.jpg,0,61,557,544,640,640,test
606,777,D:\whitevision\data\raw\test\Heavy_Equipment_5059_jpg.rf.cf12787d9e50969e0d94f5bf1f68e7ef.jpg,bulldozer,D:\whitevision\data\crops\bulldozer\606_annot777_bulldozer.jpg,0,4,640,586,640,640,validation
607,778,D:\whitevision\data\raw\test\Heavy_Equipment_2485_jpg.rf.cd75cec568056a74348ff2506c0f439b.jpg,excavator,D:\whitevision\data\crops\excavator\607_annot778_excavator.jpg,241,200,272,295,640,640,test
607,779,D:\whitevision\data\raw\test\Heavy_Equipment_2485_jpg.rf.cd75cec568056a74348ff2506c0f439b.jpg,dump_truck,D:\whitevision\data\crops\dump_truck\607_annot779_dump_truck.jpg,447,178,104,93,640,640,test
607,780,D:\whitevision\data\raw\test\Heavy_Equipment_2485_jpg.rf.cd75cec568056a74348ff2506c0f439b.jpg,dump_truck,D:\whitevision\data\crops\dump_truck\607_annot780_dump_truck.jpg,2,353,460,200,640,640,test
607,781,D:\whitevision\data\raw\test\Heavy_Equipment_2485_jpg.rf.cd75cec568056a74348ff2506c0f439b.jpg,excavator,D:\whitevision\data\crops\excavator\607_annot781_excavator.jpg,550,104,49,140,640,640,test
609,782,D:\whitevision\data\raw\test\Heavy_Equipment_3459_jpg.rf.d2e5b6e072f5637b5e64d8ea946ccd67.jpg,grader,D:\whitevision\data\crops\grader\609_annot782_grader.jpg,14,194,626,384,640,640,test
609,783,D:\whitevision\data\raw\test\Heavy_Equipment_3459_jpg.rf.d2e5b6e072f5637b5e64d8ea946ccd67.jpg,grader,D:\whitevision\data\crops\grader\609_annot783_grader.jpg,0,194,640,446,640,640,test
611,784,D:\whitevision\data\raw\test\Heavy_Equipment_5191_jpg.rf.d37d7a9cb099e03df60139efeb821ce0.jpg,grader,D:\whitevision\data\crops\grader\611_annot784_grader.jpg,0,0,640,640,640,640,validation
612,785,D:\whitevision\data\raw\test\Heavy_Equipment_4899_jpg.rf.d1673708f442ab70694524494047da22.jpg,bulldozer,D:\whitevision\data\crops\bulldozer\612_annot785_bulldozer.jpg,59,91,581,549,640,640,train
613,786,D:\whitevision\data\raw\test\Heavy_Equipment_352_jpg.rf.d2c22f2a8873a0faa58c215bf99857b2.jpg,excavator,D:\whitevision\data\crops\excavator\613_annot786_excavator.jpg,108,0,332,457,640,640,train
613,787,D:\whitevision\data\raw\test\Heavy_Equipment_352_jpg.rf.d2c22f2a8873a0faa58c215bf99857b2.jpg,dump_truck,D:\whitevision\data\crops\dump_truck\613_annot787_dump_truck.jpg,0,296,156,292,640,640,train
613,788,D:\whitevision\data\raw\test\Heavy_Equipment_352_jpg.rf.d2c22f2a8873a0faa58c215bf99857b2.jpg,dump_truck,D:\whitevision\data\crops\dump_truck\613_annot788_dump_truck.jpg,502,302,138,245,640,640,train
614,789,D:\whitevision\data\raw\test\Heavy_Equipment_4083_jpg.rf.d481ed5495b88d32ec708b37f4cfbf4d.jpg,bulldozer,D:\whitevision\data\crops\bulldozer\614_annot789_bulldozer.jpg,17,234,359,293,640,640,test
615,790,D:\whitevision\data\raw\test\Heavy_Equipment_2678_jpg.rf.d3082dc2778aa8fab75a0b7658450bed.jpg,mobile_crane,D:\whitevision\data\crops\mobile_crane\615_annot790_mobile_crane.jpg,332,0,196,640,640,640,train
616,791,D:\whitevision\data\raw\test\Heavy_Equipment_4293_jpg.rf.d63b6b0e7b42379f221082409e8ec970.jpg,bulldozer,D:\whitevision\data\crops\bulldozer\616_annot791_bulldozer.jpg,160,45,423,523,640,640,test
617,792,D:\whitevision\data\raw\test\Heavy_Equipment_5018_jpg.rf.d4e7297e13495310b70418cec3919321.jpg,bulldozer,D:\whitevision\data\crops\bulldozer\617_annot792_bulldozer.jpg,0,75,640,469,640,640,train
618,793,D:\whitevision\data\raw\test\Heavy_Equipment_2423_jpg.rf.d14c8063de006a6d83d744ec8fd9e5c6.jpg,mobile_crane,D:\whitevision\data\crops\mobile_crane\618_annot793_mobile_crane.jpg,389,206,72,105,640,640,train
619,794,D:\whitevision\data\raw\test\Heavy_Equipment_3773_jpg.rf.d483e99ef970fe56df9b6fcc84ae5f25.jpg,dump_truck,D:\whitevision\data\crops\dump_truck\619_annot794_dump_truck.jpg,21,70,619,523,640,640,train
620,795,D:\whitevision\data\raw\test\Heavy_Equipment_4684_jpg.rf.d57771ac5dcdedd23e3553d58ad57702.jpg,grader,D:\whitevision\data\crops\grader\620_annot795_grader.jpg,9,0,597,577,640,640,test
621,796,D:\whitevision\data\raw\test\Heavy_Equipment_90_jpg.rf.d2f7dafa09a11bc5503755ae4d22eee0.jpg,loader,D:\whitevision\data\crops\loader\621_annot796_loader.jpg,110,264,331,273,640,640,train
621,797,D:\whitevision\data\raw\test\Heavy_Equipment_90_jpg.rf.d2f7dafa09a11bc5503755ae4d22eee0.jpg,dump_truck,D:\whitevision\data\crops\dump_truck\621_annot797_dump_truck.jpg,156,217,122,90,640,640,train
622,798,D:\whitevision\data\raw\test\M_D_-id-72894425-type-or_jpg.rf.d3d4d06a2ea75598139319ce77a99082.jpg,mixer_truck,D:\whitevision\data\crops\mixer_truck\622_annot798_mixer_truck.jpg,40,7,559,619,640,640,train
623,799,D:\whitevision\data\raw\test\Heavy_Equipment_2411_jpg.rf.d381741cc4ea6b9ef120e9079f91d22a.jpg,excavator,D:\whitevision\data\crops\excavator\623_annot799_excavator.jpg,46,73,589,415,640,640,train
624,800,D:\whitevision\data\raw\test\Heavy_Equipment_1972_jpg.rf.cef344c1207a5cb5bacd04787cebc8fe.jpg,mobile_crane,D:\whitevision\data\crops\mobile_crane\624_annot800_mobile_crane.jpg,48,0,530,612,640,640,train
625,801,D:\whitevision\data\raw\test\Heavy_Equipment_3781_jpg.rf.d642c910b278fbcb78d274810b0f0967.jpg,grader,D:\whitevision\data\crops\grader\625_annot801_grader.jpg,17,10,557,531,640,640,validation
626,802,D:\whitevision\data\raw\test\Heavy_Equipment_2144_jpg.rf.d76093f1e0d5b793ce653aa663dc2a18.jpg,excavator,D:\whitevision\data\crops\excavator\626_annot802_excavator.jpg,187,54,242,519,640,640,train
627,803,D:\whitevision\data\raw\test\Heavy_Equipment_4050_jpg.rf.d73dc5b74a6b877cb966573227340098.jpg,grader,D:\whitevision\data\crops\grader\627_annot803_grader.jpg,40,55,531,570,640,640,train
628,804,D:\whitevision\data\raw\test\Heavy_Equipment_3106_jpg.rf.d50072fb731fe0d37a109c074cfdf841.jpg,bulldozer,D:\whitevision\data\crops\bulldozer\628_annot804_bulldozer.jpg,13,47,606,491,640,640,train
630,805,D:\whitevision\data\raw\test\Heavy_Equipment_1309_jpg.rf.c6d6f0eedc3363270bfdd78cf7f2b674.jpg,loader,D:\whitevision\data\crops\loader\630_annot805_loader.jpg,11,74,503,534,640,640,train
630,806,D:\whitevision\data\raw\test\Heavy_Equipment_1309_jpg.rf.c6d6f0eedc3363270bfdd78cf7f2b674.jpg,dump_truck,D:\whitevision\data\crops\dump_truck\630_annot806_dump_truck.jpg,342,202,298,438,640,640,train
631,807,D:\whitevision\data\raw\test\Heavy_Equipment_1880_jpg.rf.d526913936da3c0e29be5fba7675a096.jpg,dump_truck,D:\whitevision\data\crops\dump_truck\631_annot807_dump_truck.jpg,22,42,501,467,640,640,train
632,808,D:\whitevision\data\raw\test\Heavy_Equipment_16_jpg.rf.d8446997fdbb0050a966133c55d8001d.jpg,dump_truck,D:\whitevision\data\crops\dump_truck\632_annot808_dump_truck.jpg,22,252,549,294,640,640,test
633,809,D:\whitevision\data\raw\test\M_M_image32_jpeg.rf.d8d34cd34a8eb8c26bc76580eead05e1.jpg,mixer_truck,D:\whitevision\data\crops\mixer_truck\633_annot809_mixer_truck.jpg,7,82,603,536,640,640,train
634,810,D:\whitevision\data\raw\test\Heavy_Equipment_2129_jpg.rf.d1449998af89c348afa00988915458cd.jpg,excavator,D:\whitevision\data\crops\excavator\634_annot810_excavator.jpg,228,221,43,50,640,640,train
634,812,D:\whitevision\data\raw\test\Heavy_Equipment_2129_jpg.rf.d1449998af89c348afa00988915458cd.jpg,roller,D:\whitevision\data\crops\roller\634_annot812_roller.jpg,255,245,24,44,640,640,train
634,813,D:\whitevision\data\raw\test\Heavy_Equipment_2129_jpg.rf.d1449998af89c348afa00988915458cd.jpg,excavator,D:\whitevision\data\crops\excavator\634_annot813_excavator.jpg,332,136,224,206,640,640,train
634,814,D:\whitevision\data\raw\test\Heavy_Equipment_2129_jpg.rf.d1449998af89c348afa00988915458cd.jpg,excavator,D:\whitevision\data\crops\excavator\634_annot814_excavator.jpg,529,145,36,52,640,640,train
634,815,D:\whitevision\data\raw\test\Heavy_Equipment_2129_jpg.rf.d1449998af89c348afa00988915458cd.jpg,dump_truck,D:\whitevision\data\crops\dump_truck\634_annot815_dump_truck.jpg,74,263,120,223,640,640,train
635,816,D:\whitevision\data\raw\test\Heavy_Equipment_909_jpg.rf.d520bcca8d53ca327618d34aced3e6de.jpg,mobile_crane,D:\whitevision\data\crops\mobile_crane\635_annot816_mobile_crane.jpg,260,172,123,388,640,640,validation
636,817,D:\whitevision\data\raw\test\Heavy_Equipment_4924_jpg.rf.d7a05a1cfbcd85518574cca12aeef5c1.jpg,grader,D:\whitevision\data\crops\grader\636_annot817_grader.jpg,74,156,499,355,640,640,train
637,818,D:\whitevision\data\raw\test\Heavy_Equipment_2679_jpg.rf.d0ff5e6e2fd3d676d59f877529f678e1.jpg,excavator,D:\whitevision\data\crops\excavator\637_annot818_excavator.jpg,58,109,582,531,640,640,train
638,819,D:\whitevision\data\raw\test\Heavy_Equipment_1815_jpg.rf.d7a245eaff30b0e6994dd8e0ec04a4e5.jpg,mobile_crane,D:\whitevision\data\crops\mobile_crane\638_annot819_mobile_crane.jpg,53,127,581,415,640,640,test
639,820,D:\whitevision\data\raw\test\Heavy_Equipment_2691_jpg.rf.d9764af76c6f23b17f7647659faa750b.jpg,excavator,D:\whitevision\data\crops\excavator\639_annot820_excavator.jpg,64,0,470,640,640,640,validation
640,821,D:\whitevision\data\raw\test\Heavy_Equipment_5452_jpg.rf.d92ff1ad427314bc9ee93edae743ba46.jpg,roller,D:\whitevision\data\crops\roller\640_annot821_roller.jpg,222,90,212,390,640,640,train
641,822,D:\whitevision\data\raw\test\Heavy_Equipment_4269_jpg.rf.dace72ea5f8b587dc958d9dc2165af23.jpg,grader,D:\whitevision\data\crops\grader\641_annot822_grader.jpg,22,43,618,546,640,640,train
642,823,D:\whitevision\data\raw\test\Heavy_Equipment_6274_jpg.rf.daaf87fd342eb539674aa280667987ba.jpg,grader,D:\whitevision\data\crops\grader\642_annot823_grader.jpg,0,75,640,442,640,640,train
643,824,D:\whitevision\data\raw\test\Heavy_Equipment_429_jpg.rf.d6673004a19e41fc009de181b3651cd0.jpg,loader,D:\whitevision\data\crops\loader\643_annot824_loader.jpg,1,144,375,387,640,640,train
643,825,D:\whitevision\data\raw\test\Heavy_Equipment_429_jpg.rf.d6673004a19e41fc009de181b3651cd0.jpg,dump_truck,D:\whitevision\data\crops\dump_truck\643_annot825_dump_truck.jpg,276,237,357,201,640,640,train
644,826,D:\whitevision\data\raw\test\Heavy_Equipment_5839_jpg.rf.d914e97942c46eff7d65d9a4e2e8c183.jpg,roller,D:\whitevision\data\crops\roller\644_annot826_roller.jpg,121,0,353,469,640,640,train
645,827,D:\whitevision\data\raw\test\Heavy_Equipment_2655_jpg.rf.dac79dbb18ea220bd30e759c037cde69.jpg,loader,D:\whitevision\data\crops\loader\645_annot827_loader.jpg,237,266,238,254,640,640,train
645,828,D:\whitevision\data\raw\test\Heavy_Equipment_2655_jpg.rf.dac79dbb18ea220bd30e759c037cde69.jpg,dump_truck,D:\whitevision\data\crops\dump_truck\645_annot828_dump_truck.jpg,443,298,64,135,640,640,train
646,829,D:\whitevision\data\raw\test\Heavy_Equipment_5482_jpg.rf.dd1e2964e4ed8d7e747c9d9a5b4348f9.jpg,roller,D:\whitevision\data\crops\roller\646_annot829_roller.jpg,130,102,408,356,640,640,validation
647,830,D:\whitevision\data\raw\test\Heavy_Equipment_1480_jpg.rf.dc932f276cbfc503a707432576894960.jpg,excavator,D:\whitevision\data\crops\excavator\647_annot830_excavator.jpg,147,0,338,456,640,640,train
647,831,D:\whitevision\data\raw\test\Heavy_Equipment_1480_jpg.rf.dc932f276cbfc503a707432576894960.jpg,dump_truck,D:\whitevision\data\crops\dump_truck\647_annot831_dump_truck.jpg,0,243,38,90,640,640,train
647,832,D:\whitevision\data\raw\test\Heavy_Equipment_1480_jpg.rf.dc932f276cbfc503a707432576894960.jpg,dump_truck,D:\whitevision\data\crops\dump_truck\647_annot832_dump_truck.jpg,36,239,116,97,640,640,train
647,833,D:\whitevision\data\raw\test\Heavy_Equipment_1480_jpg.rf.dc932f276cbfc503a707432576894960.jpg,dump_truck,D:\whitevision\data\crops\dump_truck\647_annot833_dump_truck.jpg,172,250,115,148,640,640,train
647,834,D:\whitevision\data\raw\test\Heavy_Equipment_1480_jpg.rf.dc932f276cbfc503a707432576894960.jpg,dump_truck,D:\whitevision\data\crops\dump_truck\647_annot834_dump_truck.jpg,451,247,49,102,640,640,train
648,835,D:\whitevision\data\raw\test\Heavy_Equipment_3362_jpg.rf.daea597a45192b3f4b85a525165b962a.jpg,bulldozer,D:\whitevision\data\crops\bulldozer\648_annot835_bulldozer.jpg,62,0,413,640,640,640,train
649,836,D:\whitevision\data\raw\test\Heavy_Equipment_4666_jpg.rf.daa93128600017958281978f7b889beb.jpg,grader,D:\whitevision\data\crops\grader\649_annot836_grader.jpg,0,25,640,615,640,640,train
650,837,D:\whitevision\data\raw\test\Heavy_Equipment_4839_jpg.rf.dcdb3c5da2856697a1db9e2784cd362d.jpg,bulldozer,D:\whitevision\data\crops\bulldozer\650_annot837_bulldozer.jpg,60,83,401,428,640,640,train
651,838,D:\whitevision\data\raw\test\Heavy_Equipment_347_jpg.rf.ded6dc92f4eece567a3f52cbba2bd6bc.jpg,excavator,D:\whitevision\data\crops\excavator\651_annot838_excavator.jpg,497,312,75,118,640,640,train
651,839,D:\whitevision\data\raw\test\Heavy_Equipment_347_jpg.rf.ded6dc92f4eece567a3f52cbba2bd6bc.jpg,bulldozer,D:\whitevision\data\crops\bulldozer\651_annot839_bulldozer.jpg,147,103,415,338,640,640,train
652,840,D:\whitevision\data\raw\test\Heavy_Equipment_744_jpg.rf.dd250fdf6fb3b3f8a013ee940fe1605f.jpg,mobile_crane,D:\whitevision\data\crops\mobile_crane\652_annot840_mobile_crane.jpg,36,0,566,640,640,640,validation
653,841,D:\whitevision\data\raw\test\Heavy_Equipment_1430_jpg.rf.dd53bf66729ea8f8372c26a7a21acf73.jpg,excavator,D:\whitevision\data\crops\excavator\653_annot841_excavator.jpg,125,50,435,366,640,640,validation
654,842,D:\whitevision\data\raw\test\Heavy_Equipment_5797_jpg.rf.dd590ebae92a34602e164b8ea3dae323.jpg,roller,D:\whitevision\data\crops\roller\654_annot842_roller.jpg,52,0,455,640,640,640,train
655,843,D:\whitevision\data\raw\test\Heavy_Equipment_5733_jpg.rf.daffc566d46788972a06ecb70488d973.jpg,roller,D:\whitevision\data\crops\roller\655_annot843_roller.jpg,195,62,215,452,640,640,train
656,844,D:\whitevision\data\raw\test\M_D_14ac1b9a21668d4cb3109b77a7b904e1_jpg.rf.e001cfc474cc27f3a34c6e0deadc48bd.jpg,mixer_truck,D:\whitevision\data\crops\mixer_truck\656_annot844_mixer_truck.jpg,0,25,606,615,640,640,train
657,845,D:\whitevision\data\raw\test\Heavy_Equipment_1262_jpg.rf.dd41ef65ab67d1450918dbb60a2c51af.jpg,excavator,D:\whitevision\data\crops\excavator\657_annot845_excavator.jpg,111,23,311,617,640,640,train
658,846,D:\whitevision\data\raw\test\Heavy_Equipment_5604_jpg.rf.e0ea2b0e628811da6cc43e465628ad39.jpg,roller,D:\whitevision\data\crops\roller\658_annot846_roller.jpg,25,21,537,487,640,640,train
661,847,D:\whitevision\data\raw\test\Heavy_Equipment_676_jpg.rf.e16c4d02a378fa0c690c15a29420c58d.jpg,mobile_crane,D:\whitevision\data\crops\mobile_crane\661_annot847_mobile_crane.jpg,122,115,446,453,640,640,train
662,848,D:\whitevision\data\raw\test\Heavy_Equipment_4874_jpg.rf.e18e637d75a7414ad05e03470fa3d7c1.jpg,bulldozer,D:\whitevision\data\crops\bulldozer\662_annot848_bulldozer.jpg,0,46,626,559,640,640,train
663,849,D:\whitevision\data\raw\test\Heavy_Equipment_5995_jpg.rf.e172e5d839fe35f56be10153ab95be5f.jpg,roller,D:\whitevision\data\crops\roller\663_annot849_roller.jpg,198,119,264,250,640,640,test
664,850,D:\whitevision\data\raw\test\Heavy_Equipment_3286_jpg.rf.e1c6384516444e0caaf5bdec42ba1770.jpg,grader,D:\whitevision\data\crops\grader\664_annot850_grader.jpg,28,27,612,528,640,640,train
665,851,D:\whitevision\data\raw\test\M_M_6334794-photo-camion_jpg.rf.e16d6004571f5be73b5367576cfc7429.jpg,mixer_truck,D:\whitevision\data\crops\mixer_truck\665_annot851_mixer_truck.jpg,2,48,630,576,640,640,train
666,852,D:\whitevision\data\raw\test\Heavy_Equipment_813_jpg.rf.dcd90dc5fa7930de658fba1b3e29427c.jpg,excavator,D:\whitevision\data\crops\excavator\666_annot852_excavator.jpg,123,55,194,280,640,640,train
666,853,D:\whitevision\data\raw\test\Heavy_Equipment_813_jpg.rf.dcd90dc5fa7930de658fba1b3e29427c.jpg,loader,D:\whitevision\data\crops\loader\666_annot853_loader.jpg,270,289,155,307,640,640,train
669,854,D:\whitevision\data\raw\test\Heavy_Equipment_2534_jpg.rf.e2d472520d5f847b4444bea332f00b23.jpg,dump_truck,D:\whitevision\data\crops\dump_truck\669_annot854_dump_truck.jpg,0,0,269,616,640,640,train
669,855,D:\whitevision\data\raw\test\Heavy_Equipment_2534_jpg.rf.e2d472520d5f847b4444bea332f00b23.jpg,loader,D:\whitevision\data\crops\loader\669_annot855_loader.jpg,237,168,288,307,640,640,train
670,856,D:\whitevision\data\raw\test\Heavy_Equipment_3931_jpg.rf.e0ed77d71fc494be47c2e1b6263d27b5.jpg,grader,D:\whitevision\data\crops\grader\670_annot856_grader.jpg,1,54,639,513,640,640,train
671,857,D:\whitevision\data\raw\test\Heavy_Equipment_1778_jpg.rf.e4e2cdbe36abf3354f5b9b569f4e4a76.jpg,loader,D:\whitevision\data\crops\loader\671_annot857_loader.jpg,0,233,273,352,640,640,train
671,858,D:\whitevision\data\raw\test\Heavy_Equipment_1778_jpg.rf.e4e2cdbe36abf3354f5b9b569f4e4a76.jpg,dump_truck,D:\whitevision\data\crops\dump_truck\671_annot858_dump_truck.jpg,436,264,159,201,640,640,train
672,859,D:\whitevision\data\raw\test\Heavy_Equipment_1289_jpg.rf.e40801894377403ccad12a11c7c84d6e.jpg,excavator,D:\whitevision\data\crops\excavator\672_annot859_excavator.jpg,119,82,247,360,640,640,train
672,860,D:\whitevision\data\raw\test\Heavy_Equipment_1289_jpg.rf.e40801894377403ccad12a11c7c84d6e.jpg,dump_truck,D:\whitevision\data\crops\dump_truck\672_annot860_dump_truck.jpg,389,306,108,211,640,640,train
673,861,D:\whitevision\data\raw\test\Heavy_Equipment_98_jpg.rf.e4d72366c72d557b27dc2d17427e41a0.jpg,bulldozer,D:\whitevision\data\crops\bulldozer\673_annot861_bulldozer.jpg,7,209,625,352,640,640,test
674,862,D:\whitevision\data\raw\test\M_M_9649_5466006869255_jpg.rf.e6128e5e4eba0013efd8d39a55e6b807.jpg,mixer_truck,D:\whitevision\data\crops\mixer_truck\674_annot862_mixer_truck.jpg,11,0,629,629,640,640,test
675,863,D:\whitevision\data\raw\test\Heavy_Equipment_2741_jpg.rf.e6071f8f9d6d8924eb79b96e1c50003e.jpg,mobile_crane,D:\whitevision\data\crops\mobile_crane\675_annot863_mobile_crane.jpg,107,0,335,618,640,640,train
676,864,D:\whitevision\data\raw\test\Heavy_Equipment_4101_jpg.rf.e846fcd360295855304b60924d0ef9b5.jpg,bulldozer,D:\whitevision\data\crops\bulldozer\676_annot864_bulldozer.jpg,19,142,563,498,640,640,train
677,865,D:\whitevision\data\raw\test\Heavy_Equipment_189_jpg.rf.e6f23b34eb039e4874de949c1ab36873.jpg,bulldozer,D:\whitevision\data\crops\bulldozer\677_annot865_bulldozer.jpg,0,19,634,614,640,640,train
678,866,D:\whitevision\data\raw\test\Heavy_Equipment_4267_jpg.rf.e59c13e0e3e09458ad4447f6a8bb7727.jpg,grader,D:\whitevision\data\crops\grader\678_annot866_grader.jpg,0,82,637,424,640,640,train
679,867,D:\whitevision\data\raw\test\Heavy_Equipment_166_jpg.rf.e42192841420273f340b5b676b71a339.jpg,excavator,D:\whitevision\data\crops\excavator\679_annot867_excavator.jpg,0,228,370,412,640,640,train
680,868,D:\whitevision\data\raw\test\Heavy_Equipment_3906_jpg.rf.e896188d696717cd52df9b340a779121.jpg,grader,D:\whitevision\data\crops\grader\680_annot868_grader.jpg,0,7,640,549,640,640,validation
681,869,D:\whitevision\data\raw\test\Heavy_Equipment_6217_jpg.rf.e659a6d781de6fdfdd870b70b5996d31.jpg,roller,D:\whitevision\data\crops\roller\681_annot869_roller.jpg,20,0,488,617,640,640,train
683,870,D:\whitevision\data\raw\test\Heavy_Equipment_215_jpg.rf.e5b626d28f23f0bdc39f2d7f75890a57.jpg,excavator,D:\whitevision\data\crops\excavator\683_annot870_excavator.jpg,203,106,159,336,640,640,train
683,871,D:\whitevision\data\raw\test\Heavy_Equipment_215_jpg.rf.e5b626d28f23f0bdc39f2d7f75890a57.jpg,dump_truck,D:\whitevision\data\crops\dump_truck\683_annot871_dump_truck.jpg,358,207,140,233,640,640,train
683,872,D:\whitevision\data\raw\test\Heavy_Equipment_215_jpg.rf.e5b626d28f23f0bdc39f2d7f75890a57.jpg,dump_truck,D:\whitevision\data\crops\dump_truck\683_annot872_dump_truck.jpg,339,97,138,118,640,640,train
684,873,D:\whitevision\data\raw\test\Heavy_Equipment_4758_jpg.rf.e7f3d59c8184c6015e3010f0c3457bfe.jpg,bulldozer,D:\whitevision\data\crops\bulldozer\684_annot873_bulldozer.jpg,127,52,391,505,640,640,train
686,874,D:\whitevision\data\raw\test\Heavy_Equipment_1184_jpg.rf.e89709e37cdeb76d3fb3115555087903.jpg,loader,D:\whitevision\data\crops\loader\686_annot874_loader.jpg,80,405,127,203,640,640,test
686,875,D:\whitevision\data\raw\test\Heavy_Equipment_1184_jpg.rf.e89709e37cdeb76d3fb3115555087903.jpg,excavator,D:\whitevision\data\crops\excavator\686_annot875_excavator.jpg,479,273,161,119,640,640,test
687,876,D:\whitevision\data\raw\test\Heavy_Equipment_382_jpg.rf.e8a5400fdfef14a0f13b983252fa53e7.jpg,dump_truck,D:\whitevision\data\crops\dump_truck\687_annot876_dump_truck.jpg,0,27,556,613,640,640,train
688,877,D:\whitevision\data\raw\test\Heavy_Equipment_4305_jpg.rf.e53d7169a65206b70d5e1e4dfefa37e0.jpg,bulldozer,D:\whitevision\data\crops\bulldozer\688_annot877_bulldozer.jpg,25,0,615,638,640,640,validation
689,878,D:\whitevision\data\raw\test\Heavy_Equipment_646_jpg.rf.e0cbd71a2b7caffe6bd764fd5f3742f3.jpg,mobile_crane,D:\whitevision\data\crops\mobile_crane\689_annot878_mobile_crane.jpg,0,41,640,523,640,640,validation
690,879,D:\whitevision\data\raw\test\Heavy_Equipment_5426_jpg.rf.e1d94559883e7fd74ab04f3b6a484734.jpg,roller,D:\whitevision\data\crops\roller\690_annot879_roller.jpg,214,126,228,217,640,640,train
691,880,D:\whitevision\data\raw\test\Heavy_Equipment_437_jpg.rf.e98e23b8c979bb90cbfacd90309c09e7.jpg,roller,D:\whitevision\data\crops\roller\691_annot880_roller.jpg,119,489,65,130,640,640,train
691,881,D:\whitevision\data\raw\test\Heavy_Equipment_437_jpg.rf.e98e23b8c979bb90cbfacd90309c09e7.jpg,dump_truck,D:\whitevision\data\crops\dump_truck\691_annot881_dump_truck.jpg,147,150,29,37,640,640,train
691,882,D:\whitevision\data\raw\test\Heavy_Equipment_437_jpg.rf.e98e23b8c979bb90cbfacd90309c09e7.jpg,excavator,D:\whitevision\data\crops\excavator\691_annot882_excavator.jpg,142,94,42,81,640,640,train
691,883,D:\whitevision\data\raw\test\Heavy_Equipment_437_jpg.rf.e98e23b8c979bb90cbfacd90309c09e7.jpg,excavator,D:\whitevision\data\crops\excavator\691_annot883_excavator.jpg,408,152,26,64,640,640,train
692,884,D:\whitevision\data\raw\test\Heavy_Equipment_2125_jpg.rf.e8d3a98985d4b573fe9a49283e8da673.jpg,mobile_crane,D:\whitevision\data\crops\mobile_crane\692_annot884_mobile_crane.jpg,248,205,179,269,640,640,train
692,885,D:\whitevision\data\raw\test\Heavy_Equipment_2125_jpg.rf.e8d3a98985d4b573fe9a49283e8da673.jpg,mobile_crane,D:\whitevision\data\crops\mobile_crane\692_annot885_mobile_crane.jpg,474,394,166,246,640,640,train
693,886,D:\whitevision\data\raw\test\Heavy_Equipment_1521_jpg.rf.ea24601aac4bfdc34479cf19b5459d0d.jpg,excavator,D:\whitevision\data\crops\excavator\693_annot886_excavator.jpg,61,0,185,625,640,640,train
693,887,D:\whitevision\data\raw\test\Heavy_Equipment_1521_jpg.rf.ea24601aac4bfdc34479cf19b5459d0d.jpg,loader,D:\whitevision\data\crops\loader\693_annot887_loader.jpg,406,230,226,410,640,640,train
694,888,D:\whitevision\data\raw\test\Heavy_Equipment_339_jpg.rf.eaa922533c699dafa332dc99049e1451.jpg,dump_truck,D:\whitevision\data\crops\dump_truck\694_annot888_dump_truck.jpg,93,124,151,83,640,640,validation
694,889,D:\whitevision\data\raw\test\Heavy_Equipment_339_jpg.rf.eaa922533c699dafa332dc99049e1451.jpg,loader,D:\whitevision\data\crops\loader\694_annot889_loader.jpg,224,136,212,240,640,640,validation
695,890,D:\whitevision\data\raw\test\Heavy_Equipment_2457_jpg.rf.e8f83b7c86fd0b43df9b40b7d73f78bb.jpg,mobile_crane,D:\whitevision\data\crops\mobile_crane\695_annot890_mobile_crane.jpg,198,426,61,178,640,640,train
695,891,D:\whitevision\data\raw\test\Heavy_Equipment_2457_jpg.rf.e8f83b7c86fd0b43df9b40b7d73f78bb.jpg,mobile_crane,D:\whitevision\data\crops\mobile_crane\695_annot891_mobile_crane.jpg,261,44,101,555,640,640,train
696,892,D:\whitevision\data\raw\test\Heavy_Equipment_1386_jpg.rf.e8ba9baaab3a66f71aa14d30a7c02e45.jpg,dump_truck,D:\whitevision\data\crops\dump_truck\696_annot892_dump_truck.jpg,0,175,386,288,640,640,train
697,893,D:\whitevision\data\raw\test\Heavy_Equipment_3670_jpg.rf.ebb58f67caf7142ed703349a1303145d.jpg,grader,D:\whitevision\data\crops\grader\697_annot893_grader.jpg,11,12,629,564,640,640,train
699,894,D:\whitevision\data\raw\test\Heavy_Equipment_1032_jpg.rf.e8d961c3b2084fbd4755434940bdcda7.jpg,loader,D:\whitevision\data\crops\loader\699_annot894_loader.jpg,262,216,370,309,640,640,train
699,895,D:\whitevision\data\raw\test\Heavy_Equipment_1032_jpg.rf.e8d961c3b2084fbd4755434940bdcda7.jpg,dump_truck,D:\whitevision\data\crops\dump_truck\699_annot895_dump_truck.jpg,0,194,220,389,640,640,train
699,896,D:\whitevision\data\raw\test\Heavy_Equipment_1032_jpg.rf.e8d961c3b2084fbd4755434940bdcda7.jpg,excavator,D:\whitevision\data\crops\excavator\699_annot896_excavator.jpg,491,16,59,323,640,640,train
700,897,D:\whitevision\data\raw\test\Heavy_Equipment_6108_jpg.rf.ed47348bfcee5653dfcce555a646794a.jpg,roller,D:\whitevision\data\crops\roller\700_annot897_roller.jpg,168,109,285,301,640,640,train
701,898,D:\whitevision\data\raw\test\Heavy_Equipment_2878_jpg.rf.ea39ad35e653f9ffae73d29858079154.jpg,loader,D:\whitevision\data\crops\loader\701_annot898_loader.jpg,18,112,604,507,640,640,train
701,899,D:\whitevision\data\raw\test\Heavy_Equipment_2878_jpg.rf.ea39ad35e653f9ffae73d29858079154.jpg,dump_truck,D:\whitevision\data\crops\dump_truck\701_annot899_dump_truck.jpg,0,249,101,331,640,640,train
702,900,D:\whitevision\data\raw\test\Heavy_Equipment_2520_jpg.rf.ef88bdb54af20b8364c82e83480974b4.jpg,mobile_crane,D:\whitevision\data\crops\mobile_crane\702_annot900_mobile_crane.jpg,95,0,435,613,640,640,train
702,901,D:\whitevision\data\raw\test\Heavy_Equipment_2520_jpg.rf.ef88bdb54af20b8364c82e83480974b4.jpg,mobile_crane,D:\whitevision\data\crops\mobile_crane\702_annot901_mobile_crane.jpg,430,436,83,50,640,640,train
703,902,D:\whitevision\data\raw\test\Heavy_Equipment_6205_jpg.rf.ee148b86f83f4d0f58cf9ab87be27559.jpg,roller,D:\whitevision\data\crops\roller\703_annot902_roller.jpg,203,149,205,234,640,640,train
704,903,D:\whitevision\data\raw\test\Heavy_Equipment_1008_jpg.rf.ee4452010efcec4e8f9cdbfbbb42dade.jpg,excavator,D:\whitevision\data\crops\excavator\704_annot903_excavator.jpg,40,16,600,624,640,640,train
705,904,D:\whitevision\data\raw\test\Heavy_Equipment_5582_jpg.rf.ee0661a85bd436e2f29d3a3547704e69.jpg,roller,D:\whitevision\data\crops\roller\705_annot904_roller.jpg,64,0,551,449,640,640,test
706,905,D:\whitevision\data\raw\test\Heavy_Equipment_2182_jpg.rf.ee9a7c5e0b6ef0851df69e1440438735.jpg,excavator,D:\whitevision\data\crops\excavator\706_annot905_excavator.jpg,216,105,211,292,640,640,train
706,906,D:\whitevision\data\raw\test\Heavy_Equipment_2182_jpg.rf.ee9a7c5e0b6ef0851df69e1440438735.jpg,dump_truck,D:\whitevision\data\crops\dump_truck\706_annot906_dump_truck.jpg,307,336,193,181,640,640,train
707,907,D:\whitevision\data\raw\test\Heavy_Equipment_76_jpg.rf.f02cb5990dc14a37c1b1a27aa62a73fb.jpg,excavator,D:\whitevision\data\crops\excavator\707_annot907_excavator.jpg,201,140,69,135,640,640,validation
707,908,D:\whitevision\data\raw\test\Heavy_Equipment_76_jpg.rf.f02cb5990dc14a37c1b1a27aa62a73fb.jpg,dump_truck,D:\whitevision\data\crops\dump_truck\707_annot908_dump_truck.jpg,239,151,57,58,640,640,validation
707,909,D:\whitevision\data\raw\test\Heavy_Equipment_76_jpg.rf.f02cb5990dc14a37c1b1a27aa62a73fb.jpg,dump_truck,D:\whitevision\data\crops\dump_truck\707_annot909_dump_truck.jpg,291,182,35,79,640,640,validation
707,910,D:\whitevision\data\raw\test\Heavy_Equipment_76_jpg.rf.f02cb5990dc14a37c1b1a27aa62a73fb.jpg,dump_truck,D:\whitevision\data\crops\dump_truck\707_annot910_dump_truck.jpg,365,247,68,108,640,640,validation
707,911,D:\whitevision\data\raw\test\Heavy_Equipment_76_jpg.rf.f02cb5990dc14a37c1b1a27aa62a73fb.jpg,excavator,D:\whitevision\data\crops\excavator\707_annot911_excavator.jpg,246,131,234,291,640,640,validation
707,912,D:\whitevision\data\raw\test\Heavy_Equipment_76_jpg.rf.f02cb5990dc14a37c1b1a27aa62a73fb.jpg,dump_truck,D:\whitevision\data\crops\dump_truck\707_annot912_dump_truck.jpg,527,93,17,52,640,640,validation
707,913,D:\whitevision\data\raw\test\Heavy_Equipment_76_jpg.rf.f02cb5990dc14a37c1b1a27aa62a73fb.jpg,dump_truck,D:\whitevision\data\crops\dump_truck\707_annot913_dump_truck.jpg,463,60,16,16,640,640,validation
708,914,D:\whitevision\data\raw\test\Heavy_Equipment_4090_jpg.rf.effa335f364aeef1764649521788618a.jpg,bulldozer,D:\whitevision\data\crops\bulldozer\708_annot914_bulldozer.jpg,57,142,508,430,640,640,train
709,915,D:\whitevision\data\raw\test\Heavy_Equipment_289_jpg.rf.eb6d8206e4f5754b6b0cd1b4d0354af3.jpg,bulldozer,D:\whitevision\data\crops\bulldozer\709_annot915_bulldozer.jpg,0,0,640,640,640,640,train
710,916,D:\whitevision\data\raw\test\Heavy_Equipment_478_jpg.rf.effac57ec8d49d17eb4d45f369b08cae.jpg,excavator,D:\whitevision\data\crops\excavator\710_annot916_excavator.jpg,439,311,85,97,640,640,train
710,917,D:\whitevision\data\raw\test\Heavy_Equipment_478_jpg.rf.effac57ec8d49d17eb4d45f369b08cae.jpg,bulldozer,D:\whitevision\data\crops\bulldozer\710_annot917_bulldozer.jpg,125,254,220,217,640,640,train
711,918,D:\whitevision\data\raw\test\Heavy_Equipment_2271_jpg.rf.f12fcc9104584b6e91c21c89b66f4234.jpg,mobile_crane,D:\whitevision\data\crops\mobile_crane\711_annot918_mobile_crane.jpg,55,0,500,609,640,640,train
713,919,D:\whitevision\data\raw\test\Heavy_Equipment_4072_jpg.rf.f2583f3473a82be49321e2b2cf5edc8e.jpg,grader,D:\whitevision\data\crops\grader\713_annot919_grader.jpg,0,0,640,640,640,640,train
714,920,D:\whitevision\data\raw\test\Heavy_Equipment_4069_jpg.rf.f493fc86e1138c2e19e7526dc18869a3.jpg,bulldozer,D:\whitevision\data\crops\bulldozer\714_annot920_bulldozer.jpg,0,37,640,459,640,640,train
715,921,D:\whitevision\data\raw\test\Heavy_Equipment_5374_jpg.rf.f1f08be28ee35719d6aa1c237c7e236d.jpg,roller,D:\whitevision\data\crops\roller\715_annot921_roller.jpg,133,79,441,530,640,640,test
716,922,D:\whitevision\data\raw\test\Heavy_Equipment_3518_jpg.rf.f663fbb1a099712c7d970df416656fa6.jpg,bulldozer,D:\whitevision\data\crops\bulldozer\716_annot922_bulldozer.jpg,227,131,413,410,640,640,train
717,923,D:\whitevision\data\raw\test\Heavy_Equipment_13_jpg.rf.f3d86b39557d04bd41641e3efca7b622.jpg,dump_truck,D:\whitevision\data\crops\dump_truck\717_annot923_dump_truck.jpg,0,145,640,401,640,640,train
719,924,D:\whitevision\data\raw\test\Heavy_Equipment_3720_jpg.rf.f6e68dc7b66bbcd54809647739b5f53c.jpg,grader,D:\whitevision\data\crops\grader\719_annot924_grader.jpg,67,108,419,456,640,640,train
720,925,D:\whitevision\data\raw\test\Heavy_Equipment_2677_jpg.rf.f3e628b9cd33904c33fd1edff4f30ed9.jpg,excavator,D:\whitevision\data\crops\excavator\720_annot925_excavator.jpg,12,0,248,447,640,640,validation
720,926,D:\whitevision\data\raw\test\Heavy_Equipment_2677_jpg.rf.f3e628b9cd33904c33fd1edff4f30ed9.jpg,dump_truck,D:\whitevision\data\crops\dump_truck\720_annot926_dump_truck.jpg,211,342,80,71,640,640,validation
721,927,D:\whitevision\data\raw\test\Heavy_Equipment_2619_jpg.rf.f20aff97b76d387e9c086a7adcd48306.jpg,excavator,D:\whitevision\data\crops\excavator\721_annot927_excavator.jpg,0,0,640,553,640,640,validation
722,928,D:\whitevision\data\raw\test\Heavy_Equipment_797_jpg.rf.f2686f97a403e52a56f7177aa53f56cc.jpg,loader,D:\whitevision\data\crops\loader\722_annot928_loader.jpg,90,42,550,598,640,640,test
722,929,D:\whitevision\data\raw\test\Heavy_Equipment_797_jpg.rf.f2686f97a403e52a56f7177aa53f56cc.jpg,dump_truck,D:\whitevision\data\crops\dump_truck\722_annot929_dump_truck.jpg,41,105,338,416,640,640,test
723,930,D:\whitevision\data\raw\test\Heavy_Equipment_2981_jpg.rf.f2a08c1bc8bfeeee4767b1d5c8b353ee.jpg,grader,D:\whitevision\data\crops\grader\723_annot930_grader.jpg,0,0,640,640,640,640,train
724,931,D:\whitevision\data\raw\test\Heavy_Equipment_3080_jpg.rf.f2e756947a4ed6d204dc4deea20483bf.jpg,grader,D:\whitevision\data\crops\grader\724_annot931_grader.jpg,16,7,596,633,640,640,test
727,932,D:\whitevision\data\raw\test\M_M_images90_jpg.rf.f70854bbe50a45cf6c7b369d117ad79c.jpg,mixer_truck,D:\whitevision\data\crops\mixer_truck\727_annot932_mixer_truck.jpg,49,0,542,635,640,640,validation
727,933,D:\whitevision\data\raw\test\M_M_images90_jpg.rf.f70854bbe50a45cf6c7b369d117ad79c.jpg,mixer_truck,D:\whitevision\data\crops\mixer_truck\727_annot933_mixer_truck.jpg,618,311,22,118,640,640,validation
727,934,D:\whitevision\data\raw\test\M_M_images90_jpg.rf.f70854bbe50a45cf6c7b369d117ad79c.jpg,mixer_truck,D:\whitevision\data\crops\mixer_truck\727_annot934_mixer_truck.jpg,550,313,74,109,640,640,validation
728,935,D:\whitevision\data\raw\test\Heavy_Equipment_386_jpg.rf.f8d1652dbc477b286940062e02bdfd8e.jpg,excavator,D:\whitevision\data\crops\excavator\728_annot935_excavator.jpg,106,172,247,379,640,640,train
728,936,D:\whitevision\data\raw\test\Heavy_Equipment_386_jpg.rf.f8d1652dbc477b286940062e02bdfd8e.jpg,excavator,D:\whitevision\data\crops\excavator\728_annot936_excavator.jpg,352,376,31,68,640,640,train
728,937,D:\whitevision\data\raw\test\Heavy_Equipment_386_jpg.rf.f8d1652dbc477b286940062e02bdfd8e.jpg,dump_truck,D:\whitevision\data\crops\dump_truck\728_annot937_dump_truck.jpg,373,395,93,61,640,640,train
728,938,D:\whitevision\data\raw\test\Heavy_Equipment_386_jpg.rf.f8d1652dbc477b286940062e02bdfd8e.jpg,excavator,D:\whitevision\data\crops\excavator\728_annot938_excavator.jpg,432,312,38,85,640,640,train
729,939,D:\whitevision\data\raw\test\Heavy_Equipment_1034_jpg.rf.f81a058d415a3bb953b507655e70d1ee.jpg,excavator,D:\whitevision\data\crops\excavator\729_annot939_excavator.jpg,203,99,211,475,640,640,train
729,940,D:\whitevision\data\raw\test\Heavy_Equipment_1034_jpg.rf.f81a058d415a3bb953b507655e70d1ee.jpg,dump_truck,D:\whitevision\data\crops\dump_truck\729_annot940_dump_truck.jpg,447,279,159,244,640,640,train
730,941,D:\whitevision\data\raw\test\Heavy_Equipment_2537_jpg.rf.f8e5e3a4bec2847d4691531bf9772379.jpg,excavator,D:\whitevision\data\crops\excavator\730_annot941_excavator.jpg,63,0,325,640,640,640,train
731,942,D:\whitevision\data\raw\test\Heavy_Equipment_4897_jpg.rf.f7a6cf79a828895294f89c68568f17fa.jpg,bulldozer,D:\whitevision\data\crops\bulldozer\731_annot942_bulldozer.jpg,54,13,586,577,640,640,train
732,943,D:\whitevision\data\raw\test\Heavy_Equipment_2275_jpg.rf.f9718fe6591c9e7baf2f06781db89611.jpg,dump_truck,D:\whitevision\data\crops\dump_truck\732_annot943_dump_truck.jpg,31,165,244,270,640,640,train
732,944,D:\whitevision\data\raw\test\Heavy_Equipment_2275_jpg.rf.f9718fe6591c9e7baf2f06781db89611.jpg,loader,D:\whitevision\data\crops\loader\732_annot944_loader.jpg,320,236,306,256,640,640,train
732,945,D:\whitevision\data\raw\test\Heavy_Equipment_2275_jpg.rf.f9718fe6591c9e7baf2f06781db89611.jpg,loader,D:\whitevision\data\crops\loader\732_annot945_loader.jpg,390,24,126,95,640,640,train
732,946,D:\whitevision\data\raw\test\Heavy_Equipment_2275_jpg.rf.f9718fe6591c9e7baf2f06781db89611.jpg,loader,D:\whitevision\data\crops\loader\732_annot946_loader.jpg,455,13,92,120,640,640,train
733,947,D:\whitevision\data\raw\test\Heavy_Equipment_1276_jpg.rf.f9899d0c7c1b68eee6b0e021cc85d7e4.jpg,loader,D:\whitevision\data\crops\loader\733_annot947_loader.jpg,439,255,49,89,640,640,train
733,948,D:\whitevision\data\raw\test\Heavy_Equipment_1276_jpg.rf.f9899d0c7c1b68eee6b0e021cc85d7e4.jpg,loader,D:\whitevision\data\crops\loader\733_annot948_loader.jpg,392,259,47,79,640,640,train
733,949,D:\whitevision\data\raw\test\Heavy_Equipment_1276_jpg.rf.f9899d0c7c1b68eee6b0e021cc85d7e4.jpg,loader,D:\whitevision\data\crops\loader\733_annot949_loader.jpg,344,262,51,78,640,640,train
733,950,D:\whitevision\data\raw\test\Heavy_Equipment_1276_jpg.rf.f9899d0c7c1b68eee6b0e021cc85d7e4.jpg,dump_truck,D:\whitevision\data\crops\dump_truck\733_annot950_dump_truck.jpg,93,242,63,86,640,640,train
733,951,D:\whitevision\data\raw\test\Heavy_Equipment_1276_jpg.rf.f9899d0c7c1b68eee6b0e021cc85d7e4.jpg,dump_truck,D:\whitevision\data\crops\dump_truck\733_annot951_dump_truck.jpg,0,261,97,62,640,640,train
733,952,D:\whitevision\data\raw\test\Heavy_Equipment_1276_jpg.rf.f9899d0c7c1b68eee6b0e021cc85d7e4.jpg,excavator,D:\whitevision\data\crops\excavator\733_annot952_excavator.jpg,283,216,69,127,640,640,train
733,953,D:\whitevision\data\raw\test\Heavy_Equipment_1276_jpg.rf.f9899d0c7c1b68eee6b0e021cc85d7e4.jpg,grader,D:\whitevision\data\crops\grader\733_annot953_grader.jpg,215,227,74,112,640,640,train
733,954,D:\whitevision\data\raw\test\Heavy_Equipment_1276_jpg.rf.f9899d0c7c1b68eee6b0e021cc85d7e4.jpg,excavator,D:\whitevision\data\crops\excavator\733_annot954_excavator.jpg,136,124,97,278,640,640,train
734,955,D:\whitevision\data\raw\test\Heavy_Equipment_3694_jpg.rf.fb32b4b5aea8262f527289f5aa5ef448.jpg,grader,D:\whitevision\data\crops\grader\734_annot955_grader.jpg,0,12,640,628,640,640,train
735,956,D:\whitevision\data\raw\test\Heavy_Equipment_1535_jpg.rf.f12ba5c9e208d6fbcc5fa4768a749661.jpg,dump_truck,D:\whitevision\data\crops\dump_truck\735_annot956_dump_truck.jpg,148,43,138,156,640,640,train
735,957,D:\whitevision\data\raw\test\Heavy_Equipment_1535_jpg.rf.f12ba5c9e208d6fbcc5fa4768a749661.jpg,dump_truck,D:\whitevision\data\crops\dump_truck\735_annot957_dump_truck.jpg,88,110,94,269,640,640,train
735,958,D:\whitevision\data\raw\test\Heavy_Equipment_1535_jpg.rf.f12ba5c9e208d6fbcc5fa4768a749661.jpg,excavator,D:\whitevision\data\crops\excavator\735_annot958_excavator.jpg,233,55,229,556,640,640,train
736,959,D:\whitevision\data\raw\test\Heavy_Equipment_2416_jpg.rf.f863d2867f9e0b95e8a2d99729ae0bc8.jpg,mobile_crane,D:\whitevision\data\crops\mobile_crane\736_annot959_mobile_crane.jpg,66,0,464,528,640,640,validation
737,960,D:\whitevision\data\raw\test\Heavy_Equipment_1221_jpg.rf.f7e8132088de44172ea6b64db200bfec.jpg,loader,D:\whitevision\data\crops\loader\737_annot960_loader.jpg,473,0,72,65,640,640,train
737,961,D:\whitevision\data\raw\test\Heavy_Equipment_1221_jpg.rf.f7e8132088de44172ea6b64db200bfec.jpg,excavator,D:\whitevision\data\crops\excavator\737_annot961_excavator.jpg,212,0,230,323,640,640,train
737,962,D:\whitevision\data\raw\test\Heavy_Equipment_1221_jpg.rf.f7e8132088de44172ea6b64db200bfec.jpg,excavator,D:\whitevision\data\crops\excavator\737_annot962_excavator.jpg,0,0,141,148,640,640,train
738,963,D:\whitevision\data\raw\test\Heavy_Equipment_5319_jpg.rf.fbf0cb66bb7522faefcece08dd56d31c.jpg,roller,D:\whitevision\data\crops\roller\738_annot963_roller.jpg,211,0,326,434,640,640,train
739,964,D:\whitevision\data\raw\test\Heavy_Equipment_1780_jpg.rf.fc090b669f84f717edb87b157e3e2136.jpg,excavator,D:\whitevision\data\crops\excavator\739_annot964_excavator.jpg,46,247,195,346,640,640,train
740,965,D:\whitevision\data\raw\test\Heavy_Equipment_1188_jpg.rf.f9b9a20bf62a2f96b93ffe77b70d0c90.jpg,excavator,D:\whitevision\data\crops\excavator\740_annot965_excavator.jpg,55,38,563,586,640,640,train
741,966,D:\whitevision\data\raw\test\Heavy_Equipment_1532_jpg.rf.fc1d2926ffd6d8db69332ee088f937a8.jpg,excavator,D:\whitevision\data\crops\excavator\741_annot966_excavator.jpg,0,0,640,640,640,640,train
741,967,D:\whitevision\data\raw\test\Heavy_Equipment_1532_jpg.rf.fc1d2926ffd6d8db69332ee088f937a8.jpg,dump_truck,D:\whitevision\data\crops\dump_truck\741_annot967_dump_truck.jpg,227,184,240,247,640,640,train
741,968,D:\whitevision\data\raw\test\Heavy_Equipment_1532_jpg.rf.fc1d2926ffd6d8db69332ee088f937a8.jpg,dump_truck,D:\whitevision\data\crops\dump_truck\741_annot968_dump_truck.jpg,592,34,48,107,640,640,train
741,969,D:\whitevision\data\raw\test\Heavy_Equipment_1532_jpg.rf.fc1d2926ffd6d8db69332ee088f937a8.jpg,dump_truck,D:\whitevision\data\crops\dump_truck\741_annot969_dump_truck.jpg,533,0,64,51,640,640,train
741,970,D:\whitevision\data\raw\test\Heavy_Equipment_1532_jpg.rf.fc1d2926ffd6d8db69332ee088f937a8.jpg,dump_truck,D:\whitevision\data\crops\dump_truck\741_annot970_dump_truck.jpg,464,0,69,56,640,640,train
741,971,D:\whitevision\data\raw\test\Heavy_Equipment_1532_jpg.rf.fc1d2926ffd6d8db69332ee088f937a8.jpg,dump_truck,D:\whitevision\data\crops\dump_truck\741_annot971_dump_truck.jpg,403,0,69,58,640,640,train
742,972,D:\whitevision\data\raw\test\Heavy_Equipment_956_jpg.rf.fe08473b19e01a8f37117d8ae5ac4141.jpg,dump_truck,D:\whitevision\data\crops\dump_truck\742_annot972_dump_truck.jpg,313,25,115,182,640,640,train
742,973,D:\whitevision\data\raw\test\Heavy_Equipment_956_jpg.rf.fe08473b19e01a8f37117d8ae5ac4141.jpg,dump_truck,D:\whitevision\data\crops\dump_truck\742_annot973_dump_truck.jpg,9,146,151,442,640,640,train
742,974,D:\whitevision\data\raw\test\Heavy_Equipment_956_jpg.rf.fe08473b19e01a8f37117d8ae5ac4141.jpg,excavator,D:\whitevision\data\crops\excavator\742_annot974_excavator.jpg,13,0,627,640,640,640,train
742,975,D:\whitevision\data\raw\test\Heavy_Equipment_956_jpg.rf.fe08473b19e01a8f37117d8ae5ac4141.jpg,dump_truck,D:\whitevision\data\crops\dump_truck\742_annot975_dump_truck.jpg,531,0,109,72,640,640,train
742,976,D:\whitevision\data\raw\test\Heavy_Equipment_956_jpg.rf.fe08473b19e01a8f37117d8ae5ac4141.jpg,dump_truck,D:\whitevision\data\crops\dump_truck\742_annot976_dump_truck.jpg,479,13,50,79,640,640,train
745,977,D:\whitevision\data\raw\test\Heavy_Equipment_1831_jpg.rf.faae2719fe65655d6eef3921c29fb882.jpg,excavator,D:\whitevision\data\crops\excavator\745_annot977_excavator.jpg,118,0,456,522,640,640,test
745,978,D:\whitevision\data\raw\test\Heavy_Equipment_1831_jpg.rf.faae2719fe65655d6eef3921c29fb882.jpg,excavator,D:\whitevision\data\crops\excavator\745_annot978_excavator.jpg,19,108,248,343,640,640,test
747,979,D:\whitevision\data\raw\test\Heavy_Equipment_2901_jpg.rf.fb540ec0ef9cae49c697b78b65743f80.jpg,excavator,D:\whitevision\data\crops\excavator\747_annot979_excavator.jpg,11,0,212,509,640,640,test
747,980,D:\whitevision\data\raw\test\Heavy_Equipment_2901_jpg.rf.fb540ec0ef9cae49c697b78b65743f80.jpg,excavator,D:\whitevision\data\crops\excavator\747_annot980_excavator.jpg,239,31,130,387,640,640,test
747,981,D:\whitevision\data\raw\test\Heavy_Equipment_2901_jpg.rf.fb540ec0ef9cae49c697b78b65743f80.jpg,excavator,D:\whitevision\data\crops\excavator\747_annot981_excavator.jpg,336,26,304,460,640,640,test
748,982,D:\whitevision\data\raw\test\Heavy_Equipment_1443_jpg.rf.fdf5a48deb65e1b55b54dd2527f000a7.jpg,loader,D:\whitevision\data\crops\loader\748_annot982_loader.jpg,195,95,218,339,640,640,train
748,983,D:\whitevision\data\raw\test\Heavy_Equipment_1443_jpg.rf.fdf5a48deb65e1b55b54dd2527f000a7.jpg,dump_truck,D:\whitevision\data\crops\dump_truck\748_annot983_dump_truck.jpg,343,234,84,155,640,640,train
749,984,D:\whitevision\data\raw\test\Heavy_Equipment_1401_jpg.rf.feb64e2dd66c57b0ea304fafb9038c67.jpg,excavator,D:\whitevision\data\crops\excavator\749_annot984_excavator.jpg,99,0,390,512,640,640,train
749,985,D:\whitevision\data\raw\test\Heavy_Equipment_1401_jpg.rf.feb64e2dd66c57b0ea304fafb9038c67.jpg,dump_truck,D:\whitevision\data\crops\dump_truck\749_annot985_dump_truck.jpg,24,201,258,228,640,640,train
749,986,D:\whitevision\data\raw\test\Heavy_Equipment_1401_jpg.rf.feb64e2dd66c57b0ea304fafb9038c67.jpg,dump_truck,D:\whitevision\data\crops\dump_truck\749_annot986_dump_truck.jpg,158,413,482,227,640,640,train
750,987,D:\whitevision\data\raw\test\Heavy_Equipment_5259_jpg.rf.fdf27b1fd240216d4422ef587cdde638.jpg,roller,D:\whitevision\data\crops\roller\750_annot987_roller.jpg,204,124,251,239,640,640,train
751,988,D:\whitevision\data\raw\test\Heavy_Equipment_2883_jpg.rf.ff28e501001c329cdd65f2233e7012b4.jpg,dump_truck,D:\whitevision\data\crops\dump_truck\751_annot988_dump_truck.jpg,152,82,379,421,640,640,train
752,989,D:\whitevision\data\raw\test\Heavy_Equipment_2733_jpg.rf.f75e87c594317de4418f2bdffde3e9bb.jpg,mobile_crane,D:\whitevision\data\crops\mobile_crane\752_annot989_mobile_crane.jpg,199,195,346,311,640,640,train
754,990,D:\whitevision\data\raw\test\Heavy_Equipment_3296_jpg.rf.ff754bc1d28982af01a891a9ee50d032.jpg,bulldozer,D:\whitevision\data\crops\bulldozer\754_annot990_bulldozer.jpg,40,109,487,465,640,640,train
755,991,D:\whitevision\data\raw\test\Heavy_Equipment_439_jpg.rf.fb49faa1382c40b842ee6c71b5f5d149.jpg,excavator,D:\whitevision\data\crops\excavator\755_annot991_excavator.jpg,0,0,449,477,640,640,train
756,992,D:\whitevision\data\raw\test\Heavy_Equipment_766_jpg.rf.fec2da04d38c71fa49b7611e6dcc052d.jpg,excavator,D:\whitevision\data\crops\excavator\756_annot992_excavator.jpg,541,141,99,244,640,640,train
0,0,D:\whitevision\data\raw\valid\Heavy_Equipment_5221_jpg.rf.00dc58c271030d68a370bb40c382db61.jpg,roller,D:\whitevision\data\crops\roller\0_annot0_roller.jpg,130,0,345,355,640,640,train
1,1,D:\whitevision\data\raw\valid\Heavy_Equipment_404_jpg.rf.00edc99f64779fdba4c6fcda3bfe85c7.jpg,dump_truck,D:\whitevision\data\crops\dump_truck\1_annot1_dump_truck.jpg,76,0,537,640,640,640,test
2,2,D:\whitevision\data\raw\valid\M_D_-id-72894433-type-or_jpg.rf.014b31801de6e4439f14bb79576dbeb0.jpg,mixer_truck,D:\whitevision\data\crops\mixer_truck\2_annot2_mixer_truck.jpg,38,49,600,476,640,640,train
3,3,D:\whitevision\data\raw\valid\Heavy_Equipment_5753_jpg.rf.01af3d76a8804c5594a2bda1b1f6ac66.jpg,roller,D:\whitevision\data\crops\roller\3_annot3_roller.jpg,48,0,557,386,640,640,train
4,4,D:\whitevision\data\raw\valid\Heavy_Equipment_739_jpg.rf.0102535a69352064f7da128a553ee48c.jpg,excavator,D:\whitevision\data\crops\excavator\4_annot4_excavator.jpg,172,0,233,478,640,640,validation
4,5,D:\whitevision\data\raw\valid\Heavy_Equipment_739_jpg.rf.0102535a69352064f7da128a553ee48c.jpg,excavator,D:\whitevision\data\crops\excavator\4_annot5_excavator.jpg,575,156,64,182,640,640,validation
5,6,D:\whitevision\data\raw\valid\M_M_images33_jpg.rf.01bffa5d91d76a8553d2a59ef05d6691.jpg,mixer_truck,D:\whitevision\data\crops\mixer_truck\5_annot6_mixer_truck.jpg,0,3,640,622,640,640,train
6,7,D:\whitevision\data\raw\valid\Heavy_Equipment_132_jpg.rf.00f97046c3f3e68ef07f53a229c5cb64.jpg,excavator,D:\whitevision\data\crops\excavator\6_annot7_excavator.jpg,242,112,327,498,640,640,test
6,8,D:\whitevision\data\raw\valid\Heavy_Equipment_132_jpg.rf.00f97046c3f3e68ef07f53a229c5cb64.jpg,dump_truck,D:\whitevision\data\crops\dump_truck\6_annot8_dump_truck.jpg,478,260,162,226,640,640,test
7,9,D:\whitevision\data\raw\valid\Heavy_Equipment_2396_jpg.rf.01b68ecaa0c327550f94ef6207309213.jpg,dump_truck,D:\whitevision\data\crops\dump_truck\7_annot9_dump_truck.jpg,519,395,121,189,640,640,validation
7,10,D:\whitevision\data\raw\valid\Heavy_Equipment_2396_jpg.rf.01b68ecaa0c327550f94ef6207309213.jpg,loader,D:\whitevision\data\crops\loader\7_annot10_loader.jpg,356,346,56,89,640,640,validation
8,11,D:\whitevision\data\raw\valid\Heavy_Equipment_6336_JPG.rf.01d122ca43617dca8fed90fe00854f27.jpg,excavator,D:\whitevision\data\crops\excavator\8_annot11_excavator.jpg,208,0,320,524,640,640,train
9,12,D:\whitevision\data\raw\valid\Heavy_Equipment_133_jpg.rf.021c48c13f710f8d83f9711efcd75957.jpg,excavator,D:\whitevision\data\crops\excavator\9_annot12_excavator.jpg,87,38,355,602,640,640,train
9,13,D:\whitevision\data\raw\valid\Heavy_Equipment_133_jpg.rf.021c48c13f710f8d83f9711efcd75957.jpg,dump_truck,D:\whitevision\data\crops\dump_truck\9_annot13_dump_truck.jpg,109,96,63,101,640,640,train
9,14,D:\whitevision\data\raw\valid\Heavy_Equipment_133_jpg.rf.021c48c13f710f8d83f9711efcd75957.jpg,dump_truck,D:\whitevision\data\crops\dump_truck\9_annot14_dump_truck.jpg,160,105,28,39,640,640,train
9,15,D:\whitevision\data\raw\valid\Heavy_Equipment_133_jpg.rf.021c48c13f710f8d83f9711efcd75957.jpg,excavator,D:\whitevision\data\crops\excavator\9_annot15_excavator.jpg,372,80,25,42,640,640,train
10,16,D:\whitevision\data\raw\valid\Heavy_Equipment_5930_jpg.rf.021cd81c40a8a1321958300380211f01.jpg,roller,D:\whitevision\data\crops\roller\10_annot16_roller.jpg,126,88,355,324,640,640,train
11,17,D:\whitevision\data\raw\valid\Heavy_Equipment_1511_jpg.rf.02356c77d05adc3fda3f41f1ff38306e.jpg,excavator,D:\whitevision\data\crops\excavator\11_annot17_excavator.jpg,273,33,367,434,640,640,train
12,18,D:\whitevision\data\raw\valid\Heavy_Equipment_5629_jpg.rf.01afcca46a63fe9f157e8bf76c77f357.jpg,roller,D:\whitevision\data\crops\roller\12_annot18_roller.jpg,176,73,238,301,640,640,train
13,19,D:\whitevision\data\raw\valid\M_M_images7_jpg.rf.0223a2a1f223a37b14d0afe1ba805508.jpg,mixer_truck,D:\whitevision\data\crops\mixer_truck\13_annot19_mixer_truck.jpg,0,122,640,513,640,640,train
14,20,D:\whitevision\data\raw\valid\Heavy_Equipment_2639_jpg.rf.03a1019698fd7843b23edf581253b7f9.jpg,excavator,D:\whitevision\data\crops\excavator\14_annot20_excavator.jpg,251,80,181,394,640,640,test
14,21,D:\whitevision\data\raw\valid\Heavy_Equipment_2639_jpg.rf.03a1019698fd7843b23edf581253b7f9.jpg,dump_truck,D:\whitevision\data\crops\dump_truck\14_annot21_dump_truck.jpg,119,159,160,137,640,640,test
15,22,D:\whitevision\data\raw\valid\Heavy_Equipment_832_jpg.rf.02763ac8e82b145ab8a1e0cd5fb8d842.jpg,loader,D:\whitevision\data\crops\loader\15_annot22_loader.jpg,214,239,150,295,640,640,test
15,23,D:\whitevision\data\raw\valid\Heavy_Equipment_832_jpg.rf.02763ac8e82b145ab8a1e0cd5fb8d842.jpg,dump_truck,D:\whitevision\data\crops\dump_truck\15_annot23_dump_truck.jpg,0,19,171,182,640,640,test
16,24,D:\whitevision\data\raw\valid\M_D_image20_jpeg.rf.029143f26669b3c5c440f9db86a83dc4.jpg,mixer_truck,D:\whitevision\data\crops\mixer_truck\16_annot24_mixer_truck.jpg,0,53,601,563,640,640,train
17,25,D:\whitevision\data\raw\valid\Heavy_Equipment_1723_jpg.rf.028e7ffef5e8350959417696590e2a65.jpg,excavator,D:\whitevision\data\crops\excavator\17_annot25_excavator.jpg,505,56,135,141,640,640,validation
17,26,D:\whitevision\data\raw\valid\Heavy_Equipment_1723_jpg.rf.028e7ffef5e8350959417696590e2a65.jpg,dump_truck,D:\whitevision\data\crops\dump_truck\17_annot26_dump_truck.jpg,557,154,83,174,640,640,validation
17,27,D:\whitevision\data\raw\valid\Heavy_Equipment_1723_jpg.rf.028e7ffef5e8350959417696590e2a65.jpg,dump_truck,D:\whitevision\data\crops\dump_truck\17_annot27_dump_truck.jpg,127,130,185,181,640,640,validation
17,28,D:\whitevision\data\raw\valid\Heavy_Equipment_1723_jpg.rf.028e7ffef5e8350959417696590e2a65.jpg,dump_truck,D:\whitevision\data\crops\dump_truck\17_annot28_dump_truck.jpg,0,150,129,321,640,640,validation
18,29,D:\whitevision\data\raw\valid\M_M_images83_jpg.rf.03280008abd7b5868847ca4c18de416d.jpg,mixer_truck,D:\whitevision\data\crops\mixer_truck\18_annot29_mixer_truck.jpg,65,219,575,421,640,640,train
19,30,D:\whitevision\data\raw\valid\Heavy_Equipment_4570_jpg.rf.03a1dc62274a33baefe00e3ad26bd302.jpg,grader,D:\whitevision\data\crops\grader\19_annot30_grader.jpg,3,39,631,503,640,640,validation
20,31,D:\whitevision\data\raw\valid\Heavy_Equipment_3284_jpg.rf.024354cfb37d263117346b2589ff938c.jpg,bulldozer,D:\whitevision\data\crops\bulldozer\20_annot31_bulldozer.jpg,10,3,582,598,640,640,train
21,32,D:\whitevision\data\raw\valid\Heavy_Equipment_5475_jpg.rf.01eb6d59e8109230f790c5762ff8c2f2.jpg,roller,D:\whitevision\data\crops\roller\21_annot32_roller.jpg,179,30,294,323,640,640,train
22,33,D:\whitevision\data\raw\valid\Heavy_Equipment_5790_jpg.rf.03d89b16e99797358340316a011900c9.jpg,roller,D:\whitevision\data\crops\roller\22_annot33_roller.jpg,197,91,285,318,640,640,validation
23,34,D:\whitevision\data\raw\valid\Heavy_Equipment_3323_jpg.rf.02d9a31bd73febf46abf96266cf92725.jpg,bulldozer,D:\whitevision\data\crops\bulldozer\23_annot34_bulldozer.jpg,3,2,637,629,640,640,train
24,35,D:\whitevision\data\raw\valid\Heavy_Equipment_3008_jpg.rf.04288724fe8c3f9e328a5b85deec9992.jpg,grader,D:\whitevision\data\crops\grader\24_annot35_grader.jpg,59,84,428,349,640,640,train
25,36,D:\whitevision\data\raw\valid\Heavy_Equipment_3749_jpg.rf.045366f625891ea362c54a1ebee0ded6.jpg,grader,D:\whitevision\data\crops\grader\25_annot36_grader.jpg,39,25,572,557,640,640,train
26,37,D:\whitevision\data\raw\valid\Heavy_Equipment_2546_jpg.rf.03a9735b39332bc2212a5dcc0ede4d41.jpg,excavator,D:\whitevision\data\crops\excavator\26_annot37_excavator.jpg,321,104,201,195,640,640,test
26,38,D:\whitevision\data\raw\valid\Heavy_Equipment_2546_jpg.rf.03a9735b39332bc2212a5dcc0ede4d41.jpg,excavator,D:\whitevision\data\crops\excavator\26_annot38_excavator.jpg,144,0,321,573,640,640,test
26,39,D:\whitevision\data\raw\valid\Heavy_Equipment_2546_jpg.rf.03a9735b39332bc2212a5dcc0ede4d41.jpg,dump_truck,D:\whitevision\data\crops\dump_truck\26_annot39_dump_truck.jpg,29,241,193,171,640,640,test
27,40,D:\whitevision\data\raw\valid\Heavy_Equipment_5203_jpg.rf.0400f1f1de4a61774da60aa1065da139.jpg,grader,D:\whitevision\data\crops\grader\27_annot40_grader.jpg,23,70,616,465,640,640,validation
28,41,D:\whitevision\data\raw\valid\Heavy_Equipment_2394_jpg.rf.04630a4634a1c9569767028515236eb4.jpg,excavator,D:\whitevision\data\crops\excavator\28_annot41_excavator.jpg,239,0,249,502,640,640,train
28,42,D:\whitevision\data\raw\valid\Heavy_Equipment_2394_jpg.rf.04630a4634a1c9569767028515236eb4.jpg,dump_truck,D:\whitevision\data\crops\dump_truck\28_annot42_dump_truck.jpg,138,104,182,181,640,640,train
29,43,D:\whitevision\data\raw\valid\Heavy_Equipment_6184_jpg.rf.03cb6d17de821cdad42467218e241d1b.jpg,roller,D:\whitevision\data\crops\roller\29_annot43_roller.jpg,0,0,640,355,640,640,train
30,44,D:\whitevision\data\raw\valid\Heavy_Equipment_6036_jpg.rf.046b00c3132616a9ab637e3b1e2e5983.jpg,roller,D:\whitevision\data\crops\roller\30_annot44_roller.jpg,171,0,304,381,640,640,train
31,45,D:\whitevision\data\raw\valid\Heavy_Equipment_1292_jpg.rf.04a00579c20a8ebb1f701763c53fd3ba.jpg,mobile_crane,D:\whitevision\data\crops\mobile_crane\31_annot45_mobile_crane.jpg,131,234,311,163,640,640,train
32,46,D:\whitevision\data\raw\valid\Heavy_Equipment_126_jpg.rf.047e2dc8d355a42398430d218d4d08c0.jpg,excavator,D:\whitevision\data\crops\excavator\32_annot46_excavator.jpg,0,0,366,640,640,640,train
32,47,D:\whitevision\data\raw\valid\Heavy_Equipment_126_jpg.rf.047e2dc8d355a42398430d218d4d08c0.jpg,dump_truck,D:\whitevision\data\crops\dump_truck\32_annot47_dump_truck.jpg,268,316,108,171,640,640,train
32,48,D:\whitevision\data\raw\valid\Heavy_Equipment_126_jpg.rf.047e2dc8d355a42398430d218d4d08c0.jpg,dump_truck,D:\whitevision\data\crops\dump_truck\32_annot48_dump_truck.jpg,93,219,38,50,640,640,train
32,49,D:\whitevision\data\raw\valid\Heavy_Equipment_126_jpg.rf.047e2dc8d355a42398430d218d4d08c0.jpg,dump_truck,D:\whitevision\data\crops\dump_truck\32_annot49_dump_truck.jpg,602,177,38,141,640,640,train
32,50,D:\whitevision\data\raw\valid\Heavy_Equipment_126_jpg.rf.047e2dc8d355a42398430d218d4d08c0.jpg,excavator,D:\whitevision\data\crops\excavator\32_annot50_excavator.jpg,351,198,20,39,640,640,train
33,51,D:\whitevision\data\raw\valid\Heavy_Equipment_4275_jpg.rf.04b7bbc44132d099a23e9df7a6e51c96.jpg,grader,D:\whitevision\data\crops\grader\33_annot51_grader.jpg,0,198,640,347,640,640,validation
35,52,D:\whitevision\data\raw\valid\Heavy_Equipment_6213_jpg.rf.04fe14aeac5430006b23993af07c21a9.jpg,roller,D:\whitevision\data\crops\roller\35_annot52_roller.jpg,199,112,206,368,640,640,train
36,53,D:\whitevision\data\raw\valid\Heavy_Equipment_6264_jpg.rf.03cf60aced32be2eeff37b72c3e9b905.jpg,grader,D:\whitevision\data\crops\grader\36_annot53_grader.jpg,0,66,606,528,640,640,train
37,54,D:\whitevision\data\raw\valid\Heavy_Equipment_2202_jpg.rf.05c84755cda3f7df50da12d345a0ca0c.jpg,excavator,D:\whitevision\data\crops\excavator\37_annot54_excavator.jpg,193,64,412,576,640,640,validation
38,55,D:\whitevision\data\raw\valid\Heavy_Equipment_3134_jpg.rf.067080c643471b34dadf6b124b70c282.jpg,grader,D:\whitevision\data\crops\grader\38_annot55_grader.jpg,124,238,461,265,640,640,train
39,56,D:\whitevision\data\raw\valid\Heavy_Equipment_2556_jpg.rf.0572270aec38c931d372be3fc5980117.jpg,excavator,D:\whitevision\data\crops\excavator\39_annot56_excavator.jpg,64,30,366,489,640,640,train
39,57,D:\whitevision\data\raw\valid\Heavy_Equipment_2556_jpg.rf.0572270aec38c931d372be3fc5980117.jpg,dump_truck,D:\whitevision\data\crops\dump_truck\39_annot57_dump_truck.jpg,443,251,197,201,640,640,train
40,58,D:\whitevision\data\raw\valid\Heavy_Equipment_3514_jpg.rf.03b4d4a9954eeb53f2f9f107631fdd99.jpg,bulldozer,D:\whitevision\data\crops\bulldozer\40_annot58_bulldozer.jpg,74,148,553,437,640,640,train
41,59,D:\whitevision\data\raw\valid\Heavy_Equipment_5316_jpg.rf.06c4e46cdeabad3dcfa53c8dd594a57f.jpg,roller,D:\whitevision\data\crops\roller\41_annot59_roller.jpg,170,39,318,376,640,640,train
42,60,D:\whitevision\data\raw\valid\Heavy_Equipment_3547_jpg.rf.05240f03567558f2118b89afc63a37b6.jpg,excavator,D:\whitevision\data\crops\excavator\42_annot60_excavator.jpg,155,139,334,266,640,640,train
43,61,D:\whitevision\data\raw\valid\Heavy_Equipment_4811_jpg.rf.071925279e8eea235079ad1fb17d8615.jpg,bulldozer,D:\whitevision\data\crops\bulldozer\43_annot61_bulldozer.jpg,0,0,640,640,640,640,test
44,62,D:\whitevision\data\raw\valid\Heavy_Equipment_3816_jpg.rf.06df4bb10f8288e99d236fe2e1c1ec44.jpg,grader,D:\whitevision\data\crops\grader\44_annot62_grader.jpg,86,82,460,461,640,640,train
46,63,D:\whitevision\data\raw\valid\Heavy_Equipment_1940_jpg.rf.072ae9dcec66bb73716f761997f6a09e.jpg,mobile_crane,D:\whitevision\data\crops\mobile_crane\46_annot63_mobile_crane.jpg,24,103,490,349,640,640,train
47,64,D:\whitevision\data\raw\valid\Heavy_Equipment_4174_jpg.rf.07863bcf326f90902e144682d230f44b.jpg,bulldozer,D:\whitevision\data\crops\bulldozer\47_annot64_bulldozer.jpg,0,0,640,640,640,640,test
48,65,D:\whitevision\data\raw\valid\M_H_image20_jpeg.rf.07314647f2fc4b378e420e53fc47ad32.jpg,mixer_truck,D:\whitevision\data\crops\mixer_truck\48_annot65_mixer_truck.jpg,38,63,537,504,640,640,train
49,66,D:\whitevision\data\raw\valid\Heavy_Equipment_5787_jpg.rf.07c1a9b29adc423226270e9cdf3c3f29.jpg,roller,D:\whitevision\data\crops\roller\49_annot66_roller.jpg,0,0,640,592,640,640,train
50,67,D:\whitevision\data\raw\valid\Heavy_Equipment_5986_jpg.rf.0892f3b0b770a5ade195a53a1a75de0b.jpg,roller,D:\whitevision\data\crops\roller\50_annot67_roller.jpg,244,147,199,318,640,640,train
51,68,D:\whitevision\data\raw\valid\Heavy_Equipment_1278_jpg.rf.08fe202a62b319e100c8b6a0f1e2a211.jpg,mobile_crane,D:\whitevision\data\crops\mobile_crane\51_annot68_mobile_crane.jpg,47,71,545,526,640,640,train
52,69,D:\whitevision\data\raw\valid\Heavy_Equipment_3458_jpg.rf.07813fb91409edafd124edf90d781ef7.jpg,grader,D:\whitevision\data\crops\grader\52_annot69_grader.jpg,16,12,585,575,640,640,train
53,70,D:\whitevision\data\raw\valid\Heavy_Equipment_56_jpg.rf.0758d4f988b883e8a01948ab434c7d27.jpg,grader,D:\whitevision\data\crops\grader\53_annot70_grader.jpg,0,128,640,384,640,640,train
54,71,D:\whitevision\data\raw\valid\Heavy_Equipment_3336_jpg.rf.095eae5dac609e31c837500a1bbad92b.jpg,grader,D:\whitevision\data\crops\grader\54_annot71_grader.jpg,0,55,640,585,640,640,validation
55,72,D:\whitevision\data\raw\valid\Heavy_Equipment_1601_jpg.rf.083c22f75fa73806f8a7b601753877d5.jpg,excavator,D:\whitevision\data\crops\excavator\55_annot72_excavator.jpg,212,0,211,201,640,640,test
55,73,D:\whitevision\data\raw\valid\Heavy_Equipment_1601_jpg.rf.083c22f75fa73806f8a7b601753877d5.jpg,grader,D:\whitevision\data\crops\grader\55_annot73_grader.jpg,39,213,350,427,640,640,test
57,74,D:\whitevision\data\raw\valid\Heavy_Equipment_61_jpg.rf.092b1d492d0d40d259590ad5b7eb4db1.jpg,bulldozer,D:\whitevision\data\crops\bulldozer\57_annot74_bulldozer.jpg,6,137,634,422,640,640,train
58,75,D:\whitevision\data\raw\valid\Heavy_Equipment_6265_jpg.rf.09c8b7b3bbf99012f69c6cac81f6e79d.jpg,grader,D:\whitevision\data\crops\grader\58_annot75_grader.jpg,154,56,486,465,640,640,train
59,76,D:\whitevision\data\raw\valid\Heavy_Equipment_3854_jpg.rf.090e3dcabf2f7989049022b2089cc7b0.jpg,grader,D:\whitevision\data\crops\grader\59_annot76_grader.jpg,34,172,606,433,640,640,test
60,77,D:\whitevision\data\raw\valid\Heavy_Equipment_4502_jpg.rf.09b347614213be1157a88b4c9a10568a.jpg,grader,D:\whitevision\data\crops\grader\60_annot77_grader.jpg,91,0,393,421,640,640,train
61,78,D:\whitevision\data\raw\valid\Heavy_Equipment_2015_jpg.rf.0965be7c7882fec01de8f7fbccd62cb6.jpg,excavator,D:\whitevision\data\crops\excavator\61_annot78_excavator.jpg,195,15,314,625,640,640,train
61,79,D:\whitevision\data\raw\valid\Heavy_Equipment_2015_jpg.rf.0965be7c7882fec01de8f7fbccd62cb6.jpg,dump_truck,D:\whitevision\data\crops\dump_truck\61_annot79_dump_truck.jpg,434,276,61,96,640,640,train
61,80,D:\whitevision\data\raw\valid\Heavy_Equipment_2015_jpg.rf.0965be7c7882fec01de8f7fbccd62cb6.jpg,dump_truck,D:\whitevision\data\crops\dump_truck\61_annot80_dump_truck.jpg,537,279,49,105,640,640,train
61,81,D:\whitevision\data\raw\valid\Heavy_Equipment_2015_jpg.rf.0965be7c7882fec01de8f7fbccd62cb6.jpg,dump_truck,D:\whitevision\data\crops\dump_truck\61_annot81_dump_truck.jpg,592,276,47,75,640,640,train
61,82,D:\whitevision\data\raw\valid\Heavy_Equipment_2015_jpg.rf.0965be7c7882fec01de8f7fbccd62cb6.jpg,excavator,D:\whitevision\data\crops\excavator\61_annot82_excavator.jpg,559,162,60,61,640,640,train
63,83,D:\whitevision\data\raw\valid\Heavy_Equipment_6067_jpg.rf.0a5b11d1b2dfbe6e8d36f94b167876df.jpg,roller,D:\whitevision\data\crops\roller\63_annot83_roller.jpg,209,20,217,323,640,640,train
64,84,D:\whitevision\data\raw\valid\Heavy_Equipment_5894_jpg.rf.0a630b54c4120c5026fed81b9d5984ec.jpg,roller,D:\whitevision\data\crops\roller\64_annot84_roller.jpg,181,78,304,284,640,640,train
65,85,D:\whitevision\data\raw\valid\Heavy_Equipment_3494_jpg.rf.0ae3f4bf3356695e0e30d105ea8173a2.jpg,bulldozer,D:\whitevision\data\crops\bulldozer\65_annot85_bulldozer.jpg,90,193,469,258,640,640,train
66,86,D:\whitevision\data\raw\valid\Heavy_Equipment_3101_jpg.rf.092b28056b6ed9cc3e7e3e1f2b7ee510.jpg,grader,D:\whitevision\data\crops\grader\66_annot86_grader.jpg,20,53,620,508,640,640,train
67,87,D:\whitevision\data\raw\valid\Heavy_Equipment_4248_jpg.rf.0b072f8e2943d4d26f45eccb6079ba7a.jpg,bulldozer,D:\whitevision\data\crops\bulldozer\67_annot87_bulldozer.jpg,108,22,529,544,640,640,test
68,88,D:\whitevision\data\raw\valid\M_B_images153_jpg.rf.09fb11f6086a6d052e639f281a272bf8.jpg,mixer_truck,D:\whitevision\data\crops\mixer_truck\68_annot88_mixer_truck.jpg,7,75,633,564,640,640,train
69,89,D:\whitevision\data\raw\valid\Heavy_Equipment_3946_jpg.rf.0ad6d7b4580c8899e1b3379eb3173ea1.jpg,grader,D:\whitevision\data\crops\grader\69_annot89_grader.jpg,127,146,380,419,640,640,train
70,90,D:\whitevision\data\raw\valid\Heavy_Equipment_1684_jpg.rf.0ad845200d3ab4f051352257b71c34dd.jpg,dump_truck,D:\whitevision\data\crops\dump_truck\70_annot90_dump_truck.jpg,231,233,151,171,640,640,validation
71,91,D:\whitevision\data\raw\valid\M_H_maxresdefault_jpg.rf.0ae9785ae4ad97012b24ad2ac8cd924b.jpg,mixer_truck,D:\whitevision\data\crops\mixer_truck\71_annot91_mixer_truck.jpg,51,81,464,482,640,640,test
72,92,D:\whitevision\data\raw\valid\Heavy_Equipment_2527_jpg.rf.0b605a747dc6d905663dfc01c54ec335.jpg,excavator,D:\whitevision\data\crops\excavator\72_annot92_excavator.jpg,206,97,140,437,640,640,train
72,93,D:\whitevision\data\raw\valid\Heavy_Equipment_2527_jpg.rf.0b605a747dc6d905663dfc01c54ec335.jpg,dump_truck,D:\whitevision\data\crops\dump_truck\72_annot93_dump_truck.jpg,433,307,207,217,640,640,train
72,94,D:\whitevision\data\raw\valid\Heavy_Equipment_2527_jpg.rf.0b605a747dc6d905663dfc01c54ec335.jpg,dump_truck,D:\whitevision\data\crops\dump_truck\72_annot94_dump_truck.jpg,0,296,121,245,640,640,train
73,95,D:\whitevision\data\raw\valid\Heavy_Equipment_959_jpg.rf.0b3711fd6c038aee17089614bb745b2a.jpg,excavator,D:\whitevision\data\crops\excavator\73_annot95_excavator.jpg,41,52,520,410,640,640,train
73,96,D:\whitevision\data\raw\valid\Heavy_Equipment_959_jpg.rf.0b3711fd6c038aee17089614bb745b2a.jpg,dump_truck,D:\whitevision\data\crops\dump_truck\73_annot96_dump_truck.jpg,381,325,184,214,640,640,train
73,97,D:\whitevision\data\raw\valid\Heavy_Equipment_959_jpg.rf.0b3711fd6c038aee17089614bb745b2a.jpg,dump_truck,D:\whitevision\data\crops\dump_truck\73_annot97_dump_truck.jpg,573,239,39,63,640,640,train
74,98,D:\whitevision\data\raw\valid\Heavy_Equipment_5584_jpg.rf.0b980136e65d257b54d8809b19fc5880.jpg,roller,D:\whitevision\data\crops\roller\74_annot98_roller.jpg,187,41,278,323,640,640,train
75,99,D:\whitevision\data\raw\valid\Heavy_Equipment_4870_jpg.rf.0ae53bb184374a70b6a6d50c50fa8702.jpg,grader,D:\whitevision\data\crops\grader\75_annot99_grader.jpg,0,31,620,567,640,640,train
76,100,D:\whitevision\data\raw\valid\Heavy_Equipment_4185_jpg.rf.070ce9aedf5f1bbba8935b98ded8025e.jpg,bulldozer,D:\whitevision\data\crops\bulldozer\76_annot100_bulldozer.jpg,53,18,508,622,640,640,train
77,101,D:\whitevision\data\raw\valid\Heavy_Equipment_2940_jpg.rf.0c304f17e81a83a69fcf35a59c883a45.jpg,mobile_crane,D:\whitevision\data\crops\mobile_crane\77_annot101_mobile_crane.jpg,133,0,365,418,640,640,train
78,102,D:\whitevision\data\raw\valid\Heavy_Equipment_5435_jpg.rf.0c0a2c1f7ecc6dc98609aa8abe505f4d.jpg,roller,D:\whitevision\data\crops\roller\78_annot102_roller.jpg,160,66,344,371,640,640,validation
79,103,D:\whitevision\data\raw\valid\Heavy_Equipment_3998_jpg.rf.0bcfeb5e24fd0fe935c01bd4b9c8bc4d.jpg,grader,D:\whitevision\data\crops\grader\79_annot103_grader.jpg,23,102,609,501,640,640,train
81,104,D:\whitevision\data\raw\valid\Heavy_Equipment_6219_jpg.rf.0b2511cc311adbd6f91d1dd0c0dac314.jpg,bulldozer,D:\whitevision\data\crops\bulldozer\81_annot104_bulldozer.jpg,0,0,640,640,640,640,train
82,105,D:\whitevision\data\raw\valid\M_D_i201911011107394347196_jpg.rf.0ba0134e8cdc2c9900a40fd5b07c162d.jpg,mixer_truck,D:\whitevision\data\crops\mixer_truck\82_annot105_mixer_truck.jpg,0,108,640,504,640,640,train
83,106,D:\whitevision\data\raw\valid\Heavy_Equipment_1984_jpg.rf.0ad4df503f714fad3696ad48b586418b.jpg,excavator,D:\whitevision\data\crops\excavator\83_annot106_excavator.jpg,11,140,563,442,640,640,train
84,107,D:\whitevision\data\raw\valid\Heavy_Equipment_5599_jpg.rf.0ca6a27a18b4ce36bbc4b3c18c048ff3.jpg,roller,D:\whitevision\data\crops\roller\84_annot107_roller.jpg,0,0,640,640,640,640,train
85,108,D:\whitevision\data\raw\valid\Heavy_Equipment_5666_jpg.rf.0b6ee93773607fa5540406821ec66071.jpg,roller,D:\whitevision\data\crops\roller\85_annot108_roller.jpg,217,33,283,466,640,640,train
86,109,D:\whitevision\data\raw\valid\Heavy_Equipment_5014_jpg.rf.0c8a0302ab62badad81d4a4d0ca571af.jpg,bulldozer,D:\whitevision\data\crops\bulldozer\86_annot109_bulldozer.jpg,0,0,640,634,640,640,validation
87,110,D:\whitevision\data\raw\valid\M_H_untitled-8_jpg.rf.0ccb67cf192bc125d620946fbb75a00b.jpg,mixer_truck,D:\whitevision\data\crops\mixer_truck\87_annot110_mixer_truck.jpg,315,0,285,621,640,640,train
88,111,D:\whitevision\data\raw\valid\Heavy_Equipment_1131_jpg.rf.0d46afffb3abad553de34658a04436e5.jpg,excavator,D:\whitevision\data\crops\excavator\88_annot111_excavator.jpg,49,106,445,448,640,640,validation
88,112,D:\whitevision\data\raw\valid\Heavy_Equipment_1131_jpg.rf.0d46afffb3abad553de34658a04436e5.jpg,dump_truck,D:\whitevision\data\crops\dump_truck\88_annot112_dump_truck.jpg,295,386,86,112,640,640,validation
89,113,D:\whitevision\data\raw\valid\Heavy_Equipment_2670_jpg.rf.0c90440acfc3491656d8ac3a1a830535.jpg,dump_truck,D:\whitevision\data\crops\dump_truck\89_annot113_dump_truck.jpg,487,166,153,163,640,640,train
90,114,D:\whitevision\data\raw\valid\Heavy_Equipment_5695_jpg.rf.0dfb5d677c0160142c812ec30c352881.jpg,roller,D:\whitevision\data\crops\roller\90_annot114_roller.jpg,172,117,346,399,640,640,train
91,115,D:\whitevision\data\raw\valid\Heavy_Equipment_5600_jpg.rf.0dfe2bc67c01ab0dde87f1927c90fb8e.jpg,roller,D:\whitevision\data\crops\roller\91_annot115_roller.jpg,231,70,243,366,640,640,train
92,116,D:\whitevision\data\raw\valid\Heavy_Equipment_3842_jpg.rf.0d58b6d6d3348e05b3a4d1ca9f72b9e1.jpg,grader,D:\whitevision\data\crops\grader\92_annot116_grader.jpg,0,218,423,293,640,640,train
92,117,D:\whitevision\data\raw\valid\Heavy_Equipment_3842_jpg.rf.0d58b6d6d3348e05b3a4d1ca9f72b9e1.jpg,grader,D:\whitevision\data\crops\grader\92_annot117_grader.jpg,487,246,153,174,640,640,train
93,118,D:\whitevision\data\raw\valid\Heavy_Equipment_3007_jpg.rf.0e2e5115576be8e1df34e114136771ec.jpg,bulldozer,D:\whitevision\data\crops\bulldozer\93_annot118_bulldozer.jpg,0,0,623,640,640,640,validation
94,119,D:\whitevision\data\raw\valid\Heavy_Equipment_4184_jpg.rf.0e658654d334c7d78e46c4be94c251b7.jpg,grader,D:\whitevision\data\crops\grader\94_annot119_grader.jpg,0,0,640,640,640,640,train
95,120,D:\whitevision\data\raw\valid\Heavy_Equipment_4557_jpg.rf.0e660c6dbf5f1ab59ae64e3e04bd4324.jpg,grader,D:\whitevision\data\crops\grader\95_annot120_grader.jpg,35,140,486,388,640,640,train
96,121,D:\whitevision\data\raw\valid\Heavy_Equipment_6013_jpg.rf.0ea1989d7ac96ffcf8fd24c33a9bedd8.jpg,roller,D:\whitevision\data\crops\roller\96_annot121_roller.jpg,217,137,229,242,640,640,test
97,122,D:\whitevision\data\raw\valid\Heavy_Equipment_6058_jpg.rf.0e9b1824d5d6a5c3fe189c9e7be752f8.jpg,roller,D:\whitevision\data\crops\roller\97_annot122_roller.jpg,267,158,139,310,640,640,train
99,123,D:\whitevision\data\raw\valid\Heavy_Equipment_77_jpg.rf.0ece31624d9b2647f5d1b2a03526531c.jpg,grader,D:\whitevision\data\crops\grader\99_annot123_grader.jpg,0,108,640,457,640,640,train
101,124,D:\whitevision\data\raw\valid\Heavy_Equipment_4524_jpg.rf.10b0b617b601296de1f99b9bbce4531a.jpg,bulldozer,D:\whitevision\data\crops\bulldozer\101_annot124_bulldozer.jpg,36,0,584,564,640,640,train
102,125,D:\whitevision\data\raw\valid\Heavy_Equipment_272_jpg.rf.1149472f4fcab2d6dc15a3c97ee0519d.jpg,dump_truck,D:\whitevision\data\crops\dump_truck\102_annot125_dump_truck.jpg,0,237,496,379,640,640,test
103,126,D:\whitevision\data\raw\valid\Heavy_Equipment_2881_jpg.rf.0fd86d3fcf5eae3f8a89ff496b29fc62.jpg,mobile_crane,D:\whitevision\data\crops\mobile_crane\103_annot126_mobile_crane.jpg,62,0,564,581,640,640,train
104,127,D:\whitevision\data\raw\valid\Heavy_Equipment_2469_jpg.rf.13164fbcdcda15f669feadb40e06dda8.jpg,loader,D:\whitevision\data\crops\loader\104_annot127_loader.jpg,309,296,180,139,640,640,train
104,128,D:\whitevision\data\raw\valid\Heavy_Equipment_2469_jpg.rf.13164fbcdcda15f669feadb40e06dda8.jpg,dump_truck,D:\whitevision\data\crops\dump_truck\104_annot128_dump_truck.jpg,80,267,109,126,640,640,train
105,129,D:\whitevision\data\raw\valid\Heavy_Equipment_458_jpg.rf.0f0f7be90c81899da2b4e17cf144d271.jpg,grader,D:\whitevision\data\crops\grader\105_annot129_grader.jpg,0,80,610,482,640,640,test
106,130,D:\whitevision\data\raw\valid\Heavy_Equipment_4605_jpg.rf.0f65915d29894c6c996e7c17bdeb8c22.jpg,bulldozer,D:\whitevision\data\crops\bulldozer\106_annot130_bulldozer.jpg,58,248,348,249,640,640,train
106,131,D:\whitevision\data\raw\valid\Heavy_Equipment_4605_jpg.rf.0f65915d29894c6c996e7c17bdeb8c22.jpg,loader,D:\whitevision\data\crops\loader\106_annot131_loader.jpg,379,174,236,208,640,640,train
106,132,D:\whitevision\data\raw\valid\Heavy_Equipment_4605_jpg.rf.0f65915d29894c6c996e7c17bdeb8c22.jpg,loader,D:\whitevision\data\crops\loader\106_annot132_loader.jpg,158,120,150,117,640,640,train
107,133,D:\whitevision\data\raw\valid\M_H_images193_jpg.rf.0ed6554dde5c8a7010e29db14afb85f9.jpg,mixer_truck,D:\whitevision\data\crops\mixer_truck\107_annot133_mixer_truck.jpg,44,73,488,459,640,640,train
108,134,D:\whitevision\data\raw\valid\Heavy_Equipment_3728_jpg.rf.110ce0b55f76f4c0d077317ab6e32686.jpg,grader,D:\whitevision\data\crops\grader\108_annot134_grader.jpg,0,101,640,472,640,640,train
110,135,D:\whitevision\data\raw\valid\Heavy_Equipment_4571_jpg.rf.133cfed3fd7408802116bd1521ed62a3.jpg,bulldozer,D:\whitevision\data\crops\bulldozer\110_annot135_bulldozer.jpg,153,155,453,350,640,640,validation
111,136,D:\whitevision\data\raw\valid\Heavy_Equipment_5144_jpg.rf.1382597d3ba700588c309beef6b8392e.jpg,bulldozer,D:\whitevision\data\crops\bulldozer\111_annot136_bulldozer.jpg,0,58,546,575,640,640,train
112,137,D:\whitevision\data\raw\valid\Heavy_Equipment_486_jpg.rf.1366ffaed0410dd0e741032643349fa0.jpg,excavator,D:\whitevision\data\crops\excavator\112_annot137_excavator.jpg,150,49,112,206,640,640,validation
112,138,D:\whitevision\data\raw\valid\Heavy_Equipment_486_jpg.rf.1366ffaed0410dd0e741032643349fa0.jpg,dump_truck,D:\whitevision\data\crops\dump_truck\112_annot138_dump_truck.jpg,255,47,129,138,640,640,validation
112,139,D:\whitevision\data\raw\valid\Heavy_Equipment_486_jpg.rf.1366ffaed0410dd0e741032643349fa0.jpg,excavator,D:\whitevision\data\crops\excavator\112_annot139_excavator.jpg,132,46,412,467,640,640,validation
113,140,D:\whitevision\data\raw\valid\Heavy_Equipment_3618_jpg.rf.100dd3a8a4c094eccfbc107c8e1c101a.jpg,excavator,D:\whitevision\data\crops\excavator\113_annot140_excavator.jpg,89,207,551,193,640,640,validation
114,141,D:\whitevision\data\raw\valid\Heavy_Equipment_6215_jpg.rf.1077fd0efcac43494fa122c46b6c46e1.jpg,roller,D:\whitevision\data\crops\roller\114_annot141_roller.jpg,176,65,239,326,640,640,validation
115,142,D:\whitevision\data\raw\valid\Heavy_Equipment_3827_jpg.rf.107b9408b3fd18a117f2d5a173d435e2.jpg,grader,D:\whitevision\data\crops\grader\115_annot142_grader.jpg,91,0,549,640,640,640,train
116,143,D:\whitevision\data\raw\valid\Heavy_Equipment_2021_jpg.rf.148e790d718ab71e1f9cbee85c13a0ec.jpg,excavator,D:\whitevision\data\crops\excavator\116_annot143_excavator.jpg,61,0,322,604,640,640,train
116,144,D:\whitevision\data\raw\valid\Heavy_Equipment_2021_jpg.rf.148e790d718ab71e1f9cbee85c13a0ec.jpg,dump_truck,D:\whitevision\data\crops\dump_truck\116_annot144_dump_truck.jpg,418,27,215,201,640,640,train
116,145,D:\whitevision\data\raw\valid\Heavy_Equipment_2021_jpg.rf.148e790d718ab71e1f9cbee85c13a0ec.jpg,dump_truck,D:\whitevision\data\crops\dump_truck\116_annot145_dump_truck.jpg,334,190,306,387,640,640,train
118,146,D:\whitevision\data\raw\valid\Heavy_Equipment_5912_jpg.rf.13b57105bf628be9a7f6ad84d30a5837.jpg,roller,D:\whitevision\data\crops\roller\118_annot146_roller.jpg,192,136,225,266,640,640,train
119,147,D:\whitevision\data\raw\valid\Heavy_Equipment_5375_jpg.rf.0f0e619e6b685533f55e126f0b0d43f6.jpg,roller,D:\whitevision\data\crops\roller\119_annot147_roller.jpg,192,153,221,301,640,640,train
120,148,D:\whitevision\data\raw\valid\Heavy_Equipment_2959_jpg.rf.1492978bece3479f612795adb40104aa.jpg,excavator,D:\whitevision\data\crops\excavator\120_annot148_excavator.jpg,13,49,500,567,640,640,train
120,149,D:\whitevision\data\raw\valid\Heavy_Equipment_2959_jpg.rf.1492978bece3479f612795adb40104aa.jpg,dump_truck,D:\whitevision\data\crops\dump_truck\120_annot149_dump_truck.jpg,457,353,183,284,640,640,train
121,150,D:\whitevision\data\raw\valid\Heavy_Equipment_2732_jpg.rf.13ca7cbcfac5e39176bb08d16898af6d.jpg,dump_truck,D:\whitevision\data\crops\dump_truck\121_annot150_dump_truck.jpg,229,457,379,183,640,640,train
121,151,D:\whitevision\data\raw\valid\Heavy_Equipment_2732_jpg.rf.13ca7cbcfac5e39176bb08d16898af6d.jpg,dump_truck,D:\whitevision\data\crops\dump_truck\121_annot151_dump_truck.jpg,0,329,128,245,640,640,train
121,152,D:\whitevision\data\raw\valid\Heavy_Equipment_2732_jpg.rf.13ca7cbcfac5e39176bb08d16898af6d.jpg,excavator,D:\whitevision\data\crops\excavator\121_annot152_excavator.jpg,105,117,523,498,640,640,train
122,153,D:\whitevision\data\raw\valid\Heavy_Equipment_3770_jpg.rf.15717244b3aa60d4b024055f7832f812.jpg,grader,D:\whitevision\data\crops\grader\122_annot153_grader.jpg,0,140,640,360,640,640,validation
123,154,D:\whitevision\data\raw\valid\Heavy_Equipment_2094_jpg.rf.15bca0ab9442ab4c73ba5c085a181c17.jpg,loader,D:\whitevision\data\crops\loader\123_annot154_loader.jpg,215,136,206,244,640,640,train
123,155,D:\whitevision\data\raw\valid\Heavy_Equipment_2094_jpg.rf.15bca0ab9442ab4c73ba5c085a181c17.jpg,excavator,D:\whitevision\data\crops\excavator\123_annot155_excavator.jpg,0,93,29,68,640,640,train
124,156,D:\whitevision\data\raw\valid\Heavy_Equipment_4332_jpg.rf.14e2b6eaf7964c5c2f386771a38528d3.jpg,bulldozer,D:\whitevision\data\crops\bulldozer\124_annot156_bulldozer.jpg,0,0,640,589,640,640,train
126,157,D:\whitevision\data\raw\valid\Heavy_Equipment_3449_jpg.rf.15a83a9e16f4218b3dac7e5edd3a4cfd.jpg,bulldozer,D:\whitevision\data\crops\bulldozer\126_annot157_bulldozer.jpg,5,0,635,640,640,640,test
127,158,D:\whitevision\data\raw\valid\Heavy_Equipment_2025_jpg.rf.15c9767ed8e76833e9d93bd878ba17d3.jpg,excavator,D:\whitevision\data\crops\excavator\127_annot158_excavator.jpg,0,0,339,467,640,640,train
128,159,D:\whitevision\data\raw\valid\Heavy_Equipment_5612_jpg.rf.144e0cc91be147bd0fe961563b1a657a.jpg,roller,D:\whitevision\data\crops\roller\128_annot159_roller.jpg,215,82,182,288,640,640,validation
129,160,D:\whitevision\data\raw\valid\Heavy_Equipment_5656_jpg.rf.1689724af18afa979b9cfbd492e87e7c.jpg,roller,D:\whitevision\data\crops\roller\129_annot160_roller.jpg,180,0,424,341,640,640,validation
130,161,D:\whitevision\data\raw\valid\Heavy_Equipment_4111_jpg.rf.1215b2b82b9c3a1227a4850ec851d834.jpg,bulldozer,D:\whitevision\data\crops\bulldozer\130_annot161_bulldozer.jpg,12,103,628,505,640,640,test
131,162,D:\whitevision\data\raw\valid\Heavy_Equipment_4640_jpg.rf.16be885e366be60627267f0de73d9b84.jpg,grader,D:\whitevision\data\crops\grader\131_annot162_grader.jpg,0,45,572,516,640,640,validation
133,163,D:\whitevision\data\raw\valid\Heavy_Equipment_2664_jpg.rf.163036529346f31b3701dcd09872cdd3.jpg,roller,D:\whitevision\data\crops\roller\133_annot163_roller.jpg,13,205,63,87,640,640,train
133,164,D:\whitevision\data\raw\valid\Heavy_Equipment_2664_jpg.rf.163036529346f31b3701dcd09872cdd3.jpg,excavator,D:\whitevision\data\crops\excavator\133_annot164_excavator.jpg,58,163,110,106,640,640,train
133,165,D:\whitevision\data\raw\valid\Heavy_Equipment_2664_jpg.rf.163036529346f31b3701dcd09872cdd3.jpg,bulldozer,D:\whitevision\data\crops\bulldozer\133_annot165_bulldozer.jpg,239,40,322,344,640,640,train
134,166,D:\whitevision\data\raw\valid\Heavy_Equipment_6174_jpg.rf.1559c0d9a739d95a17f0440516d98e45.jpg,roller,D:\whitevision\data\crops\roller\134_annot166_roller.jpg,245,77,207,374,640,640,train
135,167,D:\whitevision\data\raw\valid\Heavy_Equipment_919_jpg.rf.16701867e28fe706fef7d4579a751ab4.jpg,loader,D:\whitevision\data\crops\loader\135_annot167_loader.jpg,224,224,150,161,640,640,train
135,168,D:\whitevision\data\raw\valid\Heavy_Equipment_919_jpg.rf.16701867e28fe706fef7d4579a751ab4.jpg,dump_truck,D:\whitevision\data\crops\dump_truck\135_annot168_dump_truck.jpg,555,131,20,28,640,640,train
135,169,D:\whitevision\data\raw\valid\Heavy_Equipment_919_jpg.rf.16701867e28fe706fef7d4579a751ab4.jpg,excavator,D:\whitevision\data\crops\excavator\135_annot169_excavator.jpg,0,94,35,64,640,640,train
136,170,D:\whitevision\data\raw\valid\Heavy_Equipment_6151_jpg.rf.16f4bc8e0b619fcf4689eede66b5b0d8.jpg,roller,D:\whitevision\data\crops\roller\136_annot170_roller.jpg,183,164,256,256,640,640,validation
137,171,D:\whitevision\data\raw\valid\Heavy_Equipment_2277_jpg.rf.17518df8b89226c676c363b0b84faa21.jpg,mobile_crane,D:\whitevision\data\crops\mobile_crane\137_annot171_mobile_crane.jpg,0,0,589,591,640,640,train
138,172,D:\whitevision\data\raw\valid\Heavy_Equipment_4208_jpg.rf.1685abec2c1d1cbc9a067b8538b18114.jpg,bulldozer,D:\whitevision\data\crops\bulldozer\138_annot172_bulldozer.jpg,0,0,640,640,640,640,train
139,173,D:\whitevision\data\raw\valid\M_S_ac5b252a284ae113_800x800ar_jpg.rf.1688b3130a2848e64139ae642b92d783.jpg,mixer_truck,D:\whitevision\data\crops\mixer_truck\139_annot173_mixer_truck.jpg,0,28,640,597,640,640,train
141,174,D:\whitevision\data\raw\valid\Heavy_Equipment_1959_jpg.rf.172fa3f44b84846cab7d1d0b5afbfa24.jpg,dump_truck,D:\whitevision\data\crops\dump_truck\141_annot174_dump_truck.jpg,27,288,292,215,640,640,train
141,175,D:\whitevision\data\raw\valid\Heavy_Equipment_1959_jpg.rf.172fa3f44b84846cab7d1d0b5afbfa24.jpg,excavator,D:\whitevision\data\crops\excavator\141_annot175_excavator.jpg,86,0,416,421,640,640,train
142,176,D:\whitevision\data\raw\valid\Heavy_Equipment_3094_jpg.rf.1795b9c3b7a580f4adb1145db2f88b81.jpg,grader,D:\whitevision\data\crops\grader\142_annot176_grader.jpg,0,13,640,627,640,640,test
143,177,D:\whitevision\data\raw\valid\Heavy_Equipment_5723_jpg.rf.17516d457c1d9a37c43b514425c8bdd2.jpg,roller,D:\whitevision\data\crops\roller\143_annot177_roller.jpg,211,93,271,345,640,640,test
144,178,D:\whitevision\data\raw\valid\Heavy_Equipment_4115_jpg.rf.1797b156516a0c730fca676e93be9c5a.jpg,bulldozer,D:\whitevision\data\crops\bulldozer\144_annot178_bulldozer.jpg,89,79,548,461,640,640,train
145,179,D:\whitevision\data\raw\valid\Heavy_Equipment_4423_jpg.rf.17ae17cd531cc4383f87dfc277842592.jpg,bulldozer,D:\whitevision\data\crops\bulldozer\145_annot179_bulldozer.jpg,0,0,640,627,640,640,train
146,180,D:\whitevision\data\raw\valid\Heavy_Equipment_2381_jpg.rf.17a59e9ffc01fc3830b610386f605be2.jpg,excavator,D:\whitevision\data\crops\excavator\146_annot180_excavator.jpg,160,0,355,425,640,640,validation
146,181,D:\whitevision\data\raw\valid\Heavy_Equipment_2381_jpg.rf.17a59e9ffc01fc3830b610386f605be2.jpg,excavator,D:\whitevision\data\crops\excavator\146_annot181_excavator.jpg,515,32,90,101,640,640,validation
146,182,D:\whitevision\data\raw\valid\Heavy_Equipment_2381_jpg.rf.17a59e9ffc01fc3830b610386f605be2.jpg,excavator,D:\whitevision\data\crops\excavator\146_annot182_excavator.jpg,439,24,85,71,640,640,validation
147,183,D:\whitevision\data\raw\valid\Heavy_Equipment_4917_jpg.rf.179a453f17fa2e96c6dba50a5c1850b0.jpg,grader,D:\whitevision\data\crops\grader\147_annot183_grader.jpg,57,79,559,433,640,640,train
148,184,D:\whitevision\data\raw\valid\Heavy_Equipment_431_jpg.rf.17ba6f2b21831f4bce01432d796bbba5.jpg,excavator,D:\whitevision\data\crops\excavator\148_annot184_excavator.jpg,96,11,261,272,640,640,test
148,185,D:\whitevision\data\raw\valid\Heavy_Equipment_431_jpg.rf.17ba6f2b21831f4bce01432d796bbba5.jpg,loader,D:\whitevision\data\crops\loader\148_annot185_loader.jpg,146,222,247,294,640,640,test
149,186,D:\whitevision\data\raw\valid\Heavy_Equipment_4940_jpg.rf.18582f38de876feebb2c4825bb884c23.jpg,grader,D:\whitevision\data\crops\grader\149_annot186_grader.jpg,0,0,640,640,640,640,train
150,187,D:\whitevision\data\raw\valid\Heavy_Equipment_2946_jpg.rf.1809126c39ca98d1a0198ad3567b6cd3.jpg,loader,D:\whitevision\data\crops\loader\150_annot187_loader.jpg,145,184,422,316,640,640,train
151,188,D:\whitevision\data\raw\valid\Heavy_Equipment_869_jpg.rf.1804e4fac0c458e3601a9d15e4a31398.jpg,excavator,D:\whitevision\data\crops\excavator\151_annot188_excavator.jpg,233,0,226,534,640,640,test
151,189,D:\whitevision\data\raw\valid\Heavy_Equipment_869_jpg.rf.1804e4fac0c458e3601a9d15e4a31398.jpg,dump_truck,D:\whitevision\data\crops\dump_truck\151_annot189_dump_truck.jpg,522,152,118,217,640,640,test
152,190,D:\whitevision\data\raw\valid\Heavy_Equipment_6203_jpg.rf.17f9f236fb7b3a12f680596ecfb2e8ca.jpg,roller,D:\whitevision\data\crops\roller\152_annot190_roller.jpg,234,121,226,396,640,640,train
153,191,D:\whitevision\data\raw\valid\M_H_images27_jpg.rf.17c2445d7cc368b6cfd196254ecb19b0.jpg,mixer_truck,D:\whitevision\data\crops\mixer_truck\153_annot191_mixer_truck.jpg,215,212,425,370,640,640,validation
153,192,D:\whitevision\data\raw\valid\M_H_images27_jpg.rf.17c2445d7cc368b6cfd196254ecb19b0.jpg,mixer_truck,D:\whitevision\data\crops\mixer_truck\153_annot192_mixer_truck.jpg,0,277,311,294,640,640,validation
154,193,D:\whitevision\data\raw\valid\Heavy_Equipment_5916_jpg.rf.188579e1e2d661b0de32a76ad5632514.jpg,roller,D:\whitevision\data\crops\roller\154_annot193_roller.jpg,260,123,163,286,640,640,validation
155,194,D:\whitevision\data\raw\valid\Heavy_Equipment_4790_jpg.rf.17a8ae88cd19fe088423a3d1d1bbfe79.jpg,bulldozer,D:\whitevision\data\crops\bulldozer\155_annot194_bulldozer.jpg,41,103,599,537,640,640,test
156,195,D:\whitevision\data\raw\valid\Heavy_Equipment_6084_jpg.rf.18a90b911357d505cb755ed0a64ac26e.jpg,roller,D:\whitevision\data\crops\roller\156_annot195_roller.jpg,248,96,135,245,640,640,test
157,196,D:\whitevision\data\raw\valid\Heavy_Equipment_2576_jpg.rf.1933b4b50ab5598b58dc5653677405bf.jpg,excavator,D:\whitevision\data\crops\excavator\157_annot196_excavator.jpg,154,118,233,321,640,640,train
157,197,D:\whitevision\data\raw\valid\Heavy_Equipment_2576_jpg.rf.1933b4b50ab5598b58dc5653677405bf.jpg,dump_truck,D:\whitevision\data\crops\dump_truck\157_annot197_dump_truck.jpg,331,297,309,292,640,640,train
158,198,D:\whitevision\data\raw\valid\Heavy_Equipment_6098_jpg.rf.1871c4b2f3be987cca52c07f53b966cd.jpg,roller,D:\whitevision\data\crops\roller\158_annot198_roller.jpg,221,101,251,315,640,640,train
159,199,D:\whitevision\data\raw\valid\Heavy_Equipment_4171_jpg.rf.19c5047f84cd6a750f9092c9052c9f9d.jpg,bulldozer,D:\whitevision\data\crops\bulldozer\159_annot199_bulldozer.jpg,29,21,586,596,640,640,train
160,200,D:\whitevision\data\raw\valid\M_B_xer-truck-MERCEDES-BENZ-2021-1620633283719837789_big-21051010525944245600_jpg.rf.18f5eb4932cfc3c3ffd45f8b5eb310cf.jpg,mixer_truck,D:\whitevision\data\crops\mixer_truck\160_annot200_mixer_truck.jpg,14,16,598,609,640,640,test
162,201,D:\whitevision\data\raw\valid\Heavy_Equipment_5591_jpg.rf.18c7c377ee0ecd6d3b8a394abf2c5444.jpg,roller,D:\whitevision\data\crops\roller\162_annot201_roller.jpg,127,132,361,292,640,640,train
163,202,D:\whitevision\data\raw\valid\Heavy_Equipment_2801_jpg.rf.19d79a846376ed8ba1ce691874d50256.jpg,loader,D:\whitevision\data\crops\loader\163_annot202_loader.jpg,36,39,604,601,640,640,train
163,203,D:\whitevision\data\raw\valid\Heavy_Equipment_2801_jpg.rf.19d79a846376ed8ba1ce691874d50256.jpg,excavator,D:\whitevision\data\crops\excavator\163_annot203_excavator.jpg,431,59,204,288,640,640,train
166,204,D:\whitevision\data\raw\valid\Heavy_Equipment_6051_jpg.rf.19c767d711ab9465ce9845d1e112e575.jpg,roller,D:\whitevision\data\crops\roller\166_annot204_roller.jpg,212,71,190,386,640,640,validation
167,205,D:\whitevision\data\raw\valid\Heavy_Equipment_5941_jpg.rf.1932bf6acb77ab6cd42c4dc085b6a2b6.jpg,roller,D:\whitevision\data\crops\roller\167_annot205_roller.jpg,76,0,527,418,640,640,train
168,206,D:\whitevision\data\raw\valid\Heavy_Equipment_2201_jpg.rf.1a1928dba0ad3374d5d52f3f40bec86a.jpg,excavator,D:\whitevision\data\crops\excavator\168_annot206_excavator.jpg,171,49,310,435,640,640,train
170,207,D:\whitevision\data\raw\valid\Heavy_Equipment_2918_jpg.rf.19e9d93d40765b74964bb8a1d98301d9.jpg,mobile_crane,D:\whitevision\data\crops\mobile_crane\170_annot207_mobile_crane.jpg,13,0,579,559,640,640,train
171,208,D:\whitevision\data\raw\valid\Heavy_Equipment_3128_jpg.rf.19f88e0284982260a8b4004aacb212b8.jpg,bulldozer,D:\whitevision\data\crops\bulldozer\171_annot208_bulldozer.jpg,72,20,434,598,640,640,train
172,209,D:\whitevision\data\raw\valid\Heavy_Equipment_131_jpg.rf.19ff0fc23f036a4c776390d6054fa410.jpg,grader,D:\whitevision\data\crops\grader\172_annot209_grader.jpg,9,22,590,573,640,640,validation
173,210,D:\whitevision\data\raw\valid\Heavy_Equipment_1708_jpg.rf.1a7ab3cacaecd2f468b2f4c1a4626ae1.jpg,excavator,D:\whitevision\data\crops\excavator\173_annot210_excavator.jpg,4,0,509,594,640,640,train
173,211,D:\whitevision\data\raw\valid\Heavy_Equipment_1708_jpg.rf.1a7ab3cacaecd2f468b2f4c1a4626ae1.jpg,dump_truck,D:\whitevision\data\crops\dump_truck\173_annot211_dump_truck.jpg,16,64,107,86,640,640,train
174,212,D:\whitevision\data\raw\valid\Heavy_Equipment_6062_jpg.rf.1af1fefbc55bd57f3ce014456f290611.jpg,roller,D:\whitevision\data\crops\roller\174_annot212_roller.jpg,192,110,287,312,640,640,train
176,213,D:\whitevision\data\raw\valid\M_M_2C4002C4002CAmazonEmberBold2C122C42C02C02C5_SCLZZZZZZZ_FMpng_BG2552C2552C255_jpg.rf.1c036aea7895f73ef97d79bbedc41f25.jpg,mixer_truck,D:\whitevision\data\crops\mixer_truck\176_annot213_mixer_truck.jpg,179,109,287,359,640,640,train
177,214,D:\whitevision\data\raw\valid\Heavy_Equipment_5260_jpg.rf.1a6d71e55c2b8fdd6e22341dedb082da.jpg,roller,D:\whitevision\data\crops\roller\177_annot214_roller.jpg,254,144,137,208,640,640,train
179,215,D:\whitevision\data\raw\valid\Heavy_Equipment_1191_jpg.rf.1b737b989301e2bd0a1d5bc794c08c49.jpg,dump_truck,D:\whitevision\data\crops\dump_truck\179_annot215_dump_truck.jpg,123,296,380,344,640,640,test
179,216,D:\whitevision\data\raw\valid\Heavy_Equipment_1191_jpg.rf.1b737b989301e2bd0a1d5bc794c08c49.jpg,excavator,D:\whitevision\data\crops\excavator\179_annot216_excavator.jpg,197,0,273,386,640,640,test
180,217,D:\whitevision\data\raw\valid\Heavy_Equipment_2410_jpg.rf.1b43864769fd68ccc0fbfbef84ee0550.jpg,dump_truck,D:\whitevision\data\crops\dump_truck\180_annot217_dump_truck.jpg,172,288,157,261,640,640,train
180,218,D:\whitevision\data\raw\valid\Heavy_Equipment_2410_jpg.rf.1b43864769fd68ccc0fbfbef84ee0550.jpg,loader,D:\whitevision\data\crops\loader\180_annot218_loader.jpg,375,309,192,227,640,640,train
180,219,D:\whitevision\data\raw\valid\Heavy_Equipment_2410_jpg.rf.1b43864769fd68ccc0fbfbef84ee0550.jpg,excavator,D:\whitevision\data\crops\excavator\180_annot219_excavator.jpg,0,225,61,220,640,640,train
181,220,D:\whitevision\data\raw\valid\Heavy_Equipment_1156_jpg.rf.1b4c1a5d18ef5dec05cdb452ebef11e3.jpg,excavator,D:\whitevision\data\crops\excavator\181_annot220_excavator.jpg,2,28,471,559,640,640,train
181,221,D:\whitevision\data\raw\valid\Heavy_Equipment_1156_jpg.rf.1b4c1a5d18ef5dec05cdb452ebef11e3.jpg,dump_truck,D:\whitevision\data\crops\dump_truck\181_annot221_dump_truck.jpg,232,372,248,196,640,640,train
182,222,D:\whitevision\data\raw\valid\Heavy_Equipment_1114_jpg.rf.19505057488467927169b120bc779631.jpg,mobile_crane,D:\whitevision\data\crops\mobile_crane\182_annot222_mobile_crane.jpg,23,295,442,261,640,640,test
183,223,D:\whitevision\data\raw\valid\Heavy_Equipment_2089_jpg.rf.1c2147f06fbafbd062f97928717a5348.jpg,mobile_crane,D:\whitevision\data\crops\mobile_crane\183_annot223_mobile_crane.jpg,283,218,112,211,640,640,validation
185,224,D:\whitevision\data\raw\valid\Heavy_Equipment_5775_jpg.rf.1ca967ba677d70086988d198b904c312.jpg,roller,D:\whitevision\data\crops\roller\185_annot224_roller.jpg,76,71,440,414,640,640,train
186,225,D:\whitevision\data\raw\valid\Heavy_Equipment_4539_jpg.rf.1d29ea6ba7b646b5dbcfab3ad6c8d171.jpg,bulldozer,D:\whitevision\data\crops\bulldozer\186_annot225_bulldozer.jpg,0,21,640,589,640,640,validation
187,226,D:\whitevision\data\raw\valid\Heavy_Equipment_1711_jpg.rf.1d6c9b63b82912006d55ca16493b8a57.jpg,dump_truck,D:\whitevision\data\crops\dump_truck\187_annot226_dump_truck.jpg,92,182,548,332,640,640,train
187,227,D:\whitevision\data\raw\valid\Heavy_Equipment_1711_jpg.rf.1d6c9b63b82912006d55ca16493b8a57.jpg,excavator,D:\whitevision\data\crops\excavator\187_annot227_excavator.jpg,557,0,83,337,640,640,train
188,228,D:\whitevision\data\raw\valid\Heavy_Equipment_5745_jpg.rf.1d2d4ecf8352477847af45aa4ad76f0e.jpg,roller,D:\whitevision\data\crops\roller\188_annot228_roller.jpg,195,106,273,226,640,640,train
189,229,D:\whitevision\data\raw\valid\Heavy_Equipment_1138_jpg.rf.1c0db8d6dfa96ad6b0e996dd75642ec6.jpg,loader,D:\whitevision\data\crops\loader\189_annot229_loader.jpg,291,106,301,321,640,640,test
189,230,D:\whitevision\data\raw\valid\Heavy_Equipment_1138_jpg.rf.1c0db8d6dfa96ad6b0e996dd75642ec6.jpg,excavator,D:\whitevision\data\crops\excavator\189_annot230_excavator.jpg,209,41,80,133,640,640,test
190,231,D:\whitevision\data\raw\valid\Heavy_Equipment_428_jpg.rf.1b1890827f321926df111e463a501e7a.jpg,excavator,D:\whitevision\data\crops\excavator\190_annot231_excavator.jpg,40,0,600,640,640,640,train
191,232,D:\whitevision\data\raw\valid\Heavy_Equipment_5146_jpg.rf.1c3fe0367cbe56fcee6ceaead2ee948f.jpg,grader,D:\whitevision\data\crops\grader\191_annot232_grader.jpg,0,56,630,532,640,640,train
192,233,D:\whitevision\data\raw\valid\Heavy_Equipment_15_jpg.rf.1e46eddf859f250eb9b71d004311313b.jpg,dump_truck,D:\whitevision\data\crops\dump_truck\192_annot233_dump_truck.jpg,28,74,530,481,640,640,train
193,234,D:\whitevision\data\raw\valid\Heavy_Equipment_2241_jpg.rf.1e6ac710d5cc3758f30c9ead90814c37.jpg,excavator,D:\whitevision\data\crops\excavator\193_annot234_excavator.jpg,321,213,116,335,640,640,train
194,235,D:\whitevision\data\raw\valid\Heavy_Equipment_962_jpg.rf.1e2df98ed3661c95eedf450b2bd8202a.jpg,dump_truck,D:\whitevision\data\crops\dump_truck\194_annot235_dump_truck.jpg,135,86,505,554,640,640,train
195,236,D:\whitevision\data\raw\valid\Heavy_Equipment_2643_jpg.rf.1dea68e336dfbcefb4961e1fa8a8460d.jpg,mobile_crane,D:\whitevision\data\crops\mobile_crane\195_annot236_mobile_crane.jpg,273,0,156,489,640,640,train
196,237,D:\whitevision\data\raw\valid\Heavy_Equipment_3831_jpg.rf.1ade84008957b6a15e160be0057bb3db.jpg,grader,D:\whitevision\data\crops\grader\196_annot237_grader.jpg,7,129,633,424,640,640,test
197,238,D:\whitevision\data\raw\valid\Heavy_Equipment_4459_jpg.rf.1e3da87f9d74b085557577772369f1b1.jpg,bulldozer,D:\whitevision\data\crops\bulldozer\197_annot238_bulldozer.jpg,123,34,490,511,640,640,train
198,239,D:\whitevision\data\raw\valid\Heavy_Equipment_3406_jpg.rf.1cfad0893bc9c8c98fd2f525f1224578.jpg,bulldozer,D:\whitevision\data\crops\bulldozer\198_annot239_bulldozer.jpg,26,16,587,518,640,640,train
199,240,D:\whitevision\data\raw\valid\Heavy_Equipment_2488_jpg.rf.1d2a648f3bb6943757e985490379ab48.jpg,roller,D:\whitevision\data\crops\roller\199_annot240_roller.jpg,128,111,290,486,640,640,test
199,241,D:\whitevision\data\raw\valid\Heavy_Equipment_2488_jpg.rf.1d2a648f3bb6943757e985490379ab48.jpg,excavator,D:\whitevision\data\crops\excavator\199_annot241_excavator.jpg,277,1,89,157,640,640,test
200,242,D:\whitevision\data\raw\valid\Heavy_Equipment_5382_jpg.rf.1eaeca96f6105f1dc7b1aa316a79de5e.jpg,roller,D:\whitevision\data\crops\roller\200_annot242_roller.jpg,113,0,372,455,640,640,train
201,243,D:\whitevision\data\raw\valid\M_B_images43_jpg.rf.1ba8e89e7e819a2b2eecab2df086b1c5.jpg,mixer_truck,D:\whitevision\data\crops\mixer_truck\201_annot243_mixer_truck.jpg,0,106,640,534,640,640,train
202,244,D:\whitevision\data\raw\valid\Heavy_Equipment_3789_jpg.rf.1eb30ca7955eab22bd7473cc6f858b6f.jpg,grader,D:\whitevision\data\crops\grader\202_annot244_grader.jpg,0,0,638,640,640,640,train
203,245,D:\whitevision\data\raw\valid\M_M_178-862-wooden-model-concrete-mixer-truck-man_jpg.rf.1c685e537d6e1edf5764677a2f478f32.jpg,mixer_truck,D:\whitevision\data\crops\mixer_truck\203_annot245_mixer_truck.jpg,0,115,640,513,640,640,train
204,246,D:\whitevision\data\raw\valid\Heavy_Equipment_4622_jpg.rf.1ebf818e0b95b6e8ca4b00d68d04d1e5.jpg,grader,D:\whitevision\data\crops\grader\204_annot246_grader.jpg,0,94,640,504,640,640,train
205,247,D:\whitevision\data\raw\valid\Heavy_Equipment_4299_jpg.rf.1ec90dd078cc61880b2d67ab06f81db8.jpg,bulldozer,D:\whitevision\data\crops\bulldozer\205_annot247_bulldozer.jpg,0,52,600,521,640,640,train
207,248,D:\whitevision\data\raw\valid\Heavy_Equipment_2736_jpg.rf.1f035bfaf4a0e032a10fe9bb2235b5ec.jpg,excavator,D:\whitevision\data\crops\excavator\207_annot248_excavator.jpg,353,0,287,510,640,640,test
207,249,D:\whitevision\data\raw\valid\Heavy_Equipment_2736_jpg.rf.1f035bfaf4a0e032a10fe9bb2235b5ec.jpg,loader,D:\whitevision\data\crops\loader\207_annot249_loader.jpg,158,264,150,191,640,640,test
208,250,D:\whitevision\data\raw\valid\Heavy_Equipment_140_jpg.rf.1f7912612a73985090fc7695a8317995.jpg,loader,D:\whitevision\data\crops\loader\208_annot250_loader.jpg,363,242,241,208,640,640,train
208,251,D:\whitevision\data\raw\valid\Heavy_Equipment_140_jpg.rf.1f7912612a73985090fc7695a8317995.jpg,loader,D:\whitevision\data\crops\loader\208_annot251_loader.jpg,375,105,23,47,640,640,train
208,252,D:\whitevision\data\raw\valid\Heavy_Equipment_140_jpg.rf.1f7912612a73985090fc7695a8317995.jpg,dump_truck,D:\whitevision\data\crops\dump_truck\208_annot252_dump_truck.jpg,394,88,38,93,640,640,train
208,253,D:\whitevision\data\raw\valid\Heavy_Equipment_140_jpg.rf.1f7912612a73985090fc7695a8317995.jpg,dump_truck,D:\whitevision\data\crops\dump_truck\208_annot253_dump_truck.jpg,0,184,140,125,640,640,train
208,254,D:\whitevision\data\raw\valid\Heavy_Equipment_140_jpg.rf.1f7912612a73985090fc7695a8317995.jpg,dump_truck,D:\whitevision\data\crops\dump_truck\208_annot254_dump_truck.jpg,134,57,219,258,640,640,train
208,255,D:\whitevision\data\raw\valid\Heavy_Equipment_140_jpg.rf.1f7912612a73985090fc7695a8317995.jpg,dump_truck,D:\whitevision\data\crops\dump_truck\208_annot255_dump_truck.jpg,89,237,240,222,640,640,train
209,256,D:\whitevision\data\raw\valid\Heavy_Equipment_6173_jpg.rf.208cb0a4d54355c914b0091e624e5e66.jpg,roller,D:\whitevision\data\crops\roller\209_annot256_roller.jpg,190,87,279,314,640,640,train
210,257,D:\whitevision\data\raw\valid\Heavy_Equipment_1729_jpg.rf.1ff80fda1155a2fa1315c0c6e78ebe9b.jpg,dump_truck,D:\whitevision\data\crops\dump_truck\210_annot257_dump_truck.jpg,0,289,216,240,640,640,test
210,258,D:\whitevision\data\raw\valid\Heavy_Equipment_1729_jpg.rf.1ff80fda1155a2fa1315c0c6e78ebe9b.jpg,excavator,D:\whitevision\data\crops\excavator\210_annot258_excavator.jpg,197,0,401,581,640,640,test
211,259,D:\whitevision\data\raw\valid\Heavy_Equipment_517_jpg.rf.211673fa94c3449dd3d05440ea236c41.jpg,loader,D:\whitevision\data\crops\loader\211_annot259_loader.jpg,260,208,207,213,640,640,train
211,260,D:\whitevision\data\raw\valid\Heavy_Equipment_517_jpg.rf.211673fa94c3449dd3d05440ea236c41.jpg,dump_truck,D:\whitevision\data\crops\dump_truck\211_annot260_dump_truck.jpg,89,252,163,176,640,640,train
212,261,D:\whitevision\data\raw\valid\Heavy_Equipment_6193_jpg.rf.20e64ab72f6f11a898af1702a6f95392.jpg,roller,D:\whitevision\data\crops\roller\212_annot261_roller.jpg,201,0,233,410,640,640,test
213,262,D:\whitevision\data\raw\valid\Heavy_Equipment_4092_jpg.rf.21d3ffdd84003589a8603fdd100f86eb.jpg,excavator,D:\whitevision\data\crops\excavator\213_annot262_excavator.jpg,183,177,426,376,640,640,train
214,263,D:\whitevision\data\raw\valid\Heavy_Equipment_3463_jpg.rf.217107c580d13d6334e4e49dc28cdac6.jpg,grader,D:\whitevision\data\crops\grader\214_annot263_grader.jpg,0,0,640,640,640,640,validation
215,264,D:\whitevision\data\raw\valid\Heavy_Equipment_464_jpg.rf.20dc7f3a84d015f466210067bf5d5d90.jpg,excavator,D:\whitevision\data\crops\excavator\215_annot264_excavator.jpg,0,246,346,124,640,640,train
215,265,D:\whitevision\data\raw\valid\Heavy_Equipment_464_jpg.rf.20dc7f3a84d015f466210067bf5d5d90.jpg,dump_truck,D:\whitevision\data\crops\dump_truck\215_annot265_dump_truck.jpg,183,358,189,127,640,640,train
215,266,D:\whitevision\data\raw\valid\Heavy_Equipment_464_jpg.rf.20dc7f3a84d015f466210067bf5d5d90.jpg,dump_truck,D:\whitevision\data\crops\dump_truck\215_annot266_dump_truck.jpg,343,309,149,145,640,640,train
215,267,D:\whitevision\data\raw\valid\Heavy_Equipment_464_jpg.rf.20dc7f3a84d015f466210067bf5d5d90.jpg,dump_truck,D:\whitevision\data\crops\dump_truck\215_annot267_dump_truck.jpg,487,358,153,156,640,640,train
215,268,D:\whitevision\data\raw\valid\Heavy_Equipment_464_jpg.rf.20dc7f3a84d015f466210067bf5d5d90.jpg,excavator,D:\whitevision\data\crops\excavator\215_annot268_excavator.jpg,472,197,74,178,640,640,train
216,269,D:\whitevision\data\raw\valid\Heavy_Equipment_2974_jpg.rf.213dfcf9911af479c506213669c6f96f.jpg,bulldozer,D:\whitevision\data\crops\bulldozer\216_annot269_bulldozer.jpg,0,0,640,598,640,640,train
217,270,D:\whitevision\data\raw\valid\Heavy_Equipment_6111_jpg.rf.226260f3494e0d06631c4305ce1f4c29.jpg,roller,D:\whitevision\data\crops\roller\217_annot270_roller.jpg,93,102,423,421,640,640,train
218,271,D:\whitevision\data\raw\valid\Heavy_Equipment_4707_jpg.rf.230c078ba960f3bfde2069ce8ac94449.jpg,grader,D:\whitevision\data\crops\grader\218_annot271_grader.jpg,0,115,640,428,640,640,validation
219,272,D:\whitevision\data\raw\valid\Heavy_Equipment_4044_jpg.rf.2169944009275881f1e5d5441fc14346.jpg,grader,D:\whitevision\data\crops\grader\219_annot272_grader.jpg,14,66,626,563,640,640,train
220,273,D:\whitevision\data\raw\valid\Heavy_Equipment_6015_jpg.rf.1eebe06fa4942ce4426a8b3f7e9bce55.jpg,roller,D:\whitevision\data\crops\roller\220_annot273_roller.jpg,199,0,272,366,640,640,test
221,274,D:\whitevision\data\raw\valid\Heavy_Equipment_801_jpg.rf.1fffc41c22931cfafa89c786d107e549.jpg,excavator,D:\whitevision\data\crops\excavator\221_annot274_excavator.jpg,0,0,157,148,640,640,train
221,275,D:\whitevision\data\raw\valid\Heavy_Equipment_801_jpg.rf.1fffc41c22931cfafa89c786d107e549.jpg,dump_truck,D:\whitevision\data\crops\dump_truck\221_annot275_dump_truck.jpg,251,130,291,138,640,640,train
221,276,D:\whitevision\data\raw\valid\Heavy_Equipment_801_jpg.rf.1fffc41c22931cfafa89c786d107e549.jpg,loader,D:\whitevision\data\crops\loader\221_annot276_loader.jpg,178,318,206,197,640,640,train
224,277,D:\whitevision\data\raw\valid\Heavy_Equipment_261_jpg.rf.20bb4ab511b31f4a31ae7f05f89c0d9c.jpg,excavator,D:\whitevision\data\crops\excavator\224_annot277_excavator.jpg,139,0,349,534,640,640,train
225,278,D:\whitevision\data\raw\valid\Heavy_Equipment_2426_jpg.rf.222ec8b1e5d67575c36514ec4fb74f42.jpg,dump_truck,D:\whitevision\data\crops\dump_truck\225_annot278_dump_truck.jpg,174,108,466,520,640,640,train
226,279,D:\whitevision\data\raw\valid\Heavy_Equipment_1249_jpg.rf.22e55a92d01912520798bcc736c54570.jpg,excavator,D:\whitevision\data\crops\excavator\226_annot279_excavator.jpg,97,111,489,453,640,640,validation
227,280,D:\whitevision\data\raw\valid\Heavy_Equipment_3706_jpg.rf.2341a87a50e6e7cbdea553a71080c94f.jpg,grader,D:\whitevision\data\crops\grader\227_annot280_grader.jpg,0,0,640,636,640,640,train
228,281,D:\whitevision\data\raw\valid\Heavy_Equipment_537_jpg.rf.235a0f19d5fbdcdcbb72b8fa2996116b.jpg,mobile_crane,D:\whitevision\data\crops\mobile_crane\228_annot281_mobile_crane.jpg,233,141,203,171,640,640,test
229,282,D:\whitevision\data\raw\valid\Heavy_Equipment_3864_jpg.rf.201bd9831ab7ceebaeaa491c7574be93.jpg,grader,D:\whitevision\data\crops\grader\229_annot282_grader.jpg,40,107,600,320,640,640,train
230,283,D:\whitevision\data\raw\valid\Heavy_Equipment_5522_jpg.rf.240d9e47fa289db3a27d3ac68c70f39f.jpg,roller,D:\whitevision\data\crops\roller\230_annot283_roller.jpg,201,173,204,301,640,640,train
231,284,D:\whitevision\data\raw\valid\Heavy_Equipment_2397_jpg.rf.2288432797861fdc1497d41431e4e9eb.jpg,excavator,D:\whitevision\data\crops\excavator\231_annot284_excavator.jpg,92,0,410,640,640,640,test
232,285,D:\whitevision\data\raw\valid\Heavy_Equipment_5132_jpg.rf.217d490cadf7e4d03a5d1f48b3ce2598.jpg,grader,D:\whitevision\data\crops\grader\232_annot285_grader.jpg,0,81,622,469,640,640,validation
233,286,D:\whitevision\data\raw\valid\Heavy_Equipment_1679_jpg.rf.2389a9ed25e74fcdd8289e8613b8496e.jpg,excavator,D:\whitevision\data\crops\excavator\233_annot286_excavator.jpg,137,0,195,450,640,640,train
233,287,D:\whitevision\data\raw\valid\Heavy_Equipment_1679_jpg.rf.2389a9ed25e74fcdd8289e8613b8496e.jpg,dump_truck,D:\whitevision\data\crops\dump_truck\233_annot287_dump_truck.jpg,393,290,168,237,640,640,train
234,288,D:\whitevision\data\raw\valid\Heavy_Equipment_3133_jpg.rf.244eb039b7cca4ed58161ffb2ce74afa.jpg,bulldozer,D:\whitevision\data\crops\bulldozer\234_annot288_bulldozer.jpg,0,156,523,446,640,640,validation
235,289,D:\whitevision\data\raw\valid\Heavy_Equipment_5006_jpg.rf.2384822479222a6b22d0c0d3fedac83c.jpg,bulldozer,D:\whitevision\data\crops\bulldozer\235_annot289_bulldozer.jpg,3,22,633,576,640,640,train
236,290,D:\whitevision\data\raw\valid\Heavy_Equipment_3015_jpg.rf.24965f1d7dc090a07f36875c24ba3be8.jpg,bulldozer,D:\whitevision\data\crops\bulldozer\236_annot290_bulldozer.jpg,55,43,585,541,640,640,test
237,291,D:\whitevision\data\raw\valid\M_M_MAN-2006-MODEL-TGA-41-360-1658419841275737396_common-22072119070387585500_jpg.rf.217213da7b7343b89767b2a1a0a3fe2a.jpg,mixer_truck,D:\whitevision\data\crops\mixer_truck\237_annot291_mixer_truck.jpg,203,323,243,215,640,640,train
237,292,D:\whitevision\data\raw\valid\M_M_MAN-2006-MODEL-TGA-41-360-1658419841275737396_common-22072119070387585500_jpg.rf.217213da7b7343b89767b2a1a0a3fe2a.jpg,mixer_truck,D:\whitevision\data\crops\mixer_truck\237_annot292_mixer_truck.jpg,0,341,119,182,640,640,train
238,293,D:\whitevision\data\raw\valid\Heavy_Equipment_748_jpg.rf.2447b9d0f327113af49bc0075348a8df.jpg,bulldozer,D:\whitevision\data\crops\bulldozer\238_annot293_bulldozer.jpg,38,108,530,426,640,640,train
239,294,D:\whitevision\data\raw\valid\Heavy_Equipment_500_jpg.rf.2427dad044094e5a20aedb15b75c2e12.jpg,excavator,D:\whitevision\data\crops\excavator\239_annot294_excavator.jpg,0,0,640,640,640,640,train
239,295,D:\whitevision\data\raw\valid\Heavy_Equipment_500_jpg.rf.2427dad044094e5a20aedb15b75c2e12.jpg,dump_truck,D:\whitevision\data\crops\dump_truck\239_annot295_dump_truck.jpg,401,241,239,399,640,640,train
240,296,D:\whitevision\data\raw\valid\Heavy_Equipment_1565_jpg.rf.256d30c88bd0a2803c2b4e50b9bf0e00.jpg,mobile_crane,D:\whitevision\data\crops\mobile_crane\240_annot296_mobile_crane.jpg,329,0,140,640,640,640,train
240,297,D:\whitevision\data\raw\valid\Heavy_Equipment_1565_jpg.rf.256d30c88bd0a2803c2b4e50b9bf0e00.jpg,mobile_crane,D:\whitevision\data\crops\mobile_crane\240_annot297_mobile_crane.jpg,196,22,137,618,640,640,train
241,298,D:\whitevision\data\raw\valid\Heavy_Equipment_3907_jpg.rf.24c9b5c5ec268e64024f82366361f545.jpg,grader,D:\whitevision\data\crops\grader\241_annot298_grader.jpg,306,66,302,574,640,640,test
242,299,D:\whitevision\data\raw\valid\Heavy_Equipment_21_jpg.rf.25ef271f76cdf43e3e424856e7c1d703.jpg,grader,D:\whitevision\data\crops\grader\242_annot299_grader.jpg,76,170,564,352,640,640,train
243,300,D:\whitevision\data\raw\valid\Heavy_Equipment_6129_jpg.rf.25a7241e4c4af68667dac41310e41710.jpg,roller,D:\whitevision\data\crops\roller\243_annot300_roller.jpg,170,30,265,323,640,640,validation
244,301,D:\whitevision\data\raw\valid\Heavy_Equipment_1351_jpg.rf.246903c3be4602376aa8241dbf2f4550.jpg,dump_truck,D:\whitevision\data\crops\dump_truck\244_annot301_dump_truck.jpg,113,295,94,127,640,640,train
244,302,D:\whitevision\data\raw\valid\Heavy_Equipment_1351_jpg.rf.246903c3be4602376aa8241dbf2f4550.jpg,dump_truck,D:\whitevision\data\crops\dump_truck\244_annot302_dump_truck.jpg,437,324,82,192,640,640,train
244,303,D:\whitevision\data\raw\valid\Heavy_Equipment_1351_jpg.rf.246903c3be4602376aa8241dbf2f4550.jpg,excavator,D:\whitevision\data\crops\excavator\244_annot303_excavator.jpg,188,170,255,366,640,640,train
245,304,D:\whitevision\data\raw\valid\M_M_020435457_1659661719337_6951fc_jpg.rf.25bf3d619fa796763c225b58edf97df5.jpg,mixer_truck,D:\whitevision\data\crops\mixer_truck\245_annot304_mixer_truck.jpg,32,73,606,519,640,640,validation
246,305,D:\whitevision\data\raw\valid\Heavy_Equipment_3069_jpg.rf.25fe0b72070d5cbe291f503ebec1ec1e.jpg,grader,D:\whitevision\data\crops\grader\246_annot305_grader.jpg,20,76,571,564,640,640,train
247,306,D:\whitevision\data\raw\valid\Heavy_Equipment_3666_jpg.rf.26a2c2fa50eb20743713a793bc81755b.jpg,grader,D:\whitevision\data\crops\grader\247_annot306_grader.jpg,28,237,500,289,640,640,validation
248,307,D:\whitevision\data\raw\valid\Heavy_Equipment_5042_jpg.rf.256bdbcd0e2fb210bdb1e43f72700df0.jpg,bulldozer,D:\whitevision\data\crops\bulldozer\248_annot307_bulldozer.jpg,0,57,640,578,640,640,test
249,308,D:\whitevision\data\raw\valid\Heavy_Equipment_5519_jpg.rf.26bfd7315247176f514915f4d2a371b7.jpg,roller,D:\whitevision\data\crops\roller\249_annot308_roller.jpg,204,154,197,305,640,640,train
250,309,D:\whitevision\data\raw\valid\Heavy_Equipment_2761_jpg.rf.2595d0e2454a2c056fd465d8f886baae.jpg,mobile_crane,D:\whitevision\data\crops\mobile_crane\250_annot309_mobile_crane.jpg,146,22,354,383,640,640,train
250,310,D:\whitevision\data\raw\valid\Heavy_Equipment_2761_jpg.rf.2595d0e2454a2c056fd465d8f886baae.jpg,mobile_crane,D:\whitevision\data\crops\mobile_crane\250_annot310_mobile_crane.jpg,0,214,168,110,640,640,train
251,311,D:\whitevision\data\raw\valid\Heavy_Equipment_1787_jpg.rf.269ca2b4c189a197afc331e2e5519053.jpg,mobile_crane,D:\whitevision\data\crops\mobile_crane\251_annot311_mobile_crane.jpg,34,103,567,396,640,640,train
252,312,D:\whitevision\data\raw\valid\Heavy_Equipment_4175_jpg.rf.270e896968b82bd1b1bbda1638a8abd2.jpg,bulldozer,D:\whitevision\data\crops\bulldozer\252_annot312_bulldozer.jpg,0,87,640,545,640,640,test
254,313,D:\whitevision\data\raw\valid\Heavy_Equipment_3041_jpg.rf.2762c8780a29a8f64753499331e17632.jpg,bulldozer,D:\whitevision\data\crops\bulldozer\254_annot313_bulldozer.jpg,74,79,500,504,640,640,validation
255,314,D:\whitevision\data\raw\valid\Heavy_Equipment_6057_jpg.rf.28534af391ccb5a7272dfea78e74ec0c.jpg,roller,D:\whitevision\data\crops\roller\255_annot314_roller.jpg,0,0,578,640,640,640,test
258,315,D:\whitevision\data\raw\valid\Heavy_Equipment_5625_jpg.rf.2912cd68483da046a3a7e49c0ac9f7ef.jpg,roller,D:\whitevision\data\crops\roller\258_annot315_roller.jpg,0,0,616,404,640,640,train
261,316,D:\whitevision\data\raw\valid\Heavy_Equipment_4642_jpg.rf.28081371feeeddc1f3069dfe49c5ad04.jpg,bulldozer,D:\whitevision\data\crops\bulldozer\261_annot316_bulldozer.jpg,0,79,640,469,640,640,train
262,317,D:\whitevision\data\raw\valid\Heavy_Equipment_2728_jpg.rf.28210b9d44645ea5a4a4bc51bc0d64e4.jpg,excavator,D:\whitevision\data\crops\excavator\262_annot317_excavator.jpg,99,38,401,423,640,640,validation
262,318,D:\whitevision\data\raw\valid\Heavy_Equipment_2728_jpg.rf.28210b9d44645ea5a4a4bc51bc0d64e4.jpg,dump_truck,D:\whitevision\data\crops\dump_truck\262_annot318_dump_truck.jpg,317,349,96,118,640,640,validation
264,319,D:\whitevision\data\raw\valid\Heavy_Equipment_408_jpg.rf.2a187fade03269bfca099632a96b8f6d.jpg,excavator,D:\whitevision\data\crops\excavator\264_annot319_excavator.jpg,33,0,607,640,640,640,train
264,320,D:\whitevision\data\raw\valid\Heavy_Equipment_408_jpg.rf.2a187fade03269bfca099632a96b8f6d.jpg,excavator,D:\whitevision\data\crops\excavator\264_annot320_excavator.jpg,0,73,380,503,640,640,train
265,321,D:\whitevision\data\raw\valid\Heavy_Equipment_3466_jpg.rf.28629efe3f75df7ed6201e87926ebf51.jpg,grader,D:\whitevision\data\crops\grader\265_annot321_grader.jpg,165,186,446,267,640,640,train
266,322,D:\whitevision\data\raw\valid\Heavy_Equipment_1596_jpg.rf.2a010214cc078bb2077656801fd0213c.jpg,excavator,D:\whitevision\data\crops\excavator\266_annot322_excavator.jpg,30,0,599,586,640,640,train
266,323,D:\whitevision\data\raw\valid\Heavy_Equipment_1596_jpg.rf.2a010214cc078bb2077656801fd0213c.jpg,dump_truck,D:\whitevision\data\crops\dump_truck\266_annot323_dump_truck.jpg,1,184,93,149,640,640,train
268,324,D:\whitevision\data\raw\valid\Heavy_Equipment_1026_jpg.rf.285d3bf153d0b4af6eccec0d56d63628.jpg,mobile_crane,D:\whitevision\data\crops\mobile_crane\268_annot324_mobile_crane.jpg,344,0,218,485,640,640,train
268,325,D:\whitevision\data\raw\valid\Heavy_Equipment_1026_jpg.rf.285d3bf153d0b4af6eccec0d56d63628.jpg,mobile_crane,D:\whitevision\data\crops\mobile_crane\268_annot325_mobile_crane.jpg,73,33,124,607,640,640,train
269,326,D:\whitevision\data\raw\valid\Heavy_Equipment_1540_jpg.rf.2c8352a4430ba22ad13697a8df65f803.jpg,mobile_crane,D:\whitevision\data\crops\mobile_crane\269_annot326_mobile_crane.jpg,23,0,391,632,640,640,train
270,327,D:\whitevision\data\raw\valid\Heavy_Equipment_434_jpg.rf.2aeea1239fa5bcc0a46f07e213d2b565.jpg,loader,D:\whitevision\data\crops\loader\270_annot327_loader.jpg,25,99,358,477,640,640,train
270,328,D:\whitevision\data\raw\valid\Heavy_Equipment_434_jpg.rf.2aeea1239fa5bcc0a46f07e213d2b565.jpg,dump_truck,D:\whitevision\data\crops\dump_truck\270_annot328_dump_truck.jpg,226,226,220,249,640,640,train
271,329,D:\whitevision\data\raw\valid\Heavy_Equipment_2880_jpg.rf.28068eb641f38ab4218f64893b709520.jpg,excavator,D:\whitevision\data\crops\excavator\271_annot329_excavator.jpg,1,0,588,585,640,640,validation
272,330,D:\whitevision\data\raw\valid\Heavy_Equipment_1014_jpg.rf.2a1b066ea66a0e8f141176b2a33db145.jpg,mobile_crane,D:\whitevision\data\crops\mobile_crane\272_annot330_mobile_crane.jpg,49,78,504,423,640,640,train
273,331,D:\whitevision\data\raw\valid\Heavy_Equipment_3005_jpg.rf.2ac5e76cfa397d6931afc00b05cda5c7.jpg,bulldozer,D:\whitevision\data\crops\bulldozer\273_annot331_bulldozer.jpg,39,1,580,629,640,640,train
274,332,D:\whitevision\data\raw\valid\Heavy_Equipment_2616_jpg.rf.2cdd4443b4d076489ae6c5b3fdc55eab.jpg,excavator,D:\whitevision\data\crops\excavator\274_annot332_excavator.jpg,232,226,246,265,640,640,test
274,333,D:\whitevision\data\raw\valid\Heavy_Equipment_2616_jpg.rf.2cdd4443b4d076489ae6c5b3fdc55eab.jpg,loader,D:\whitevision\data\crops\loader\274_annot333_loader.jpg,578,291,62,89,640,640,test
276,334,D:\whitevision\data\raw\valid\Heavy_Equipment_3173_jpg.rf.2cc32b5450692269050d4b4f72995c9a.jpg,bulldozer,D:\whitevision\data\crops\bulldozer\276_annot334_bulldozer.jpg,1,77,639,523,640,640,train
277,335,D:\whitevision\data\raw\valid\Heavy_Equipment_2709_jpg.rf.2b360e0025f362d9a2d9cd13a4d0e21e.jpg,mobile_crane,D:\whitevision\data\crops\mobile_crane\277_annot335_mobile_crane.jpg,233,172,171,214,640,640,train
278,336,D:\whitevision\data\raw\valid\Heavy_Equipment_3745_jpg.rf.2c9a66257aa3ba88069a429fbc75778f.jpg,grader,D:\whitevision\data\crops\grader\278_annot336_grader.jpg,33,0,565,640,640,640,train
279,337,D:\whitevision\data\raw\valid\Heavy_Equipment_3548_jpg.rf.2d8294c5504f0f97123aaf7c2542cec7.jpg,excavator,D:\whitevision\data\crops\excavator\279_annot337_excavator.jpg,190,98,226,301,640,640,train
280,338,D:\whitevision\data\raw\valid\Heavy_Equipment_984_jpg.rf.2d8eb5a3fb4bcf8780f5114d112a7354.jpg,mobile_crane,D:\whitevision\data\crops\mobile_crane\280_annot338_mobile_crane.jpg,181,128,284,332,640,640,train
281,339,D:\whitevision\data\raw\valid\Heavy_Equipment_3018_jpg.rf.27b81ef57a4529e4da49c7bda1947f17.jpg,bulldozer,D:\whitevision\data\crops\bulldozer\281_annot339_bulldozer.jpg,133,117,496,492,640,640,test
282,340,D:\whitevision\data\raw\valid\Heavy_Equipment_3311_jpg.rf.2df21aa24fb77845424a7ce56692c487.jpg,grader,D:\whitevision\data\crops\grader\282_annot340_grader.jpg,9,83,631,536,640,640,train
283,341,D:\whitevision\data\raw\valid\Heavy_Equipment_5983_jpg.rf.2d8d9a50020a96d8d0cc7405288309bb.jpg,roller,D:\whitevision\data\crops\roller\283_annot341_roller.jpg,222,65,198,274,640,640,train
284,342,D:\whitevision\data\raw\valid\Heavy_Equipment_2692_jpg.rf.2c4006f4243d3c9191b2e74b85a5e6ac.jpg,mobile_crane,D:\whitevision\data\crops\mobile_crane\284_annot342_mobile_crane.jpg,87,0,545,640,640,640,test
285,343,D:\whitevision\data\raw\valid\Heavy_Equipment_4246_jpg.rf.2d9e073a1549332c4f4012e3487193c4.jpg,bulldozer,D:\whitevision\data\crops\bulldozer\285_annot343_bulldozer.jpg,101,41,509,532,640,640,train
286,344,D:\whitevision\data\raw\valid\Heavy_Equipment_3612_jpg.rf.2ddd9021b5274f905060ebf1395774d5.jpg,excavator,D:\whitevision\data\crops\excavator\286_annot344_excavator.jpg,0,5,640,532,640,640,train
287,345,D:\whitevision\data\raw\valid\Heavy_Equipment_1137_jpg.rf.2e481b584f1af4693c6f819247df48b2.jpg,excavator,D:\whitevision\data\crops\excavator\287_annot345_excavator.jpg,363,87,226,383,640,640,test
287,346,D:\whitevision\data\raw\valid\Heavy_Equipment_1137_jpg.rf.2e481b584f1af4693c6f819247df48b2.jpg,dump_truck,D:\whitevision\data\crops\dump_truck\287_annot346_dump_truck.jpg,0,323,289,317,640,640,test
289,347,D:\whitevision\data\raw\valid\Heavy_Equipment_5432_jpg.rf.2b12078211b378d3a7cfd493b1f5f837.jpg,roller,D:\whitevision\data\crops\roller\289_annot347_roller.jpg,230,145,213,224,640,640,train
290,348,D:\whitevision\data\raw\valid\Heavy_Equipment_1672_jpg.rf.2ec3e295b38bf8abf4ee2dbfde20879d.jpg,loader,D:\whitevision\data\crops\loader\290_annot348_loader.jpg,216,122,254,267,640,640,train
291,349,D:\whitevision\data\raw\valid\Heavy_Equipment_471_jpg.rf.2f1a5b03114cf4cceb5ac85bef519a0c.jpg,dump_truck,D:\whitevision\data\crops\dump_truck\291_annot349_dump_truck.jpg,247,112,138,130,640,640,validation
291,350,D:\whitevision\data\raw\valid\Heavy_Equipment_471_jpg.rf.2f1a5b03114cf4cceb5ac85bef519a0c.jpg,excavator,D:\whitevision\data\crops\excavator\291_annot350_excavator.jpg,441,294,199,245,640,640,validation
291,351,D:\whitevision\data\raw\valid\Heavy_Equipment_471_jpg.rf.2f1a5b03114cf4cceb5ac85bef519a0c.jpg,excavator,D:\whitevision\data\crops\excavator\291_annot351_excavator.jpg,138,0,126,238,640,640,validation
291,352,D:\whitevision\data\raw\valid\Heavy_Equipment_471_jpg.rf.2f1a5b03114cf4cceb5ac85bef519a0c.jpg,excavator,D:\whitevision\data\crops\excavator\291_annot352_excavator.jpg,0,227,76,148,640,640,validation
292,353,D:\whitevision\data\raw\valid\Heavy_Equipment_5470_jpg.rf.2fff1f6d4cc2461bc69c5726f14667d6.jpg,roller,D:\whitevision\data\crops\roller\292_annot353_roller.jpg,201,140,206,254,640,640,train
293,354,D:\whitevision\data\raw\valid\M_H_images174_jpg.rf.2ff7665c16d1a18d2e79de9c3dc33c89.jpg,mixer_truck,D:\whitevision\data\crops\mixer_truck\293_annot354_mixer_truck.jpg,75,136,505,445,640,640,test
294,355,D:\whitevision\data\raw\valid\Heavy_Equipment_5961_jpg.rf.2f2df606fa8259ef31c84d929db4414c.jpg,roller,D:\whitevision\data\crops\roller\294_annot355_roller.jpg,69,0,480,470,640,640,train
296,356,D:\whitevision\data\raw\valid\Heavy_Equipment_1709_jpg.rf.2fe604fbb7a7936572da655a24d85d99.jpg,excavator,D:\whitevision\data\crops\excavator\296_annot356_excavator.jpg,30,113,610,527,640,640,train
297,357,D:\whitevision\data\raw\valid\Heavy_Equipment_1602_jpg.rf.2ff449797756f242091ad41165d155d6.jpg,dump_truck,D:\whitevision\data\crops\dump_truck\297_annot357_dump_truck.jpg,181,28,368,555,640,640,train
298,358,D:\whitevision\data\raw\valid\Heavy_Equipment_2620_jpg.rf.2eed329905d393e644d4fdcc3b1820d2.jpg,dump_truck,D:\whitevision\data\crops\dump_truck\298_annot358_dump_truck.jpg,489,90,151,367,640,640,train
298,359,D:\whitevision\data\raw\valid\Heavy_Equipment_2620_jpg.rf.2eed329905d393e644d4fdcc3b1820d2.jpg,roller,D:\whitevision\data\crops\roller\298_annot359_roller.jpg,6,13,486,574,640,640,train
299,360,D:\whitevision\data\raw\valid\Heavy_Equipment_1785_jpg.rf.2f559f1518826da5696bf6905d86bf92.jpg,excavator,D:\whitevision\data\crops\excavator\299_annot360_excavator.jpg,15,139,625,431,640,640,validation
300,361,D:\whitevision\data\raw\valid\M_M_images139_jpg.rf.2deb80594441ba647c603b06cbf93c09.jpg,mixer_truck,D:\whitevision\data\crops\mixer_truck\300_annot361_mixer_truck.jpg,0,144,640,443,640,640,validation
302,362,D:\whitevision\data\raw\valid\Heavy_Equipment_3058_jpg.rf.3012b739a4a138cb526055fee1485928.jpg,grader,D:\whitevision\data\crops\grader\302_annot362_grader.jpg,14,0,600,558,640,640,validation
303,363,D:\whitevision\data\raw\valid\Heavy_Equipment_3743_jpg.rf.3099a403d924aefff5ef50e5e8e59f10.jpg,grader,D:\whitevision\data\crops\grader\303_annot363_grader.jpg,14,102,590,413,640,640,validation
304,364,D:\whitevision\data\raw\valid\Heavy_Equipment_5801_jpg.rf.30b1d6a6271fc78978bb96fd32ceb8e6.jpg,roller,D:\whitevision\data\crops\roller\304_annot364_roller.jpg,206,155,201,176,640,640,train
306,365,D:\whitevision\data\raw\valid\Heavy_Equipment_3322_jpg.rf.300207ef9720ec86688bad5ecdbc99a2.jpg,bulldozer,D:\whitevision\data\crops\bulldozer\306_annot365_bulldozer.jpg,0,12,634,628,640,640,train
307,366,D:\whitevision\data\raw\valid\Heavy_Equipment_1648_jpg.rf.3143d1cc2ab2047bd6888537db386c2d.jpg,mobile_crane,D:\whitevision\data\crops\mobile_crane\307_annot366_mobile_crane.jpg,243,0,277,516,640,640,train
308,367,D:\whitevision\data\raw\valid\Heavy_Equipment_3918_jpg.rf.30dee90e9ce887d56257ffa489e3da3a.jpg,grader,D:\whitevision\data\crops\grader\308_annot367_grader.jpg,0,22,640,618,640,640,train
309,368,D:\whitevision\data\raw\valid\Heavy_Equipment_5880_jpg.rf.31b374674fdaedc413c3414750867b24.jpg,roller,D:\whitevision\data\crops\roller\309_annot368_roller.jpg,242,72,148,260,640,640,validation
310,369,D:\whitevision\data\raw\valid\Heavy_Equipment_2186_jpg.rf.31888127d0c68a5f3be0a7e32be272a2.jpg,dump_truck,D:\whitevision\data\crops\dump_truck\310_annot369_dump_truck.jpg,311,242,176,222,640,640,train
310,370,D:\whitevision\data\raw\valid\Heavy_Equipment_2186_jpg.rf.31888127d0c68a5f3be0a7e32be272a2.jpg,excavator,D:\whitevision\data\crops\excavator\310_annot370_excavator.jpg,66,11,526,426,640,640,train
311,371,D:\whitevision\data\raw\valid\M_S_150252_1_jpg.rf.2de9a8a4976875bb40a998656e8af76a.jpg,mixer_truck,D:\whitevision\data\crops\mixer_truck\311_annot371_mixer_truck.jpg,8,87,632,537,640,640,train
312,372,D:\whitevision\data\raw\valid\Heavy_Equipment_3652_jpg.rf.33851631b41ea165cbdf5d82d8f84a38.jpg,grader,D:\whitevision\data\crops\grader\312_annot372_grader.jpg,119,108,403,386,640,640,train
313,373,D:\whitevision\data\raw\valid\Heavy_Equipment_4809_jpg.rf.31d607cc76d6775512f0aa6e1251d378.jpg,grader,D:\whitevision\data\crops\grader\313_annot373_grader.jpg,130,98,509,413,640,640,train
314,374,D:\whitevision\data\raw\valid\Heavy_Equipment_2949_jpg.rf.30be6e72006ab9a9910fd53e4db0972b.jpg,mobile_crane,D:\whitevision\data\crops\mobile_crane\314_annot374_mobile_crane.jpg,163,179,303,461,640,640,train
315,375,D:\whitevision\data\raw\valid\Heavy_Equipment_1592_jpg.rf.328017215b9bf00e23d88573e9429a30.jpg,excavator,D:\whitevision\data\crops\excavator\315_annot375_excavator.jpg,258,5,134,284,640,640,train
315,376,D:\whitevision\data\raw\valid\Heavy_Equipment_1592_jpg.rf.328017215b9bf00e23d88573e9429a30.jpg,dump_truck,D:\whitevision\data\crops\dump_truck\315_annot376_dump_truck.jpg,356,114,50,90,640,640,train
315,377,D:\whitevision\data\raw\valid\Heavy_Equipment_1592_jpg.rf.328017215b9bf00e23d88573e9429a30.jpg,dump_truck,D:\whitevision\data\crops\dump_truck\315_annot377_dump_truck.jpg,410,199,173,171,640,640,train
316,378,D:\whitevision\data\raw\valid\M_S_Scania_P360E6MIXER_9MC2B3_4_2_jpg.rf.302497f0dbf01e99efab843e5706e102.jpg,mixer_truck,D:\whitevision\data\crops\mixer_truck\316_annot378_mixer_truck.jpg,54,63,470,568,640,640,train
317,379,D:\whitevision\data\raw\valid\Heavy_Equipment_3078_jpg.rf.3262787fbf7d5c3dae1eaecbccef741b.jpg,grader,D:\whitevision\data\crops\grader\317_annot379_grader.jpg,0,0,640,640,640,640,train
318,380,D:\whitevision\data\raw\valid\Heavy_Equipment_4792_jpg.rf.33127870dec51e68f4af4d727dbc0409.jpg,bulldozer,D:\whitevision\data\crops\bulldozer\318_annot380_bulldozer.jpg,53,128,457,372,640,640,test
319,381,D:\whitevision\data\raw\valid\Heavy_Equipment_2140_jpg.rf.32fc710c99cff5924df1b41d7d0581e9.jpg,roller,D:\whitevision\data\crops\roller\319_annot381_roller.jpg,64,160,52,83,640,640,train
319,382,D:\whitevision\data\raw\valid\Heavy_Equipment_2140_jpg.rf.32fc710c99cff5924df1b41d7d0581e9.jpg,excavator,D:\whitevision\data\crops\excavator\319_annot382_excavator.jpg,0,162,34,49,640,640,train
319,383,D:\whitevision\data\raw\valid\Heavy_Equipment_2140_jpg.rf.32fc710c99cff5924df1b41d7d0581e9.jpg,excavator,D:\whitevision\data\crops\excavator\319_annot383_excavator.jpg,145,62,44,168,640,640,train
320,384,D:\whitevision\data\raw\valid\Heavy_Equipment_2020_jpg.rf.342c059d1859463b4d004da7926d9bb1.jpg,mobile_crane,D:\whitevision\data\crops\mobile_crane\320_annot384_mobile_crane.jpg,0,0,503,454,640,640,test
320,385,D:\whitevision\data\raw\valid\Heavy_Equipment_2020_jpg.rf.342c059d1859463b4d004da7926d9bb1.jpg,mobile_crane,D:\whitevision\data\crops\mobile_crane\320_annot385_mobile_crane.jpg,486,0,154,418,640,640,test
321,386,D:\whitevision\data\raw\valid\Heavy_Equipment_3664_jpg.rf.32e8f68b5cc5aa52fa7892a911822dcd.jpg,bulldozer,D:\whitevision\data\crops\bulldozer\321_annot386_bulldozer.jpg,83,77,457,390,640,640,train
322,387,D:\whitevision\data\raw\valid\Heavy_Equipment_134_jpg.rf.3244558de0baeb0ccf659282b100cb54.jpg,excavator,D:\whitevision\data\crops\excavator\322_annot387_excavator.jpg,10,247,283,294,640,640,train
322,388,D:\whitevision\data\raw\valid\Heavy_Equipment_134_jpg.rf.3244558de0baeb0ccf659282b100cb54.jpg,dump_truck,D:\whitevision\data\crops\dump_truck\322_annot388_dump_truck.jpg,227,91,72,94,640,640,train
323,389,D:\whitevision\data\raw\valid\Heavy_Equipment_521_jpg.rf.33841f0add90777dfbc4d8a3a502854e.jpg,roller,D:\whitevision\data\crops\roller\323_annot389_roller.jpg,35,30,315,372,640,640,validation
324,390,D:\whitevision\data\raw\valid\Heavy_Equipment_3196_jpg.rf.344906e8b6052c389c9628a47387f5cb.jpg,bulldozer,D:\whitevision\data\crops\bulldozer\324_annot390_bulldozer.jpg,0,0,640,640,640,640,train
325,391,D:\whitevision\data\raw\valid\Heavy_Equipment_1038_jpg.rf.32280c8cf6358fe5274429ca5f37296a.jpg,excavator,D:\whitevision\data\crops\excavator\325_annot391_excavator.jpg,101,319,75,68,640,640,train
325,392,D:\whitevision\data\raw\valid\Heavy_Equipment_1038_jpg.rf.32280c8cf6358fe5274429ca5f37296a.jpg,dump_truck,D:\whitevision\data\crops\dump_truck\325_annot392_dump_truck.jpg,175,349,16,47,640,640,train
325,393,D:\whitevision\data\raw\valid\Heavy_Equipment_1038_jpg.rf.32280c8cf6358fe5274429ca5f37296a.jpg,roller,D:\whitevision\data\crops\roller\325_annot393_roller.jpg,146,347,42,71,640,640,train
325,394,D:\whitevision\data\raw\valid\Heavy_Equipment_1038_jpg.rf.32280c8cf6358fe5274429ca5f37296a.jpg,dump_truck,D:\whitevision\data\crops\dump_truck\325_annot394_dump_truck.jpg,27,397,287,200,640,640,train
325,395,D:\whitevision\data\raw\valid\Heavy_Equipment_1038_jpg.rf.32280c8cf6358fe5274429ca5f37296a.jpg,excavator,D:\whitevision\data\crops\excavator\325_annot395_excavator.jpg,417,0,192,435,640,640,train
325,396,D:\whitevision\data\raw\valid\Heavy_Equipment_1038_jpg.rf.32280c8cf6358fe5274429ca5f37296a.jpg,excavator,D:\whitevision\data\crops\excavator\325_annot396_excavator.jpg,593,166,47,115,640,640,train
326,397,D:\whitevision\data\raw\valid\Heavy_Equipment_1518_jpg.rf.30ecbfedd205a5a94e2304f5296ad3a5.jpg,excavator,D:\whitevision\data\crops\excavator\326_annot397_excavator.jpg,12,62,526,492,640,640,train
326,398,D:\whitevision\data\raw\valid\Heavy_Equipment_1518_jpg.rf.30ecbfedd205a5a94e2304f5296ad3a5.jpg,dump_truck,D:\whitevision\data\crops\dump_truck\326_annot398_dump_truck.jpg,76,183,149,300,640,640,train
327,399,D:\whitevision\data\raw\valid\Heavy_Equipment_1087_jpg.rf.3405bad5c232b0d0857533c4bd042379.jpg,excavator,D:\whitevision\data\crops\excavator\327_annot399_excavator.jpg,130,22,239,489,640,640,train
327,400,D:\whitevision\data\raw\valid\Heavy_Equipment_1087_jpg.rf.3405bad5c232b0d0857533c4bd042379.jpg,excavator,D:\whitevision\data\crops\excavator\327_annot400_excavator.jpg,403,184,190,149,640,640,train
327,401,D:\whitevision\data\raw\valid\Heavy_Equipment_1087_jpg.rf.3405bad5c232b0d0857533c4bd042379.jpg,dump_truck,D:\whitevision\data\crops\dump_truck\327_annot401_dump_truck.jpg,0,270,91,206,640,640,train
327,402,D:\whitevision\data\raw\valid\Heavy_Equipment_1087_jpg.rf.3405bad5c232b0d0857533c4bd042379.jpg,dump_truck,D:\whitevision\data\crops\dump_truck\327_annot402_dump_truck.jpg,0,203,48,71,640,640,train
327,403,D:\whitevision\data\raw\valid\Heavy_Equipment_1087_jpg.rf.3405bad5c232b0d0857533c4bd042379.jpg,dump_truck,D:\whitevision\data\crops\dump_truck\327_annot403_dump_truck.jpg,175,203,113,90,640,640,train
327,404,D:\whitevision\data\raw\valid\Heavy_Equipment_1087_jpg.rf.3405bad5c232b0d0857533c4bd042379.jpg,dump_truck,D:\whitevision\data\crops\dump_truck\327_annot404_dump_truck.jpg,49,255,64,126,640,640,train
327,405,D:\whitevision\data\raw\valid\Heavy_Equipment_1087_jpg.rf.3405bad5c232b0d0857533c4bd042379.jpg,dump_truck,D:\whitevision\data\crops\dump_truck\327_annot405_dump_truck.jpg,116,311,46,123,640,640,train
329,406,D:\whitevision\data\raw\valid\Heavy_Equipment_4239_jpg.rf.346006719cf4e1313c8c25db6ba210ee.jpg,bulldozer,D:\whitevision\data\crops\bulldozer\329_annot406_bulldozer.jpg,0,67,640,548,640,640,train
330,407,D:\whitevision\data\raw\valid\Heavy_Equipment_3257_jpg.rf.3101f0fb5b806ab2c556490b95fec8d9.jpg,grader,D:\whitevision\data\crops\grader\330_annot407_grader.jpg,4,0,607,639,640,640,validation
331,408,D:\whitevision\data\raw\valid\Heavy_Equipment_4761_jpg.rf.35a3730255b51e762f4026691b306a94.jpg,bulldozer,D:\whitevision\data\crops\bulldozer\331_annot408_bulldozer.jpg,0,0,640,617,640,640,train
332,409,D:\whitevision\data\raw\valid\Heavy_Equipment_23_jpg.rf.35c2f16361354e0c690b341abbaed2ae.jpg,grader,D:\whitevision\data\crops\grader\332_annot409_grader.jpg,0,3,640,587,640,640,train
333,410,D:\whitevision\data\raw\valid\M_B_images54_jpg.rf.3568f6b09875eff141a03f5394a96a71.jpg,mixer_truck,D:\whitevision\data\crops\mixer_truck\333_annot410_mixer_truck.jpg,51,74,521,513,640,640,train
334,411,D:\whitevision\data\raw\valid\Heavy_Equipment_2338_jpg.rf.32106ead5ec9e3549a54682f024e4a1a.jpg,excavator,D:\whitevision\data\crops\excavator\334_annot411_excavator.jpg,460,309,180,156,640,640,train
335,412,D:\whitevision\data\raw\valid\Heavy_Equipment_4214_jpg.rf.357b27aabfd0f94fdb3a115bd8f455f8.jpg,bulldozer,D:\whitevision\data\crops\bulldozer\335_annot412_bulldozer.jpg,109,0,531,569,640,640,train
336,413,D:\whitevision\data\raw\valid\Heavy_Equipment_5272_jpg.rf.35fed4fd12116d7290878ab3d9af34fd.jpg,roller,D:\whitevision\data\crops\roller\336_annot413_roller.jpg,0,0,640,640,640,640,train
339,414,D:\whitevision\data\raw\valid\M_D_206c_jpg.rf.38ea9fcce67a71942c37daa7a59feeef.jpg,mixer_truck,D:\whitevision\data\crops\mixer_truck\339_annot414_mixer_truck.jpg,0,66,640,465,640,640,train
341,415,D:\whitevision\data\raw\valid\Heavy_Equipment_3576_jpg.rf.35df6d1ac7a73346faa741bad216aabe.jpg,excavator,D:\whitevision\data\crops\excavator\341_annot415_excavator.jpg,60,171,501,255,640,640,train
342,416,D:\whitevision\data\raw\valid\Heavy_Equipment_1392_jpg.rf.38dfc0f5432ee0c86964783455af3a5c.jpg,excavator,D:\whitevision\data\crops\excavator\342_annot416_excavator.jpg,105,0,360,640,640,640,validation
342,417,D:\whitevision\data\raw\valid\Heavy_Equipment_1392_jpg.rf.38dfc0f5432ee0c86964783455af3a5c.jpg,dump_truck,D:\whitevision\data\crops\dump_truck\342_annot417_dump_truck.jpg,19,166,193,215,640,640,validation
343,418,D:\whitevision\data\raw\valid\Heavy_Equipment_5909_jpg.rf.370dfddcbaf3d326751cef7afc6a5e07.jpg,roller,D:\whitevision\data\crops\roller\343_annot418_roller.jpg,63,0,546,365,640,640,train
344,419,D:\whitevision\data\raw\valid\Heavy_Equipment_4528_jpg.rf.36b911230a90d8a9bfa846b50319dd04.jpg,grader,D:\whitevision\data\crops\grader\344_annot419_grader.jpg,23,0,573,640,640,640,train
345,420,D:\whitevision\data\raw\valid\Heavy_Equipment_5823_jpg.rf.380a566cd0a6e82aecea1a1f3a42aab8.jpg,roller,D:\whitevision\data\crops\roller\345_annot420_roller.jpg,58,0,440,393,640,640,train
346,421,D:\whitevision\data\raw\valid\Heavy_Equipment_2347_jpg.rf.38c53ab295f17c65063b0f9a622596f6.jpg,excavator,D:\whitevision\data\crops\excavator\346_annot421_excavator.jpg,152,18,468,591,640,640,test
347,422,D:\whitevision\data\raw\valid\Heavy_Equipment_3358_jpg.rf.3461228239a375360f14e946381d6852.jpg,bulldozer,D:\whitevision\data\crops\bulldozer\347_annot422_bulldozer.jpg,50,10,540,630,640,640,train
348,423,D:\whitevision\data\raw\valid\Heavy_Equipment_264_jpg.rf.35e74509a61d520fb9ba70002e12e6de.jpg,mobile_crane,D:\whitevision\data\crops\mobile_crane\348_annot423_mobile_crane.jpg,326,0,283,603,640,640,train
348,424,D:\whitevision\data\raw\valid\Heavy_Equipment_264_jpg.rf.35e74509a61d520fb9ba70002e12e6de.jpg,mobile_crane,D:\whitevision\data\crops\mobile_crane\348_annot424_mobile_crane.jpg,0,0,225,640,640,640,train
348,425,D:\whitevision\data\raw\valid\Heavy_Equipment_264_jpg.rf.35e74509a61d520fb9ba70002e12e6de.jpg,mobile_crane,D:\whitevision\data\crops\mobile_crane\348_annot425_mobile_crane.jpg,139,338,201,267,640,640,train
350,426,D:\whitevision\data\raw\valid\M_B_images83_jpg.rf.395eac84b75766775a3847f198da7772.jpg,mixer_truck,D:\whitevision\data\crops\mixer_truck\350_annot426_mixer_truck.jpg,21,158,603,373,640,640,train
351,427,D:\whitevision\data\raw\valid\Heavy_Equipment_5714_jpg.rf.385a870d26868bba568339626f8ca371.jpg,roller,D:\whitevision\data\crops\roller\351_annot427_roller.jpg,175,110,263,226,640,640,train
352,428,D:\whitevision\data\raw\valid\Heavy_Equipment_4501_jpg.rf.3966743254863451506b7a101f6fe028.jpg,bulldozer,D:\whitevision\data\crops\bulldozer\352_annot428_bulldozer.jpg,0,104,627,437,640,640,validation
353,429,D:\whitevision\data\raw\valid\Heavy_Equipment_5710_jpg.rf.391bc04677b8d032d1d14b452f9ca43c.jpg,roller,D:\whitevision\data\crops\roller\353_annot429_roller.jpg,34,0,445,490,640,640,test
354,430,D:\whitevision\data\raw\valid\Heavy_Equipment_697_jpg.rf.39eaf1f1125208610af1f58e4a7c1a77.jpg,dump_truck,D:\whitevision\data\crops\dump_truck\354_annot430_dump_truck.jpg,40,174,115,86,640,640,train
354,431,D:\whitevision\data\raw\valid\Heavy_Equipment_697_jpg.rf.39eaf1f1125208610af1f58e4a7c1a77.jpg,loader,D:\whitevision\data\crops\loader\354_annot431_loader.jpg,182,118,318,338,640,640,train
354,432,D:\whitevision\data\raw\valid\Heavy_Equipment_697_jpg.rf.39eaf1f1125208610af1f58e4a7c1a77.jpg,dump_truck,D:\whitevision\data\crops\dump_truck\354_annot432_dump_truck.jpg,269,242,350,395,640,640,train
356,433,D:\whitevision\data\raw\valid\Heavy_Equipment_4150_jpg.rf.3a367296bf2e47d55522f7a46ab8bb7b.jpg,bulldozer,D:\whitevision\data\crops\bulldozer\356_annot433_bulldozer.jpg,0,40,640,529,640,640,validation
357,434,D:\whitevision\data\raw\valid\Heavy_Equipment_1285_jpg.rf.3833a0f5f5409d3f2f012e57bf2849bf.jpg,dump_truck,D:\whitevision\data\crops\dump_truck\357_annot434_dump_truck.jpg,277,81,160,332,640,640,validation
358,435,D:\whitevision\data\raw\valid\Heavy_Equipment_4401_jpg.rf.3a3b474e423536f2184c22b4dd055e08.jpg,bulldozer,D:\whitevision\data\crops\bulldozer\358_annot435_bulldozer.jpg,53,2,587,589,640,640,test
359,436,D:\whitevision\data\raw\valid\Heavy_Equipment_622_jpg.rf.3936fdadef1c09baa4e7f9cec53a5711.jpg,excavator,D:\whitevision\data\crops\excavator\359_annot436_excavator.jpg,211,329,217,61,640,640,train
360,437,D:\whitevision\data\raw\valid\Heavy_Equipment_1830_jpg.rf.3a82998541a33ed03c2ecd40ebf98229.jpg,mobile_crane,D:\whitevision\data\crops\mobile_crane\360_annot437_mobile_crane.jpg,79,168,511,361,640,640,train
361,438,D:\whitevision\data\raw\valid\M_H_images37_jpg.rf.3b0ab38964fbf343ba6aa3bd73e673b6.jpg,mixer_truck,D:\whitevision\data\crops\mixer_truck\361_annot438_mixer_truck.jpg,40,63,563,503,640,640,train
361,439,D:\whitevision\data\raw\valid\M_H_images37_jpg.rf.3b0ab38964fbf343ba6aa3bd73e673b6.jpg,mixer_truck,D:\whitevision\data\crops\mixer_truck\361_annot439_mixer_truck.jpg,514,152,126,238,640,640,train
361,440,D:\whitevision\data\raw\valid\M_H_images37_jpg.rf.3b0ab38964fbf343ba6aa3bd73e673b6.jpg,mixer_truck,D:\whitevision\data\crops\mixer_truck\361_annot440_mixer_truck.jpg,46,210,98,256,640,640,train
361,441,D:\whitevision\data\raw\valid\M_H_images37_jpg.rf.3b0ab38964fbf343ba6aa3bd73e673b6.jpg,mixer_truck,D:\whitevision\data\crops\mixer_truck\361_annot441_mixer_truck.jpg,0,250,75,205,640,640,train
363,442,D:\whitevision\data\raw\valid\Heavy_Equipment_1436_jpg.rf.3b2893b59cc9dadb02f29a908e3dc19d.jpg,roller,D:\whitevision\data\crops\roller\363_annot442_roller.jpg,73,86,482,468,640,640,test
363,443,D:\whitevision\data\raw\valid\Heavy_Equipment_1436_jpg.rf.3b2893b59cc9dadb02f29a908e3dc19d.jpg,roller,D:\whitevision\data\crops\roller\363_annot443_roller.jpg,0,206,116,239,640,640,test
363,444,D:\whitevision\data\raw\valid\Heavy_Equipment_1436_jpg.rf.3b2893b59cc9dadb02f29a908e3dc19d.jpg,excavator,D:\whitevision\data\crops\excavator\363_annot444_excavator.jpg,484,0,140,427,640,640,test
363,445,D:\whitevision\data\raw\valid\Heavy_Equipment_1436_jpg.rf.3b2893b59cc9dadb02f29a908e3dc19d.jpg,excavator,D:\whitevision\data\crops\excavator\363_annot445_excavator.jpg,357,0,137,340,640,640,test
365,446,D:\whitevision\data\raw\valid\Heavy_Equipment_6300_jpg.rf.3a553ad340433d4f28d84f82c48b80e1.jpg,grader,D:\whitevision\data\crops\grader\365_annot446_grader.jpg,0,147,640,309,640,640,train
366,447,D:\whitevision\data\raw\valid\Heavy_Equipment_5429_jpg.rf.3b9d5bea7060ac7ba7657e5cb30d64df.jpg,roller,D:\whitevision\data\crops\roller\366_annot447_roller.jpg,248,153,155,232,640,640,test
367,448,D:\whitevision\data\raw\valid\Heavy_Equipment_2147_jpg.rf.3b8c402ff8aefd97ac04fe9194801752.jpg,excavator,D:\whitevision\data\crops\excavator\367_annot448_excavator.jpg,247,0,97,311,640,640,test
367,449,D:\whitevision\data\raw\valid\Heavy_Equipment_2147_jpg.rf.3b8c402ff8aefd97ac04fe9194801752.jpg,dump_truck,D:\whitevision\data\crops\dump_truck\367_annot449_dump_truck.jpg,56,123,237,237,640,640,test
368,450,D:\whitevision\data\raw\valid\Heavy_Equipment_1907_jpg.rf.3b6ea694842c0643889f2ed50172cf14.jpg,mobile_crane,D:\whitevision\data\crops\mobile_crane\368_annot450_mobile_crane.jpg,0,37,640,368,640,640,train
369,451,D:\whitevision\data\raw\valid\Heavy_Equipment_4343_jpg.rf.3c7385f1a729d6b03e737c26124827fb.jpg,grader,D:\whitevision\data\crops\grader\369_annot451_grader.jpg,2,137,636,354,640,640,train
370,452,D:\whitevision\data\raw\valid\Heavy_Equipment_1489_jpg.rf.3b845afcb122d37ba61b2d9558a8972a.jpg,mobile_crane,D:\whitevision\data\crops\mobile_crane\370_annot452_mobile_crane.jpg,152,192,317,184,640,640,test
370,453,D:\whitevision\data\raw\valid\Heavy_Equipment_1489_jpg.rf.3b845afcb122d37ba61b2d9558a8972a.jpg,mobile_crane,D:\whitevision\data\crops\mobile_crane\370_annot453_mobile_crane.jpg,247,0,393,387,640,640,test
370,454,D:\whitevision\data\raw\valid\Heavy_Equipment_1489_jpg.rf.3b845afcb122d37ba61b2d9558a8972a.jpg,mobile_crane,D:\whitevision\data\crops\mobile_crane\370_annot454_mobile_crane.jpg,591,0,49,375,640,640,test
370,455,D:\whitevision\data\raw\valid\Heavy_Equipment_1489_jpg.rf.3b845afcb122d37ba61b2d9558a8972a.jpg,mobile_crane,D:\whitevision\data\crops\mobile_crane\370_annot455_mobile_crane.jpg,0,206,154,184,640,640,test
371,456,D:\whitevision\data\raw\valid\Heavy_Equipment_3857_jpg.rf.3c79a19861b4b3dd95b0626bec9818c0.jpg,grader,D:\whitevision\data\crops\grader\371_annot456_grader.jpg,0,67,618,476,640,640,train
372,457,D:\whitevision\data\raw\valid\Heavy_Equipment_1498_jpg.rf.3cd5f680579c3f94a12437996f109248.jpg,loader,D:\whitevision\data\crops\loader\372_annot457_loader.jpg,367,282,273,258,640,640,train
372,458,D:\whitevision\data\raw\valid\Heavy_Equipment_1498_jpg.rf.3cd5f680579c3f94a12437996f109248.jpg,excavator,D:\whitevision\data\crops\excavator\372_annot458_excavator.jpg,0,250,98,103,640,640,train
373,459,D:\whitevision\data\raw\valid\Heavy_Equipment_3109_jpg.rf.3bbac0cc2f55ee454622e544bed45de9.jpg,bulldozer,D:\whitevision\data\crops\bulldozer\373_annot459_bulldozer.jpg,76,135,485,371,640,640,validation
375,460,D:\whitevision\data\raw\valid\Heavy_Equipment_3785_jpg.rf.3d7e3f6ed7918a7218cd0f377711e818.jpg,grader,D:\whitevision\data\crops\grader\375_annot460_grader.jpg,0,1,640,526,640,640,test
376,461,D:\whitevision\data\raw\valid\Heavy_Equipment_4933_jpg.rf.3bf7d776c7369d8fc4b078a073aca8cf.jpg,bulldozer,D:\whitevision\data\crops\bulldozer\376_annot461_bulldozer.jpg,0,89,590,465,640,640,train
377,462,D:\whitevision\data\raw\valid\Heavy_Equipment_2001_jpg.rf.3e1ae8e663d6c9aa083f7728302bec4e.jpg,excavator,D:\whitevision\data\crops\excavator\377_annot462_excavator.jpg,223,168,292,388,640,640,validation
377,463,D:\whitevision\data\raw\valid\Heavy_Equipment_2001_jpg.rf.3e1ae8e663d6c9aa083f7728302bec4e.jpg,loader,D:\whitevision\data\crops\loader\377_annot463_loader.jpg,153,381,75,88,640,640,validation
378,464,D:\whitevision\data\raw\valid\Heavy_Equipment_4490_jpg.rf.3e981e42e53b76d4b3aa5965a1fc0634.jpg,bulldozer,D:\whitevision\data\crops\bulldozer\378_annot464_bulldozer.jpg,59,1,581,639,640,640,validation
379,465,D:\whitevision\data\raw\valid\Heavy_Equipment_4995_jpg.rf.3eb220f6ad0fe02a3dca0d6fc936e7fe.jpg,grader,D:\whitevision\data\crops\grader\379_annot465_grader.jpg,15,282,425,178,640,640,test
380,466,D:\whitevision\data\raw\valid\Heavy_Equipment_104_jpg.rf.3cb992e0ea229e41ff1345299ed73cb9.jpg,bulldozer,D:\whitevision\data\crops\bulldozer\380_annot466_bulldozer.jpg,42,33,598,521,640,640,train
381,467,D:\whitevision\data\raw\valid\Heavy_Equipment_3641_jpg.rf.3cbb603ca23c52d51dac3ff45fd0e533.jpg,grader,D:\whitevision\data\crops\grader\381_annot467_grader.jpg,0,148,636,405,640,640,train
382,468,D:\whitevision\data\raw\valid\Heavy_Equipment_346_jpg.rf.3d7ac23007497d4be05260d1be868dee.jpg,mobile_crane,D:\whitevision\data\crops\mobile_crane\382_annot468_mobile_crane.jpg,417,0,211,633,640,640,validation
383,469,D:\whitevision\data\raw\valid\Heavy_Equipment_5137_jpg.rf.3f0c2e4d58c3504adce395f35edeb906.jpg,bulldozer,D:\whitevision\data\crops\bulldozer\383_annot469_bulldozer.jpg,0,0,640,640,640,640,train
385,470,D:\whitevision\data\raw\valid\Heavy_Equipment_780_jpg.rf.3d710137101cddc832d0291873ca00d8.jpg,dump_truck,D:\whitevision\data\crops\dump_truck\385_annot470_dump_truck.jpg,183,46,280,401,640,640,train
385,471,D:\whitevision\data\raw\valid\Heavy_Equipment_780_jpg.rf.3d710137101cddc832d0291873ca00d8.jpg,roller,D:\whitevision\data\crops\roller\385_annot471_roller.jpg,86,97,97,223,640,640,train
386,472,D:\whitevision\data\raw\valid\Heavy_Equipment_308_jpg.rf.3f3c3ed02360901493af3435c5addf60.jpg,loader,D:\whitevision\data\crops\loader\386_annot472_loader.jpg,0,95,581,446,640,640,train
386,473,D:\whitevision\data\raw\valid\Heavy_Equipment_308_jpg.rf.3f3c3ed02360901493af3435c5addf60.jpg,dump_truck,D:\whitevision\data\crops\dump_truck\386_annot473_dump_truck.jpg,120,23,292,137,640,640,train
386,474,D:\whitevision\data\raw\valid\Heavy_Equipment_308_jpg.rf.3f3c3ed02360901493af3435c5addf60.jpg,dump_truck,D:\whitevision\data\crops\dump_truck\386_annot474_dump_truck.jpg,0,29,80,91,640,640,train
387,475,D:\whitevision\data\raw\valid\Heavy_Equipment_1293_jpg.rf.3ea2b18909f9dd65b2d6ceba52167b3b.jpg,excavator,D:\whitevision\data\crops\excavator\387_annot475_excavator.jpg,79,0,515,575,640,640,train
387,476,D:\whitevision\data\raw\valid\Heavy_Equipment_1293_jpg.rf.3ea2b18909f9dd65b2d6ceba52167b3b.jpg,dump_truck,D:\whitevision\data\crops\dump_truck\387_annot476_dump_truck.jpg,0,353,69,222,640,640,train
387,477,D:\whitevision\data\raw\valid\Heavy_Equipment_1293_jpg.rf.3ea2b18909f9dd65b2d6ceba52167b3b.jpg,dump_truck,D:\whitevision\data\crops\dump_truck\387_annot477_dump_truck.jpg,183,467,371,173,640,640,train
388,478,D:\whitevision\data\raw\valid\Heavy_Equipment_3010_jpg.rf.3c6c7508f1cb8574c304a03f220da641.jpg,grader,D:\whitevision\data\crops\grader\388_annot478_grader.jpg,81,101,559,493,640,640,train
389,479,D:\whitevision\data\raw\valid\Heavy_Equipment_363_jpg.rf.3f059cb59a0aae9dda05000d9194c4de.jpg,loader,D:\whitevision\data\crops\loader\389_annot479_loader.jpg,159,257,161,202,640,640,train
389,480,D:\whitevision\data\raw\valid\Heavy_Equipment_363_jpg.rf.3f059cb59a0aae9dda05000d9194c4de.jpg,dump_truck,D:\whitevision\data\crops\dump_truck\389_annot480_dump_truck.jpg,317,292,197,307,640,640,train
389,481,D:\whitevision\data\raw\valid\Heavy_Equipment_363_jpg.rf.3f059cb59a0aae9dda05000d9194c4de.jpg,excavator,D:\whitevision\data\crops\excavator\389_annot481_excavator.jpg,392,0,203,206,640,640,train
390,482,D:\whitevision\data\raw\valid\Heavy_Equipment_3084_jpg.rf.405481307c68209df859e31c67619547.jpg,dump_truck,D:\whitevision\data\crops\dump_truck\390_annot482_dump_truck.jpg,42,176,289,302,640,640,train
390,483,D:\whitevision\data\raw\valid\Heavy_Equipment_3084_jpg.rf.405481307c68209df859e31c67619547.jpg,bulldozer,D:\whitevision\data\crops\bulldozer\390_annot483_bulldozer.jpg,406,326,169,151,640,640,train
391,484,D:\whitevision\data\raw\valid\Heavy_Equipment_4289_jpg.rf.3f8fe380b480e2f4b0f64cb9145fff97.jpg,grader,D:\whitevision\data\crops\grader\391_annot484_grader.jpg,0,16,640,614,640,640,train
392,485,D:\whitevision\data\raw\valid\Heavy_Equipment_1769_jpg.rf.3f143625a65bd035d940255393978134.jpg,excavator,D:\whitevision\data\crops\excavator\392_annot485_excavator.jpg,53,34,567,597,640,640,train
392,486,D:\whitevision\data\raw\valid\Heavy_Equipment_1769_jpg.rf.3f143625a65bd035d940255393978134.jpg,dump_truck,D:\whitevision\data\crops\dump_truck\392_annot486_dump_truck.jpg,0,425,188,181,640,640,train
393,487,D:\whitevision\data\raw\valid\Heavy_Equipment_3603_jpg.rf.3e5837902092832f0f98cabcd79b8e83.jpg,excavator,D:\whitevision\data\crops\excavator\393_annot487_excavator.jpg,174,217,375,251,640,640,train
394,488,D:\whitevision\data\raw\valid\Heavy_Equipment_218_jpg.rf.40f3a3a9668ae4976e97fd0a1c4ddd23.jpg,excavator,D:\whitevision\data\crops\excavator\394_annot488_excavator.jpg,48,42,421,525,640,640,test
394,489,D:\whitevision\data\raw\valid\Heavy_Equipment_218_jpg.rf.40f3a3a9668ae4976e97fd0a1c4ddd23.jpg,dump_truck,D:\whitevision\data\crops\dump_truck\394_annot489_dump_truck.jpg,352,335,288,236,640,640,test
396,490,D:\whitevision\data\raw\valid\Heavy_Equipment_3234_jpg.rf.3f7fdab02a670ac7d3eb68c4b828f68a.jpg,bulldozer,D:\whitevision\data\crops\bulldozer\396_annot490_bulldozer.jpg,47,17,557,598,640,640,train
397,491,D:\whitevision\data\raw\valid\Heavy_Equipment_6010_jpg.rf.41a535ad57db4aa82b0e0ac54f9ed831.jpg,roller,D:\whitevision\data\crops\roller\397_annot491_roller.jpg,177,124,259,224,640,640,train
398,492,D:\whitevision\data\raw\valid\Heavy_Equipment_326_jpg.rf.402701a3e9565611d1574b0b00d29369.jpg,dump_truck,D:\whitevision\data\crops\dump_truck\398_annot492_dump_truck.jpg,267,130,373,354,640,640,train
398,493,D:\whitevision\data\raw\valid\Heavy_Equipment_326_jpg.rf.402701a3e9565611d1574b0b00d29369.jpg,loader,D:\whitevision\data\crops\loader\398_annot493_loader.jpg,2,55,170,147,640,640,train
399,494,D:\whitevision\data\raw\valid\Heavy_Equipment_1405_jpg.rf.41019f7c6dca25d7f492d3c303c689af.jpg,dump_truck,D:\whitevision\data\crops\dump_truck\399_annot494_dump_truck.jpg,404,429,236,211,640,640,train
399,495,D:\whitevision\data\raw\valid\Heavy_Equipment_1405_jpg.rf.41019f7c6dca25d7f492d3c303c689af.jpg,excavator,D:\whitevision\data\crops\excavator\399_annot495_excavator.jpg,154,0,267,590,640,640,train
399,496,D:\whitevision\data\raw\valid\Heavy_Equipment_1405_jpg.rf.41019f7c6dca25d7f492d3c303c689af.jpg,dump_truck,D:\whitevision\data\crops\dump_truck\399_annot496_dump_truck.jpg,351,262,159,218,640,640,train
400,497,D:\whitevision\data\raw\valid\Heavy_Equipment_3473_jpg.rf.41f111bf1f7dcd3ed2107ef2c5882295.jpg,grader,D:\whitevision\data\crops\grader\400_annot497_grader.jpg,0,118,640,415,640,640,train
401,498,D:\whitevision\data\raw\valid\Heavy_Equipment_2005_jpg.rf.41842123873806928b777afa399a6419.jpg,loader,D:\whitevision\data\crops\loader\401_annot498_loader.jpg,101,8,287,244,640,640,train
401,499,D:\whitevision\data\raw\valid\Heavy_Equipment_2005_jpg.rf.41842123873806928b777afa399a6419.jpg,dump_truck,D:\whitevision\data\crops\dump_truck\401_annot499_dump_truck.jpg,93,136,502,476,640,640,train
401,500,D:\whitevision\data\raw\valid\Heavy_Equipment_2005_jpg.rf.41842123873806928b777afa399a6419.jpg,dump_truck,D:\whitevision\data\crops\dump_truck\401_annot500_dump_truck.jpg,565,0,38,61,640,640,train
403,501,D:\whitevision\data\raw\valid\Heavy_Equipment_1872_jpg.rf.41de273c67d55114da77d4b5ec68e015.jpg,loader,D:\whitevision\data\crops\loader\403_annot501_loader.jpg,222,184,152,313,640,640,validation
403,502,D:\whitevision\data\raw\valid\Heavy_Equipment_1872_jpg.rf.41de273c67d55114da77d4b5ec68e015.jpg,dump_truck,D:\whitevision\data\crops\dump_truck\403_annot502_dump_truck.jpg,0,233,174,228,640,640,validation
404,503,D:\whitevision\data\raw\valid\Heavy_Equipment_3371_jpg.rf.41e96d06e5cc7a1e94d709ee56ff6b39.jpg,bulldozer,D:\whitevision\data\crops\bulldozer\404_annot503_bulldozer.jpg,5,41,616,477,640,640,train
405,504,D:\whitevision\data\raw\valid\Heavy_Equipment_4763_jpg.rf.440a9f8b38522e12e02fed9a72000798.jpg,bulldozer,D:\whitevision\data\crops\bulldozer\405_annot504_bulldozer.jpg,0,0,552,636,640,640,train
406,505,D:\whitevision\data\raw\valid\Heavy_Equipment_3689_jpg.rf.42098730837e66708e8ad2ddb383093c.jpg,grader,D:\whitevision\data\crops\grader\406_annot505_grader.jpg,113,193,500,334,640,640,validation
407,506,D:\whitevision\data\raw\valid\M_D_daewoo_novus_mixer_k5mvf_new-1533545905-765-e_jpg.rf.43340e9f0ffe4f0a2677e7083d268e9d.jpg,mixer_truck,D:\whitevision\data\crops\mixer_truck\407_annot506_mixer_truck.jpg,75,251,378,295,640,640,train
408,507,D:\whitevision\data\raw\valid\M_M_image15_jpeg.rf.4310f721462bb0b32b09d16c118e9bff.jpg,mixer_truck,D:\whitevision\data\crops\mixer_truck\408_annot507_mixer_truck.jpg,53,12,549,602,640,640,train
409,508,D:\whitevision\data\raw\valid\Heavy_Equipment_228_jpg.rf.43a4a184b8f799456c9a8ea7a5052646.jpg,mobile_crane,D:\whitevision\data\crops\mobile_crane\409_annot508_mobile_crane.jpg,65,154,558,476,640,640,test
410,509,D:\whitevision\data\raw\valid\Heavy_Equipment_5711_jpg.rf.4388fdc2a008d669f7c5e3d7a0cf132d.jpg,roller,D:\whitevision\data\crops\roller\410_annot509_roller.jpg,186,140,292,279,640,640,train
411,510,D:\whitevision\data\raw\valid\Heavy_Equipment_1690_jpg.rf.4411c7cc1cf70835a3f57208eb4483a8.jpg,mobile_crane,D:\whitevision\data\crops\mobile_crane\411_annot510_mobile_crane.jpg,14,10,626,426,640,640,validation
412,511,D:\whitevision\data\raw\valid\Heavy_Equipment_4589_jpg.rf.42ea7218cc6f08e9f5a01e3d69d31fd5.jpg,bulldozer,D:\whitevision\data\crops\bulldozer\412_annot511_bulldozer.jpg,0,124,640,503,640,640,train
413,512,D:\whitevision\data\raw\valid\Heavy_Equipment_3911_jpg.rf.436e311fd355463530ba0e8178d22d8a.jpg,grader,D:\whitevision\data\crops\grader\413_annot512_grader.jpg,13,72,627,530,640,640,train
414,513,D:\whitevision\data\raw\valid\Heavy_Equipment_4418_jpg.rf.42587695399c018b8cf56800bbb8d1d0.jpg,bulldozer,D:\whitevision\data\crops\bulldozer\414_annot513_bulldozer.jpg,86,0,521,640,640,640,train
416,514,D:\whitevision\data\raw\valid\Heavy_Equipment_2398_jpg.rf.4414685eb6e80ba56d0c30c3786cde35.jpg,dump_truck,D:\whitevision\data\crops\dump_truck\416_annot514_dump_truck.jpg,0,262,166,358,640,640,train
417,515,D:\whitevision\data\raw\valid\Heavy_Equipment_2123_jpg.rf.434cf35cea1a872b8b6abac995018d00.jpg,dump_truck,D:\whitevision\data\crops\dump_truck\417_annot515_dump_truck.jpg,5,181,134,212,640,640,train
417,516,D:\whitevision\data\raw\valid\Heavy_Equipment_2123_jpg.rf.434cf35cea1a872b8b6abac995018d00.jpg,excavator,D:\whitevision\data\crops\excavator\417_annot516_excavator.jpg,146,126,316,294,640,640,train
417,517,D:\whitevision\data\raw\valid\Heavy_Equipment_2123_jpg.rf.434cf35cea1a872b8b6abac995018d00.jpg,dump_truck,D:\whitevision\data\crops\dump_truck\417_annot517_dump_truck.jpg,572,210,68,115,640,640,train
417,518,D:\whitevision\data\raw\valid\Heavy_Equipment_2123_jpg.rf.434cf35cea1a872b8b6abac995018d00.jpg,dump_truck,D:\whitevision\data\crops\dump_truck\417_annot518_dump_truck.jpg,341,199,215,239,640,640,train
418,519,D:\whitevision\data\raw\valid\Heavy_Equipment_2513_jpg.rf.425c9b8b7a4a00ca9f596ba023a66d29.jpg,excavator,D:\whitevision\data\crops\excavator\418_annot519_excavator.jpg,246,71,229,569,640,640,train
419,520,D:\whitevision\data\raw\valid\M_B_images90_jpg.rf.446bdee8f43b26dbeb5d6fcab7dcc597.jpg,mixer_truck,D:\whitevision\data\crops\mixer_truck\419_annot520_mixer_truck.jpg,0,0,640,640,640,640,train
419,521,D:\whitevision\data\raw\valid\M_B_images90_jpg.rf.446bdee8f43b26dbeb5d6fcab7dcc597.jpg,mixer_truck,D:\whitevision\data\crops\mixer_truck\419_annot521_mixer_truck.jpg,0,170,130,290,640,640,train
420,522,D:\whitevision\data\raw\valid\Heavy_Equipment_64_jpg.rf.4420d8e9a193212ecc4a0fdede20b598.jpg,bulldozer,D:\whitevision\data\crops\bulldozer\420_annot522_bulldozer.jpg,8,0,521,596,640,640,train
421,523,D:\whitevision\data\raw\valid\Heavy_Equipment_1176_jpg.rf.4292fe6a3174c98472e75cd1e42c43e1.jpg,mobile_crane,D:\whitevision\data\crops\mobile_crane\421_annot523_mobile_crane.jpg,88,0,278,621,640,640,validation
423,524,D:\whitevision\data\raw\valid\Heavy_Equipment_3207_jpg.rf.451ee2fc640eaf8a25d3a2d3194d78b0.jpg,bulldozer,D:\whitevision\data\crops\bulldozer\423_annot524_bulldozer.jpg,10,8,630,630,640,640,train
424,525,D:\whitevision\data\raw\valid\Heavy_Equipment_2847_jpg.rf.44030e6836c0741dbedbae70c247041b.jpg,loader,D:\whitevision\data\crops\loader\424_annot525_loader.jpg,0,0,590,640,640,640,train
424,526,D:\whitevision\data\raw\valid\Heavy_Equipment_2847_jpg.rf.44030e6836c0741dbedbae70c247041b.jpg,dump_truck,D:\whitevision\data\crops\dump_truck\424_annot526_dump_truck.jpg,368,210,272,428,640,640,train
425,527,D:\whitevision\data\raw\valid\Heavy_Equipment_1764_jpg.rf.43d9afb523f21cff09ed7b523f7189e9.jpg,excavator,D:\whitevision\data\crops\excavator\425_annot527_excavator.jpg,0,304,197,167,640,640,train
425,528,D:\whitevision\data\raw\valid\Heavy_Equipment_1764_jpg.rf.43d9afb523f21cff09ed7b523f7189e9.jpg,excavator,D:\whitevision\data\crops\excavator\425_annot528_excavator.jpg,325,137,193,302,640,640,train
426,529,D:\whitevision\data\raw\valid\Heavy_Equipment_3644_jpg.rf.45079ba2dd50228f54ff8df50859d641.jpg,grader,D:\whitevision\data\crops\grader\426_annot529_grader.jpg,0,169,640,380,640,640,validation
427,530,D:\whitevision\data\raw\valid\M_H_images90_jpg.rf.45205db4b3e052569924fbeff1671400.jpg,mixer_truck,D:\whitevision\data\crops\mixer_truck\427_annot530_mixer_truck.jpg,0,104,640,446,640,640,train
428,531,D:\whitevision\data\raw\valid\Heavy_Equipment_4912_jpg.rf.44b8ce88fa96c09387655fee2f58986c.jpg,bulldozer,D:\whitevision\data\crops\bulldozer\428_annot531_bulldozer.jpg,157,0,399,557,640,640,train
429,532,D:\whitevision\data\raw\valid\Heavy_Equipment_4421_jpg.rf.452ffea9927ef82d8f290268290c415f.jpg,bulldozer,D:\whitevision\data\crops\bulldozer\429_annot532_bulldozer.jpg,62,12,578,628,640,640,train
430,533,D:\whitevision\data\raw\valid\Heavy_Equipment_6277_jpg.rf.45c9fb76ba3cf6d45b92bc90718dfc02.jpg,grader,D:\whitevision\data\crops\grader\430_annot533_grader.jpg,65,1,530,628,640,640,train
432,534,D:\whitevision\data\raw\valid\Heavy_Equipment_2301_jpg.rf.4699664d372a1e972aba15fa2ee93e1a.jpg,mobile_crane,D:\whitevision\data\crops\mobile_crane\432_annot534_mobile_crane.jpg,0,0,629,561,640,640,train
433,535,D:\whitevision\data\raw\valid\Heavy_Equipment_3002_jpg.rf.452a5aebf00167f68e0c2114d284d966.jpg,grader,D:\whitevision\data\crops\grader\433_annot535_grader.jpg,0,78,640,494,640,640,train
434,536,D:\whitevision\data\raw\valid\M_M_images59_jpg.rf.45f1911a22795a86da38ac410edcc1e9.jpg,mixer_truck,D:\whitevision\data\crops\mixer_truck\434_annot536_mixer_truck.jpg,0,60,586,487,640,640,validation
435,537,D:\whitevision\data\raw\valid\Heavy_Equipment_3231_jpg.rf.47da80c9f0791b8123ad137fdbaba83d.jpg,bulldozer,D:\whitevision\data\crops\bulldozer\435_annot537_bulldozer.jpg,4,58,613,501,640,640,validation
436,538,D:\whitevision\data\raw\valid\Heavy_Equipment_1373_jpg.rf.4804f8df8b7dc7a003969524ece3f3a2.jpg,dump_truck,D:\whitevision\data\crops\dump_truck\436_annot538_dump_truck.jpg,0,127,312,236,640,640,train
436,539,D:\whitevision\data\raw\valid\Heavy_Equipment_1373_jpg.rf.4804f8df8b7dc7a003969524ece3f3a2.jpg,roller,D:\whitevision\data\crops\roller\436_annot539_roller.jpg,583,260,57,84,640,640,train
437,540,D:\whitevision\data\raw\valid\Heavy_Equipment_615_jpg.rf.482982093b02247cb6e0e99d88f4ebb8.jpg,excavator,D:\whitevision\data\crops\excavator\437_annot540_excavator.jpg,168,0,248,558,640,640,train
437,541,D:\whitevision\data\raw\valid\Heavy_Equipment_615_jpg.rf.482982093b02247cb6e0e99d88f4ebb8.jpg,dump_truck,D:\whitevision\data\crops\dump_truck\437_annot541_dump_truck.jpg,0,423,535,217,640,640,train
439,542,D:\whitevision\data\raw\valid\Heavy_Equipment_4270_jpg.rf.48be2a9d3deb26406f59b722e54eb5db.jpg,grader,D:\whitevision\data\crops\grader\439_annot542_grader.jpg,0,125,631,348,640,640,test
440,543,D:\whitevision\data\raw\valid\Heavy_Equipment_5835_jpg.rf.480546ef460b5290ef9da2bfbe0c1b17.jpg,roller,D:\whitevision\data\crops\roller\440_annot543_roller.jpg,136,0,347,475,640,640,train
441,544,D:\whitevision\data\raw\valid\Heavy_Equipment_908_jpg.rf.482b80169c0eb693b7a553d191ea602e.jpg,excavator,D:\whitevision\data\crops\excavator\441_annot544_excavator.jpg,156,0,214,632,640,640,train
441,545,D:\whitevision\data\raw\valid\Heavy_Equipment_908_jpg.rf.482b80169c0eb693b7a553d191ea602e.jpg,dump_truck,D:\whitevision\data\crops\dump_truck\441_annot545_dump_truck.jpg,29,536,223,104,640,640,train
442,546,D:\whitevision\data\raw\valid\M_H_images213_jpg.rf.45fbe9adfe3212d8ede511d3e966414f.jpg,mixer_truck,D:\whitevision\data\crops\mixer_truck\442_annot546_mixer_truck.jpg,39,85,559,447,640,640,train
443,547,D:\whitevision\data\raw\valid\M_H_mixer-facebook_jpg.rf.48ddb5d41da36b798172419ac25a2400.jpg,mixer_truck,D:\whitevision\data\crops\mixer_truck\443_annot547_mixer_truck.jpg,245,214,395,381,640,640,train
443,548,D:\whitevision\data\raw\valid\M_H_mixer-facebook_jpg.rf.48ddb5d41da36b798172419ac25a2400.jpg,mixer_truck,D:\whitevision\data\crops\mixer_truck\443_annot548_mixer_truck.jpg,16,277,298,312,640,640,train
444,549,D:\whitevision\data\raw\valid\Heavy_Equipment_5164_jpg.rf.4956592930bf5d88bb73cba7d99c67ad.jpg,bulldozer,D:\whitevision\data\crops\bulldozer\444_annot549_bulldozer.jpg,0,35,640,551,640,640,train
445,550,D:\whitevision\data\raw\valid\Heavy_Equipment_5480_jpg.rf.47d3f45f1cf6117d1316d16e8fe089aa.jpg,roller,D:\whitevision\data\crops\roller\445_annot550_roller.jpg,0,0,640,389,640,640,train
448,551,D:\whitevision\data\raw\valid\Heavy_Equipment_5209_jpg.rf.455724fb34814085702ac4872697b6b6.jpg,bulldozer,D:\whitevision\data\crops\bulldozer\448_annot551_bulldozer.jpg,0,0,640,640,640,640,train
449,552,D:\whitevision\data\raw\valid\Heavy_Equipment_2805_jpg.rf.49589b0dfd1e267b917045f692dc68b7.jpg,mobile_crane,D:\whitevision\data\crops\mobile_crane\449_annot552_mobile_crane.jpg,173,0,277,509,640,640,train
449,553,D:\whitevision\data\raw\valid\Heavy_Equipment_2805_jpg.rf.49589b0dfd1e267b917045f692dc68b7.jpg,excavator,D:\whitevision\data\crops\excavator\449_annot553_excavator.jpg,130,30,104,118,640,640,train
450,554,D:\whitevision\data\raw\valid\Heavy_Equipment_3438_jpg.rf.480797a7628a74afeb047be2d311016b.jpg,bulldozer,D:\whitevision\data\crops\bulldozer\450_annot554_bulldozer.jpg,45,117,577,513,640,640,train
451,555,D:\whitevision\data\raw\valid\Heavy_Equipment_6161_jpg.rf.47dd885affef9f27c4391e9849ce7c7f.jpg,roller,D:\whitevision\data\crops\roller\451_annot555_roller.jpg,31,0,525,435,640,640,train
453,556,D:\whitevision\data\raw\valid\Heavy_Equipment_5633_jpg.rf.4a26992f4d0696527c396086b80ef164.jpg,roller,D:\whitevision\data\crops\roller\453_annot556_roller.jpg,238,133,213,305,640,640,train
454,557,D:\whitevision\data\raw\valid\Heavy_Equipment_6251_jpg.rf.4a87da22da24675e9dc9902505fa7e5d.jpg,bulldozer,D:\whitevision\data\crops\bulldozer\454_annot557_bulldozer.jpg,0,0,639,640,640,640,test
455,558,D:\whitevision\data\raw\valid\Heavy_Equipment_2951_jpg.rf.4a363460302ebb23f012d6b884653b6f.jpg,mobile_crane,D:\whitevision\data\crops\mobile_crane\455_annot558_mobile_crane.jpg,59,0,484,588,640,640,validation
456,559,D:\whitevision\data\raw\valid\M_B_images20_jpg.rf.4a2e13ae215da305f732687d4bf9d73f.jpg,mixer_truck,D:\whitevision\data\crops\mixer_truck\456_annot559_mixer_truck.jpg,5,85,635,555,640,640,train
457,560,D:\whitevision\data\raw\valid\Heavy_Equipment_4178_jpg.rf.4ab10e8db2b57676fe2538d70b3ac86c.jpg,bulldozer,D:\whitevision\data\crops\bulldozer\457_annot560_bulldozer.jpg,9,5,613,602,640,640,train
458,561,D:\whitevision\data\raw\valid\Heavy_Equipment_3380_jpg.rf.4a65a2e072f52b26e869b9cb694641fe.jpg,bulldozer,D:\whitevision\data\crops\bulldozer\458_annot561_bulldozer.jpg,28,93,597,502,640,640,test
460,562,D:\whitevision\data\raw\valid\Heavy_Equipment_1060_jpg.rf.4a7320d48ec334dc21c786bbd0202862.jpg,excavator,D:\whitevision\data\crops\excavator\460_annot562_excavator.jpg,265,47,201,371,640,640,train
460,563,D:\whitevision\data\raw\valid\Heavy_Equipment_1060_jpg.rf.4a7320d48ec334dc21c786bbd0202862.jpg,dump_truck,D:\whitevision\data\crops\dump_truck\460_annot563_dump_truck.jpg,114,329,204,288,640,640,train
461,564,D:\whitevision\data\raw\valid\Heavy_Equipment_2085_jpg.rf.49db28b706d9a1ea7eeface79dc49435.jpg,mobile_crane,D:\whitevision\data\crops\mobile_crane\461_annot564_mobile_crane.jpg,101,175,437,270,640,640,train
462,565,D:\whitevision\data\raw\valid\Heavy_Equipment_5811_jpg.rf.4b286aab90e40491e2892e8c1b3950dd.jpg,roller,D:\whitevision\data\crops\roller\462_annot565_roller.jpg,171,0,468,624,640,640,train
463,566,D:\whitevision\data\raw\valid\Heavy_Equipment_1235_jpg.rf.4bf573e78898d3859a7912c0d7460183.jpg,grader,D:\whitevision\data\crops\grader\463_annot566_grader.jpg,31,32,609,608,640,640,validation
464,567,D:\whitevision\data\raw\valid\Heavy_Equipment_923_jpg.rf.499f72ed316f0be342ace62188a77375.jpg,excavator,D:\whitevision\data\crops\excavator\464_annot567_excavator.jpg,59,0,504,456,640,640,train
464,568,D:\whitevision\data\raw\valid\Heavy_Equipment_923_jpg.rf.499f72ed316f0be342ace62188a77375.jpg,dump_truck,D:\whitevision\data\crops\dump_truck\464_annot568_dump_truck.jpg,47,265,280,347,640,640,train
465,569,D:\whitevision\data\raw\valid\Heavy_Equipment_5665_jpg.rf.4b26eb862502ac3874d3810674263ce9.jpg,roller,D:\whitevision\data\crops\roller\465_annot569_roller.jpg,209,168,201,188,640,640,validation
466,570,D:\whitevision\data\raw\valid\Heavy_Equipment_5806_jpg.rf.4bf9a29ad91e5e7b61232af6608ac471.jpg,roller,D:\whitevision\data\crops\roller\466_annot570_roller.jpg,194,69,269,324,640,640,train
467,571,D:\whitevision\data\raw\valid\Heavy_Equipment_3872_jpg.rf.4c13ea29809d12d9e755781d0332e289.jpg,grader,D:\whitevision\data\crops\grader\467_annot571_grader.jpg,0,0,640,640,640,640,train
469,572,D:\whitevision\data\raw\valid\M_H_images122_jpg.rf.4ca2c4978b723a88f1335e96adade08e.jpg,mixer_truck,D:\whitevision\data\crops\mixer_truck\469_annot572_mixer_truck.jpg,174,125,413,386,640,640,train
470,573,D:\whitevision\data\raw\valid\Heavy_Equipment_2584_jpg.rf.4a4563630b6b04e5c863d298729ec1b5.jpg,excavator,D:\whitevision\data\crops\excavator\470_annot573_excavator.jpg,7,0,545,520,640,640,train
470,574,D:\whitevision\data\raw\valid\Heavy_Equipment_2584_jpg.rf.4a4563630b6b04e5c863d298729ec1b5.jpg,dump_truck,D:\whitevision\data\crops\dump_truck\470_annot574_dump_truck.jpg,53,350,157,195,640,640,train
471,575,D:\whitevision\data\raw\valid\Heavy_Equipment_6083_jpg.rf.452eb1fbbb0b2501228f6c25bea6ec9f.jpg,roller,D:\whitevision\data\crops\roller\471_annot575_roller.jpg,184,84,291,248,640,640,train
473,576,D:\whitevision\data\raw\valid\Heavy_Equipment_6123_jpg.rf.4c4ad5193b7ad5186d80ca830a2c1fd6.jpg,roller,D:\whitevision\data\crops\roller\473_annot576_roller.jpg,244,114,205,272,640,640,train
474,577,D:\whitevision\data\raw\valid\Heavy_Equipment_4706_jpg.rf.4c689d8ba71acce4a90c3ad208591ca4.jpg,grader,D:\whitevision\data\crops\grader\474_annot577_grader.jpg,10,48,598,569,640,640,train
475,578,D:\whitevision\data\raw\valid\Heavy_Equipment_1763_jpg.rf.4d124734196eca829eccca0f431dbc03.jpg,dump_truck,D:\whitevision\data\crops\dump_truck\475_annot578_dump_truck.jpg,0,266,246,226,640,640,train
475,579,D:\whitevision\data\raw\valid\Heavy_Equipment_1763_jpg.rf.4d124734196eca829eccca0f431dbc03.jpg,excavator,D:\whitevision\data\crops\excavator\475_annot579_excavator.jpg,233,64,256,424,640,640,train
476,580,D:\whitevision\data\raw\valid\Heavy_Equipment_720_jpg.rf.4cf6885a29c0d9c1983c35535ee5bc97.jpg,excavator,D:\whitevision\data\crops\excavator\476_annot580_excavator.jpg,0,0,611,640,640,640,test
476,581,D:\whitevision\data\raw\valid\Heavy_Equipment_720_jpg.rf.4cf6885a29c0d9c1983c35535ee5bc97.jpg,dump_truck,D:\whitevision\data\crops\dump_truck\476_annot581_dump_truck.jpg,164,184,167,190,640,640,test
477,582,D:\whitevision\data\raw\valid\M_M_IMG_0465-JPG_jpg.rf.4dcb1f712dc9883ce74d4f0c1b5df6f4.jpg,mixer_truck,D:\whitevision\data\crops\mixer_truck\477_annot582_mixer_truck.jpg,25,31,587,558,640,640,validation
479,583,D:\whitevision\data\raw\valid\Heavy_Equipment_2447_jpg.rf.4e6216be2e4ce03a9c501bc73195d4ca.jpg,loader,D:\whitevision\data\crops\loader\479_annot583_loader.jpg,0,172,326,348,640,640,test
479,584,D:\whitevision\data\raw\valid\Heavy_Equipment_2447_jpg.rf.4e6216be2e4ce03a9c501bc73195d4ca.jpg,dump_truck,D:\whitevision\data\crops\dump_truck\479_annot584_dump_truck.jpg,472,224,168,266,640,640,test
481,585,D:\whitevision\data\raw\valid\Heavy_Equipment_1185_jpg.rf.4bec2f02e6a9b74755f1566e6e1562bf.jpg,dump_truck,D:\whitevision\data\crops\dump_truck\481_annot585_dump_truck.jpg,389,138,192,320,640,640,train
481,586,D:\whitevision\data\raw\valid\Heavy_Equipment_1185_jpg.rf.4bec2f02e6a9b74755f1566e6e1562bf.jpg,loader,D:\whitevision\data\crops\loader\481_annot586_loader.jpg,64,130,288,296,640,640,train
482,587,D:\whitevision\data\raw\valid\Heavy_Equipment_3697_jpg.rf.4e39001ef575ae5d21c9da3474303f3d.jpg,grader,D:\whitevision\data\crops\grader\482_annot587_grader.jpg,38,0,574,615,640,640,test
483,588,D:\whitevision\data\raw\valid\Heavy_Equipment_4415_jpg.rf.4e77226a8b95384b59fc149c93ccdd09.jpg,grader,D:\whitevision\data\crops\grader\483_annot588_grader.jpg,53,289,569,254,640,640,validation
484,589,D:\whitevision\data\raw\valid\Heavy_Equipment_3441_jpg.rf.4ec1ef5f315c266d3891675c5e97ed92.jpg,bulldozer,D:\whitevision\data\crops\bulldozer\484_annot589_bulldozer.jpg,31,176,602,299,640,640,validation
485,590,D:\whitevision\data\raw\valid\Heavy_Equipment_1280_jpg.rf.4f63b961fbb9e593f7467e193feb25b4.jpg,excavator,D:\whitevision\data\crops\excavator\485_annot590_excavator.jpg,6,0,570,621,640,640,validation
485,591,D:\whitevision\data\raw\valid\Heavy_Equipment_1280_jpg.rf.4f63b961fbb9e593f7467e193feb25b4.jpg,excavator,D:\whitevision\data\crops\excavator\485_annot591_excavator.jpg,462,33,178,214,640,640,validation
485,592,D:\whitevision\data\raw\valid\Heavy_Equipment_1280_jpg.rf.4f63b961fbb9e593f7467e193feb25b4.jpg,dump_truck,D:\whitevision\data\crops\dump_truck\485_annot592_dump_truck.jpg,0,309,265,331,640,640,validation
485,593,D:\whitevision\data\raw\valid\Heavy_Equipment_1280_jpg.rf.4f63b961fbb9e593f7467e193feb25b4.jpg,dump_truck,D:\whitevision\data\crops\dump_truck\485_annot593_dump_truck.jpg,0,163,84,107,640,640,validation
485,594,D:\whitevision\data\raw\valid\Heavy_Equipment_1280_jpg.rf.4f63b961fbb9e593f7467e193feb25b4.jpg,dump_truck,D:\whitevision\data\crops\dump_truck\485_annot594_dump_truck.jpg,38,71,46,36,640,640,validation
485,595,D:\whitevision\data\raw\valid\Heavy_Equipment_1280_jpg.rf.4f63b961fbb9e593f7467e193feb25b4.jpg,dump_truck,D:\whitevision\data\crops\dump_truck\485_annot595_dump_truck.jpg,282,72,31,25,640,640,validation
486,596,D:\whitevision\data\raw\valid\Heavy_Equipment_3260_jpg.rf.4c0dba934478ee8781a66c47e2f496b8.jpg,dump_truck,D:\whitevision\data\crops\dump_truck\486_annot596_dump_truck.jpg,167,265,185,226,640,640,train
486,597,D:\whitevision\data\raw\valid\Heavy_Equipment_3260_jpg.rf.4c0dba934478ee8781a66c47e2f496b8.jpg,bulldozer,D:\whitevision\data\crops\bulldozer\486_annot597_bulldozer.jpg,27,176,155,145,640,640,train
486,598,D:\whitevision\data\raw\valid\Heavy_Equipment_3260_jpg.rf.4c0dba934478ee8781a66c47e2f496b8.jpg,dump_truck,D:\whitevision\data\crops\dump_truck\486_annot598_dump_truck.jpg,170,200,87,70,640,640,train
488,599,D:\whitevision\data\raw\valid\Heavy_Equipment_4290_jpg.rf.4f1e734821604909068220e357f75729.jpg,grader,D:\whitevision\data\crops\grader\488_annot599_grader.jpg,0,130,640,389,640,640,train
489,600,D:\whitevision\data\raw\valid\Heavy_Equipment_2321_jpg.rf.4dbd26a2a2f9318441107406b3afcc7e.jpg,loader,D:\whitevision\data\crops\loader\489_annot600_loader.jpg,70,200,326,348,640,640,train
489,601,D:\whitevision\data\raw\valid\Heavy_Equipment_2321_jpg.rf.4dbd26a2a2f9318441107406b3afcc7e.jpg,dump_truck,D:\whitevision\data\crops\dump_truck\489_annot601_dump_truck.jpg,342,229,248,293,640,640,train
490,602,D:\whitevision\data\raw\valid\Heavy_Equipment_2942_jpg.rf.4f7adbc1da35debc7e6b60f6018588fc.jpg,excavator,D:\whitevision\data\crops\excavator\490_annot602_excavator.jpg,93,190,270,167,640,640,train
491,603,D:\whitevision\data\raw\valid\Heavy_Equipment_4469_jpg.rf.501fd0a4f6e23e5048dd4dc338cddb26.jpg,bulldozer,D:\whitevision\data\crops\bulldozer\491_annot603_bulldozer.jpg,43,87,554,455,640,640,train
492,604,D:\whitevision\data\raw\valid\Heavy_Equipment_4726_jpg.rf.50226ab19ca192052f6b56d1f3bc483e.jpg,bulldozer,D:\whitevision\data\crops\bulldozer\492_annot604_bulldozer.jpg,0,0,614,635,640,640,validation
493,605,D:\whitevision\data\raw\valid\Heavy_Equipment_1692_jpg.rf.50c1a8301a49d44729c71e5708efcdbf.jpg,excavator,D:\whitevision\data\crops\excavator\493_annot605_excavator.jpg,166,0,370,601,640,640,train
493,606,D:\whitevision\data\raw\valid\Heavy_Equipment_1692_jpg.rf.50c1a8301a49d44729c71e5708efcdbf.jpg,dump_truck,D:\whitevision\data\crops\dump_truck\493_annot606_dump_truck.jpg,154,248,90,146,640,640,train
494,607,D:\whitevision\data\raw\valid\Heavy_Equipment_5935_jpg.rf.5023e9b69cd4633bcc17b65b90e602cf.jpg,roller,D:\whitevision\data\crops\roller\494_annot607_roller.jpg,160,120,302,308,640,640,train
495,608,D:\whitevision\data\raw\valid\Heavy_Equipment_2877_jpg.rf.50c560aaaa01f94d98eeea004bf80b69.jpg,loader,D:\whitevision\data\crops\loader\495_annot608_loader.jpg,0,133,371,376,640,640,test
495,609,D:\whitevision\data\raw\valid\Heavy_Equipment_2877_jpg.rf.50c560aaaa01f94d98eeea004bf80b69.jpg,dump_truck,D:\whitevision\data\crops\dump_truck\495_annot609_dump_truck.jpg,364,134,213,273,640,640,test
496,610,D:\whitevision\data\raw\valid\Heavy_Equipment_3572_jpg.rf.4ff944e22dfb4258ce2ea3636d2658b2.jpg,mobile_crane,D:\whitevision\data\crops\mobile_crane\496_annot610_mobile_crane.jpg,222,0,283,568,640,640,validation
496,611,D:\whitevision\data\raw\valid\Heavy_Equipment_3572_jpg.rf.4ff944e22dfb4258ce2ea3636d2658b2.jpg,mobile_crane,D:\whitevision\data\crops\mobile_crane\496_annot611_mobile_crane.jpg,169,445,114,101,640,640,validation
497,612,D:\whitevision\data\raw\valid\Heavy_Equipment_1513_jpg.rf.503184db89ef41b69bfa1c18d983296c.jpg,dump_truck,D:\whitevision\data\crops\dump_truck\497_annot612_dump_truck.jpg,475,335,50,93,640,640,train
497,613,D:\whitevision\data\raw\valid\Heavy_Equipment_1513_jpg.rf.503184db89ef41b69bfa1c18d983296c.jpg,dump_truck,D:\whitevision\data\crops\dump_truck\497_annot613_dump_truck.jpg,528,341,31,47,640,640,train
497,614,D:\whitevision\data\raw\valid\Heavy_Equipment_1513_jpg.rf.503184db89ef41b69bfa1c18d983296c.jpg,bulldozer,D:\whitevision\data\crops\bulldozer\497_annot614_bulldozer.jpg,83,221,269,295,640,640,train
498,615,D:\whitevision\data\raw\valid\Heavy_Equipment_1222_jpg.rf.506913e9ef18b7ededc0d107c10b986e.jpg,dump_truck,D:\whitevision\data\crops\dump_truck\498_annot615_dump_truck.jpg,76,368,215,217,640,640,test
498,616,D:\whitevision\data\raw\valid\Heavy_Equipment_1222_jpg.rf.506913e9ef18b7ededc0d107c10b986e.jpg,excavator,D:\whitevision\data\crops\excavator\498_annot616_excavator.jpg,274,20,116,431,640,640,test
499,617,D:\whitevision\data\raw\valid\Heavy_Equipment_42_jpg.rf.50a8ae13f71141d96fb47ec9b65eb812.jpg,bulldozer,D:\whitevision\data\crops\bulldozer\499_annot617_bulldozer.jpg,14,64,608,543,640,640,train
500,618,D:\whitevision\data\raw\valid\Heavy_Equipment_4596_jpg.rf.50eb0a579898ff60d9a2492854c7a5f0.jpg,bulldozer,D:\whitevision\data\crops\bulldozer\500_annot618_bulldozer.jpg,39,0,520,640,640,640,test
501,619,D:\whitevision\data\raw\valid\Heavy_Equipment_6246_jpg.rf.4fe9a47b32f80c945fcb460f67628049.jpg,bulldozer,D:\whitevision\data\crops\bulldozer\501_annot619_bulldozer.jpg,0,0,640,640,640,640,train
502,620,D:\whitevision\data\raw\valid\Heavy_Equipment_4403_jpg.rf.52f35f97163954bc7c262d17cc7723ed.jpg,bulldozer,D:\whitevision\data\crops\bulldozer\502_annot620_bulldozer.jpg,0,0,640,529,640,640,train
503,621,D:\whitevision\data\raw\valid\Heavy_Equipment_3383_jpg.rf.508a09ce660eb14b087a0fae1e9ab72e.jpg,grader,D:\whitevision\data\crops\grader\503_annot621_grader.jpg,0,0,640,634,640,640,train
504,622,D:\whitevision\data\raw\valid\Heavy_Equipment_1569_jpg.rf.51e7c377c9713fb5f7c79098dc5c0206.jpg,excavator,D:\whitevision\data\crops\excavator\504_annot622_excavator.jpg,76,59,349,361,640,640,validation
504,623,D:\whitevision\data\raw\valid\Heavy_Equipment_1569_jpg.rf.51e7c377c9713fb5f7c79098dc5c0206.jpg,loader,D:\whitevision\data\crops\loader\504_annot623_loader.jpg,41,359,133,171,640,640,validation
504,624,D:\whitevision\data\raw\valid\Heavy_Equipment_1569_jpg.rf.51e7c377c9713fb5f7c79098dc5c0206.jpg,dump_truck,D:\whitevision\data\crops\dump_truck\504_annot624_dump_truck.jpg,523,249,117,270,640,640,validation
505,625,D:\whitevision\data\raw\valid\M_B_images50_jpg.rf.517805eef580889beb1cde3c1e59e549.jpg,mixer_truck,D:\whitevision\data\crops\mixer_truck\505_annot625_mixer_truck.jpg,0,82,514,518,640,640,train
506,626,D:\whitevision\data\raw\valid\Heavy_Equipment_1670_jpg.rf.529ae51784ca418e4c44389cf33bb8df.jpg,dump_truck,D:\whitevision\data\crops\dump_truck\506_annot626_dump_truck.jpg,353,137,204,338,640,640,test
506,627,D:\whitevision\data\raw\valid\Heavy_Equipment_1670_jpg.rf.529ae51784ca418e4c44389cf33bb8df.jpg,excavator,D:\whitevision\data\crops\excavator\506_annot627_excavator.jpg,0,0,585,640,640,640,test
506,628,D:\whitevision\data\raw\valid\Heavy_Equipment_1670_jpg.rf.529ae51784ca418e4c44389cf33bb8df.jpg,dump_truck,D:\whitevision\data\crops\dump_truck\506_annot628_dump_truck.jpg,131,168,192,151,640,640,test
507,629,D:\whitevision\data\raw\valid\M_M_images55_jpg.rf.52dc6a3254a5b9595dc214ada1a80d90.jpg,mixer_truck,D:\whitevision\data\crops\mixer_truck\507_annot629_mixer_truck.jpg,0,81,609,541,640,640,train
508,630,D:\whitevision\data\raw\valid\Heavy_Equipment_2606_jpg.rf.5266a09d5626a9b8c5f94bd907ef38b0.jpg,excavator,D:\whitevision\data\crops\excavator\508_annot630_excavator.jpg,45,0,515,636,640,640,train
508,631,D:\whitevision\data\raw\valid\Heavy_Equipment_2606_jpg.rf.5266a09d5626a9b8c5f94bd907ef38b0.jpg,excavator,D:\whitevision\data\crops\excavator\508_annot631_excavator.jpg,563,62,77,64,640,640,train
508,632,D:\whitevision\data\raw\valid\Heavy_Equipment_2606_jpg.rf.5266a09d5626a9b8c5f94bd907ef38b0.jpg,dump_truck,D:\whitevision\data\crops\dump_truck\508_annot632_dump_truck.jpg,0,116,49,115,640,640,train
509,633,D:\whitevision\data\raw\valid\Heavy_Equipment_3705_jpg.rf.50026eb54f7985680c176d7bba6c1da9.jpg,grader,D:\whitevision\data\crops\grader\509_annot633_grader.jpg,0,0,640,640,640,640,train
510,634,D:\whitevision\data\raw\valid\Heavy_Equipment_4439_jpg.rf.523ef1e2ecd71d3c2d6925e3a0dfae6e.jpg,bulldozer,D:\whitevision\data\crops\bulldozer\510_annot634_bulldozer.jpg,0,0,640,640,640,640,test
511,635,D:\whitevision\data\raw\valid\Heavy_Equipment_3201_jpg.rf.537327790511bb34217bfb297bd0d945.jpg,bulldozer,D:\whitevision\data\crops\bulldozer\511_annot635_bulldozer.jpg,0,0,640,640,640,640,train
512,636,D:\whitevision\data\raw\valid\Heavy_Equipment_3501_jpg.rf.53db08d4dd91d1d4ca45ceddef357b7f.jpg,bulldozer,D:\whitevision\data\crops\bulldozer\512_annot636_bulldozer.jpg,13,37,569,497,640,640,train
513,637,D:\whitevision\data\raw\valid\Heavy_Equipment_4203_jpg.rf.52fb477397c7e46e41fb4b323d68ebd8.jpg,grader,D:\whitevision\data\crops\grader\513_annot637_grader.jpg,110,64,530,333,640,640,train
514,638,D:\whitevision\data\raw\valid\Heavy_Equipment_3354_jpg.rf.53d7a8c832b8551fa910914a50cdfafd.jpg,bulldozer,D:\whitevision\data\crops\bulldozer\514_annot638_bulldozer.jpg,21,93,619,547,640,640,train
515,639,D:\whitevision\data\raw\valid\Heavy_Equipment_5902_jpg.rf.514db43d51976b6544eb3064ab444503.jpg,roller,D:\whitevision\data\crops\roller\515_annot639_roller.jpg,183,141,249,235,640,640,train
517,640,D:\whitevision\data\raw\valid\Heavy_Equipment_1084_jpg.rf.51fe4aca9a4c6bc3de48027af03cdf0c.jpg,loader,D:\whitevision\data\crops\loader\517_annot640_loader.jpg,173,178,467,343,640,640,train
517,641,D:\whitevision\data\raw\valid\Heavy_Equipment_1084_jpg.rf.51fe4aca9a4c6bc3de48027af03cdf0c.jpg,dump_truck,D:\whitevision\data\crops\dump_truck\517_annot641_dump_truck.jpg,0,148,119,298,640,640,train
518,642,D:\whitevision\data\raw\valid\Heavy_Equipment_3838_jpg.rf.540b7f420b70e2490515031413b742a7.jpg,grader,D:\whitevision\data\crops\grader\518_annot642_grader.jpg,0,75,640,565,640,640,test
519,643,D:\whitevision\data\raw\valid\Heavy_Equipment_4119_jpg.rf.542793afb1ed86f1d64a60ea049bc727.jpg,bulldozer,D:\whitevision\data\crops\bulldozer\519_annot643_bulldozer.jpg,0,87,591,477,640,640,train
520,644,D:\whitevision\data\raw\valid\Heavy_Equipment_481_jpg.rf.5499c19dcf5df42875f25408c915357b.jpg,mobile_crane,D:\whitevision\data\crops\mobile_crane\520_annot644_mobile_crane.jpg,54,91,490,405,640,640,test
521,645,D:\whitevision\data\raw\valid\Heavy_Equipment_4835_jpg.rf.54779f5e06560d2155fe2d0833f17cf8.jpg,bulldozer,D:\whitevision\data\crops\bulldozer\521_annot645_bulldozer.jpg,0,6,640,622,640,640,test
522,646,D:\whitevision\data\raw\valid\Heavy_Equipment_4842_jpg.rf.55c2f7f61eb45bd42d9619f43bba9079.jpg,grader,D:\whitevision\data\crops\grader\522_annot646_grader.jpg,13,0,627,526,640,640,train
523,647,D:\whitevision\data\raw\valid\Heavy_Equipment_670_jpg.rf.5660fcce2ea4ed9c5bd859941e036959.jpg,mobile_crane,D:\whitevision\data\crops\mobile_crane\523_annot647_mobile_crane.jpg,278,302,152,171,640,640,test
524,648,D:\whitevision\data\raw\valid\M_M_concrete_mixer_truck_man_35_dot_360_betonmischer_putzmeister_intermix_9m_2014_7165533_jpg.rf.55940f04f9222b6492c6c74820414e9f.jpg,mixer_truck,D:\whitevision\data\crops\mixer_truck\524_annot648_mixer_truck.jpg,45,37,595,603,640,640,train
525,649,D:\whitevision\data\raw\valid\M_S_DSC_0676_jpg.rf.5686ada84b52cb3c69988f03ac24ca5c.jpg,mixer_truck,D:\whitevision\data\crops\mixer_truck\525_annot649_mixer_truck.jpg,29,183,554,343,640,640,train
526,650,D:\whitevision\data\raw\valid\Heavy_Equipment_96_jpg.rf.54bd47b5b5827e5a1046ecfdea3b1fcb.jpg,bulldozer,D:\whitevision\data\crops\bulldozer\526_annot650_bulldozer.jpg,0,49,640,591,640,640,train
527,651,D:\whitevision\data\raw\valid\Heavy_Equipment_5563_jpg.rf.5541c45912746e5ef2da3d6d0bf5450c.jpg,roller,D:\whitevision\data\crops\roller\527_annot651_roller.jpg,220,0,298,345,640,640,train
528,652,D:\whitevision\data\raw\valid\Heavy_Equipment_728_jpg.rf.563ceea0ad17267e2e5b4b1e0b767d2b.jpg,dump_truck,D:\whitevision\data\crops\dump_truck\528_annot652_dump_truck.jpg,199,167,71,104,640,640,train
528,653,D:\whitevision\data\raw\valid\Heavy_Equipment_728_jpg.rf.563ceea0ad17267e2e5b4b1e0b767d2b.jpg,dump_truck,D:\whitevision\data\crops\dump_truck\528_annot653_dump_truck.jpg,100,243,148,269,640,640,train
528,654,D:\whitevision\data\raw\valid\Heavy_Equipment_728_jpg.rf.563ceea0ad17267e2e5b4b1e0b767d2b.jpg,excavator,D:\whitevision\data\crops\excavator\528_annot654_excavator.jpg,59,0,581,584,640,640,train
529,655,D:\whitevision\data\raw\valid\Heavy_Equipment_1251_jpg.rf.56d8ee5187203398be350e94a14c1dd9.jpg,mobile_crane,D:\whitevision\data\crops\mobile_crane\529_annot655_mobile_crane.jpg,0,7,615,514,640,640,test
530,656,D:\whitevision\data\raw\valid\Heavy_Equipment_5074_jpg.rf.578e868a2fa09b3d03e74cbac26d09d2.jpg,grader,D:\whitevision\data\crops\grader\530_annot656_grader.jpg,53,77,530,438,640,640,train
531,657,D:\whitevision\data\raw\valid\Heavy_Equipment_1074_jpg.rf.57b55d07bea01f8513affc31a24c8b0c.jpg,loader,D:\whitevision\data\crops\loader\531_annot657_loader.jpg,164,38,324,382,640,640,train
531,658,D:\whitevision\data\raw\valid\Heavy_Equipment_1074_jpg.rf.57b55d07bea01f8513affc31a24c8b0c.jpg,dump_truck,D:\whitevision\data\crops\dump_truck\531_annot658_dump_truck.jpg,53,312,580,328,640,640,train
532,659,D:\whitevision\data\raw\valid\Heavy_Equipment_3937_jpg.rf.544d7ae072db1fcffe8534bc4c70c278.jpg,grader,D:\whitevision\data\crops\grader\532_annot659_grader.jpg,0,14,640,626,640,640,train
533,660,D:\whitevision\data\raw\valid\Heavy_Equipment_4556_jpg.rf.574bb2b7da533158886cc14c8f3ae384.jpg,bulldozer,D:\whitevision\data\crops\bulldozer\533_annot660_bulldozer.jpg,4,0,636,638,640,640,train
534,661,D:\whitevision\data\raw\valid\Heavy_Equipment_5813_jpg.rf.56b9824b4dba9f4e8f0fbe85f37a9756.jpg,roller,D:\whitevision\data\crops\roller\534_annot661_roller.jpg,172,86,260,316,640,640,train
535,662,D:\whitevision\data\raw\valid\Heavy_Equipment_1109_jpg.rf.5761e3e2be9903b0014f7efc4cd23bf1.jpg,mobile_crane,D:\whitevision\data\crops\mobile_crane\535_annot662_mobile_crane.jpg,112,49,350,442,640,640,validation
535,663,D:\whitevision\data\raw\valid\Heavy_Equipment_1109_jpg.rf.5761e3e2be9903b0014f7efc4cd23bf1.jpg,mobile_crane,D:\whitevision\data\crops\mobile_crane\535_annot663_mobile_crane.jpg,517,339,72,134,640,640,validation
536,664,D:\whitevision\data\raw\valid\Heavy_Equipment_4939_jpg.rf.5479788f9a2ffd8827519dcc3fa2a399.jpg,bulldozer,D:\whitevision\data\crops\bulldozer\536_annot664_bulldozer.jpg,0,39,640,601,640,640,train
537,665,D:\whitevision\data\raw\valid\Heavy_Equipment_2161_jpg.rf.5884d1705860f5f81d7218cd06f7e0d5.jpg,loader,D:\whitevision\data\crops\loader\537_annot665_loader.jpg,151,140,444,343,640,640,train
537,666,D:\whitevision\data\raw\valid\Heavy_Equipment_2161_jpg.rf.5884d1705860f5f81d7218cd06f7e0d5.jpg,dump_truck,D:\whitevision\data\crops\dump_truck\537_annot666_dump_truck.jpg,322,57,127,62,640,640,train
538,667,D:\whitevision\data\raw\valid\Heavy_Equipment_3240_jpg.rf.5716a65fe21fcb0dba4b98e09234c118.jpg,bulldozer,D:\whitevision\data\crops\bulldozer\538_annot667_bulldozer.jpg,0,0,640,640,640,640,validation
539,668,D:\whitevision\data\raw\valid\Heavy_Equipment_1995_jpg.rf.58854867cf2a0bc44f067a1931a905fb.jpg,excavator,D:\whitevision\data\crops\excavator\539_annot668_excavator.jpg,0,0,186,229,640,640,train
539,669,D:\whitevision\data\raw\valid\Heavy_Equipment_1995_jpg.rf.58854867cf2a0bc44f067a1931a905fb.jpg,excavator,D:\whitevision\data\crops\excavator\539_annot669_excavator.jpg,8,8,632,602,640,640,train
540,670,D:\whitevision\data\raw\valid\Heavy_Equipment_5440_jpg.rf.583214dffeabe27d4d45e4646620e2bd.jpg,roller,D:\whitevision\data\crops\roller\540_annot670_roller.jpg,172,95,318,318,640,640,train
542,671,D:\whitevision\data\raw\valid\Heavy_Equipment_2991_jpg.rf.58b2ddd65eb820e0d3cfe4f58a1b7f47.jpg,bulldozer,D:\whitevision\data\crops\bulldozer\542_annot671_bulldozer.jpg,0,14,640,626,640,640,validation
544,672,D:\whitevision\data\raw\valid\Heavy_Equipment_2896_jpg.rf.58ab53b4207ca24b469e7720788253cf.jpg,dump_truck,D:\whitevision\data\crops\dump_truck\544_annot672_dump_truck.jpg,0,114,86,90,640,640,train
544,673,D:\whitevision\data\raw\valid\Heavy_Equipment_2896_jpg.rf.58ab53b4207ca24b469e7720788253cf.jpg,dump_truck,D:\whitevision\data\crops\dump_truck\544_annot673_dump_truck.jpg,116,164,91,173,640,640,train
544,674,D:\whitevision\data\raw\valid\Heavy_Equipment_2896_jpg.rf.58ab53b4207ca24b469e7720788253cf.jpg,excavator,D:\whitevision\data\crops\excavator\544_annot674_excavator.jpg,167,116,244,325,640,640,train
545,675,D:\whitevision\data\raw\valid\Heavy_Equipment_1321_jpg.rf.57ead0fd81ba224b3d84e0280d2a8701.jpg,mobile_crane,D:\whitevision\data\crops\mobile_crane\545_annot675_mobile_crane.jpg,69,0,459,640,640,640,train
545,676,D:\whitevision\data\raw\valid\Heavy_Equipment_1321_jpg.rf.57ead0fd81ba224b3d84e0280d2a8701.jpg,mobile_crane,D:\whitevision\data\crops\mobile_crane\545_annot676_mobile_crane.jpg,355,0,247,583,640,640,train
546,677,D:\whitevision\data\raw\valid\Heavy_Equipment_1677_jpg.rf.59078dd7f154e1027f7787b52f557072.jpg,dump_truck,D:\whitevision\data\crops\dump_truck\546_annot677_dump_truck.jpg,135,287,213,352,640,640,test
546,678,D:\whitevision\data\raw\valid\Heavy_Equipment_1677_jpg.rf.59078dd7f154e1027f7787b52f557072.jpg,loader,D:\whitevision\data\crops\loader\546_annot678_loader.jpg,329,342,267,288,640,640,test
547,679,D:\whitevision\data\raw\valid\Heavy_Equipment_3155_jpg.rf.5a395a21df0c2d7f720710c162baa690.jpg,grader,D:\whitevision\data\crops\grader\547_annot679_grader.jpg,45,125,595,334,640,640,train
548,680,D:\whitevision\data\raw\valid\Heavy_Equipment_3186_jpg.rf.5a9030e6ab461a025db5ad1f176c750d.jpg,grader,D:\whitevision\data\crops\grader\548_annot680_grader.jpg,0,0,640,640,640,640,train
550,681,D:\whitevision\data\raw\valid\Heavy_Equipment_2257_jpg.rf.5916912112c21af8bccf52ed7cc35d50.jpg,mobile_crane,D:\whitevision\data\crops\mobile_crane\550_annot681_mobile_crane.jpg,8,98,589,336,640,640,train
551,682,D:\whitevision\data\raw\valid\Heavy_Equipment_5655_jpg.rf.5b54ce1cda509d6bfc358e2e2019cd23.jpg,roller,D:\whitevision\data\crops\roller\551_annot682_roller.jpg,128,46,405,404,640,640,test
552,683,D:\whitevision\data\raw\valid\Heavy_Equipment_1334_jpg.rf.59cc62a6a2b449b593204ccfd509382d.jpg,loader,D:\whitevision\data\crops\loader\552_annot683_loader.jpg,96,66,476,508,640,640,train
552,684,D:\whitevision\data\raw\valid\Heavy_Equipment_1334_jpg.rf.59cc62a6a2b449b593204ccfd509382d.jpg,dump_truck,D:\whitevision\data\crops\dump_truck\552_annot684_dump_truck.jpg,402,188,238,334,640,640,train
553,685,D:\whitevision\data\raw\valid\M_M_images16_jpg.rf.58fc1627aa767ca17f1e2389364cbe6f.jpg,mixer_truck,D:\whitevision\data\crops\mixer_truck\553_annot685_mixer_truck.jpg,0,36,640,591,640,640,train
554,686,D:\whitevision\data\raw\valid\Heavy_Equipment_3387_jpg.rf.5bacb7df14225f8f65c6810b17405295.jpg,grader,D:\whitevision\data\crops\grader\554_annot686_grader.jpg,32,50,562,428,640,640,train
555,687,D:\whitevision\data\raw\valid\Heavy_Equipment_1197_jpg.rf.5c4768d6ff5aa307e16ae0cb23ec8815.jpg,mobile_crane,D:\whitevision\data\crops\mobile_crane\555_annot687_mobile_crane.jpg,184,242,214,203,640,640,validation
556,688,D:\whitevision\data\raw\valid\Heavy_Equipment_3506_jpg.rf.5c87db3ddcff0986850a06709ff0c903.jpg,bulldozer,D:\whitevision\data\crops\bulldozer\556_annot688_bulldozer.jpg,195,183,418,446,640,640,train
557,689,D:\whitevision\data\raw\valid\M_M_images134_jpg.rf.5d3c18242aadb8f205c39c100c63afae.jpg,mixer_truck,D:\whitevision\data\crops\mixer_truck\557_annot689_mixer_truck.jpg,18,167,602,421,640,640,train
558,690,D:\whitevision\data\raw\valid\Heavy_Equipment_1943_jpg.rf.59d7a0ded4fc9bb3808134fbfb409a55.jpg,mobile_crane,D:\whitevision\data\crops\mobile_crane\558_annot690_mobile_crane.jpg,118,96,344,349,640,640,train
559,691,D:\whitevision\data\raw\valid\Heavy_Equipment_1231_jpg.rf.5cab54e0d030890f645c2fe64029665f.jpg,mobile_crane,D:\whitevision\data\crops\mobile_crane\559_annot691_mobile_crane.jpg,200,0,226,525,640,640,validation
560,692,D:\whitevision\data\raw\valid\Heavy_Equipment_3787_jpg.rf.5bf12306a3a375a354cdb34b70d48d6c.jpg,grader,D:\whitevision\data\crops\grader\560_annot692_grader.jpg,4,91,556,504,640,640,test
561,693,D:\whitevision\data\raw\valid\Heavy_Equipment_5738_jpg.rf.5b6494cd026e3d9bdeee5d731c294842.jpg,roller,D:\whitevision\data\crops\roller\561_annot693_roller.jpg,140,107,332,294,640,640,train
562,694,D:\whitevision\data\raw\valid\Heavy_Equipment_4542_jpg.rf.5d3de855969a1ff6aa0916d16737b791.jpg,grader,D:\whitevision\data\crops\grader\562_annot694_grader.jpg,22,40,618,523,640,640,train
563,695,D:\whitevision\data\raw\valid\Heavy_Equipment_2667_jpg.rf.5cc5aa2aa43425ed16677b5a66bb4bf6.jpg,mobile_crane,D:\whitevision\data\crops\mobile_crane\563_annot695_mobile_crane.jpg,69,110,306,515,640,640,validation
563,696,D:\whitevision\data\raw\valid\Heavy_Equipment_2667_jpg.rf.5cc5aa2aa43425ed16677b5a66bb4bf6.jpg,mobile_crane,D:\whitevision\data\crops\mobile_crane\563_annot696_mobile_crane.jpg,349,100,291,540,640,640,validation
564,697,D:\whitevision\data\raw\valid\Heavy_Equipment_3595_jpg.rf.5cfdd0de46896f3669b0169438e2ebcb.jpg,bulldozer,D:\whitevision\data\crops\bulldozer\564_annot697_bulldozer.jpg,117,239,105,83,640,640,test
564,698,D:\whitevision\data\raw\valid\Heavy_Equipment_3595_jpg.rf.5cfdd0de46896f3669b0169438e2ebcb.jpg,bulldozer,D:\whitevision\data\crops\bulldozer\564_annot698_bulldozer.jpg,425,167,215,141,640,640,test
565,699,D:\whitevision\data\raw\valid\Heavy_Equipment_1999_jpg.rf.5c2a90f46bca81a1e88ce7ce52ecd0c3.jpg,excavator,D:\whitevision\data\crops\excavator\565_annot699_excavator.jpg,130,0,443,564,640,640,train
566,700,D:\whitevision\data\raw\valid\Heavy_Equipment_5638_jpg.rf.5cb89857d5a13e0f0d8b3e2edcacff15.jpg,roller,D:\whitevision\data\crops\roller\566_annot700_roller.jpg,256,99,166,272,640,640,test
568,701,D:\whitevision\data\raw\valid\Heavy_Equipment_3020_jpg.rf.5b468b873dd73bc8a91b9647169903f5.jpg,bulldozer,D:\whitevision\data\crops\bulldozer\568_annot701_bulldozer.jpg,19,64,610,557,640,640,validation
570,702,D:\whitevision\data\raw\valid\Heavy_Equipment_1019_jpg.rf.5aa54ae22a14e6a9ab06b16e28ea11fe.jpg,mobile_crane,D:\whitevision\data\crops\mobile_crane\570_annot702_mobile_crane.jpg,0,67,640,522,640,640,validation
571,703,D:\whitevision\data\raw\valid\Heavy_Equipment_6323_JPG.rf.5d85afd1dda968a9f3111abf838293e9.jpg,excavator,D:\whitevision\data\crops\excavator\571_annot703_excavator.jpg,101,77,261,322,640,640,train
572,704,D:\whitevision\data\raw\valid\Heavy_Equipment_6197_jpg.rf.5e232b221270ad57866a503a24ba3942.jpg,roller,D:\whitevision\data\crops\roller\572_annot704_roller.jpg,178,157,259,234,640,640,train
575,705,D:\whitevision\data\raw\valid\Heavy_Equipment_445_jpg.rf.5e5e4b8f3e99e29ffdd25ae82939103e.jpg,excavator,D:\whitevision\data\crops\excavator\575_annot705_excavator.jpg,136,148,357,322,640,640,validation
575,706,D:\whitevision\data\raw\valid\Heavy_Equipment_445_jpg.rf.5e5e4b8f3e99e29ffdd25ae82939103e.jpg,dump_truck,D:\whitevision\data\crops\dump_truck\575_annot706_dump_truck.jpg,467,331,167,295,640,640,validation
576,707,D:\whitevision\data\raw\valid\Heavy_Equipment_3200_jpg.rf.5e9137b9ff6c4bf45a56f286ed5915ab.jpg,bulldozer,D:\whitevision\data\crops\bulldozer\576_annot707_bulldozer.jpg,0,0,640,640,640,640,validation
577,708,D:\whitevision\data\raw\valid\Heavy_Equipment_1867_jpg.rf.5ee8dbcfded16163a539a44c6cba38f9.jpg,mobile_crane,D:\whitevision\data\crops\mobile_crane\577_annot708_mobile_crane.jpg,7,0,541,640,640,640,train
578,709,D:\whitevision\data\raw\valid\Heavy_Equipment_1385_jpg.rf.60895eb9b97d533dbbe89a4e1ad8dc9d.jpg,loader,D:\whitevision\data\crops\loader\578_annot709_loader.jpg,35,304,168,131,640,640,train
578,710,D:\whitevision\data\raw\valid\Heavy_Equipment_1385_jpg.rf.60895eb9b97d533dbbe89a4e1ad8dc9d.jpg,loader,D:\whitevision\data\crops\loader\578_annot710_loader.jpg,529,384,111,170,640,640,train
578,711,D:\whitevision\data\raw\valid\Heavy_Equipment_1385_jpg.rf.60895eb9b97d533dbbe89a4e1ad8dc9d.jpg,loader,D:\whitevision\data\crops\loader\578_annot711_loader.jpg,310,336,118,61,640,640,train
578,712,D:\whitevision\data\raw\valid\Heavy_Equipment_1385_jpg.rf.60895eb9b97d533dbbe89a4e1ad8dc9d.jpg,dump_truck,D:\whitevision\data\crops\dump_truck\578_annot712_dump_truck.jpg,331,364,150,142,640,640,train
578,713,D:\whitevision\data\raw\valid\Heavy_Equipment_1385_jpg.rf.60895eb9b97d533dbbe89a4e1ad8dc9d.jpg,dump_truck,D:\whitevision\data\crops\dump_truck\578_annot713_dump_truck.jpg,159,344,79,100,640,640,train
579,714,D:\whitevision\data\raw\valid\Heavy_Equipment_5611_jpg.rf.617a584af964d34fe8c87f79450f20b6.jpg,roller,D:\whitevision\data\crops\roller\579_annot714_roller.jpg,214,67,280,398,640,640,train
580,715,D:\whitevision\data\raw\valid\Heavy_Equipment_355_jpg.rf.60c04b796d83dbefa12c7a16216bb9e5.jpg,mobile_crane,D:\whitevision\data\crops\mobile_crane\580_annot715_mobile_crane.jpg,122,0,396,628,640,640,train
581,716,D:\whitevision\data\raw\valid\Heavy_Equipment_3050_jpg.rf.60f06570c285814dc4aeb3d9b547f895.jpg,bulldozer,D:\whitevision\data\crops\bulldozer\581_annot716_bulldozer.jpg,157,216,339,392,640,640,train
583,717,D:\whitevision\data\raw\valid\Heavy_Equipment_6235_jpg.rf.5faef0c08923ea06d844675bcba11a27.jpg,bulldozer,D:\whitevision\data\crops\bulldozer\583_annot717_bulldozer.jpg,0,0,640,640,640,640,train
585,718,D:\whitevision\data\raw\valid\Heavy_Equipment_5361_jpg.rf.5f0f48b16fa10ef315652b021eb0a64a.jpg,roller,D:\whitevision\data\crops\roller\585_annot718_roller.jpg,171,120,260,304,640,640,train
586,719,D:\whitevision\data\raw\valid\Heavy_Equipment_531_jpg.rf.6276e2d127855320f04b1f17338a4c33.jpg,dump_truck,D:\whitevision\data\crops\dump_truck\586_annot719_dump_truck.jpg,30,319,332,195,640,640,train
586,720,D:\whitevision\data\raw\valid\Heavy_Equipment_531_jpg.rf.6276e2d127855320f04b1f17338a4c33.jpg,excavator,D:\whitevision\data\crops\excavator\586_annot720_excavator.jpg,121,77,506,464,640,640,train
587,721,D:\whitevision\data\raw\valid\Heavy_Equipment_6267_jpg.rf.6279d3bdec42b170ab55cc4c76dd78f7.jpg,grader,D:\whitevision\data\crops\grader\587_annot721_grader.jpg,159,65,349,513,640,640,test
588,722,D:\whitevision\data\raw\valid\Heavy_Equipment_796_jpg.rf.63358b6a3f6dc01ab92ce9aad7808b2c.jpg,mobile_crane,D:\whitevision\data\crops\mobile_crane\588_annot722_mobile_crane.jpg,39,142,533,420,640,640,train
589,723,D:\whitevision\data\raw\valid\Heavy_Equipment_3389_jpg.rf.606120641ab0728061486e769cee8f30.jpg,bulldozer,D:\whitevision\data\crops\bulldozer\589_annot723_bulldozer.jpg,47,103,549,462,640,640,train
590,724,D:\whitevision\data\raw\valid\M_M_images94_jpg.rf.6193fa4e52a6c07b0ba073e2ab875c65.jpg,mixer_truck,D:\whitevision\data\crops\mixer_truck\590_annot724_mixer_truck.jpg,0,300,212,247,640,640,train
590,725,D:\whitevision\data\raw\valid\M_M_images94_jpg.rf.6193fa4e52a6c07b0ba073e2ab875c65.jpg,mixer_truck,D:\whitevision\data\crops\mixer_truck\590_annot725_mixer_truck.jpg,175,382,107,127,640,640,train
591,726,D:\whitevision\data\raw\valid\Heavy_Equipment_2329_jpg.rf.5f0567f4639eb022cc65658951f6ad94.jpg,dump_truck,D:\whitevision\data\crops\dump_truck\591_annot726_dump_truck.jpg,96,247,91,135,640,640,train
593,727,D:\whitevision\data\raw\valid\Heavy_Equipment_3120_jpg.rf.5fdada589b9de6c6b3af337ad9d7c6c3.jpg,bulldozer,D:\whitevision\data\crops\bulldozer\593_annot727_bulldozer.jpg,124,11,507,574,640,640,train
594,728,D:\whitevision\data\raw\valid\Heavy_Equipment_2990_jpg.rf.63a64ba1774c2754c26196f4f5d63080.jpg,bulldozer,D:\whitevision\data\crops\bulldozer\594_annot728_bulldozer.jpg,131,157,411,366,640,640,train
595,729,D:\whitevision\data\raw\valid\Heavy_Equipment_1492_jpg.rf.6384a99850b2a9ff315af4ad9eb9c3f8.jpg,mobile_crane,D:\whitevision\data\crops\mobile_crane\595_annot729_mobile_crane.jpg,199,250,248,118,640,640,train
596,730,D:\whitevision\data\raw\valid\Heavy_Equipment_4352_jpg.rf.63b2c405204ab9d4e71aa95c7f35dd3f.jpg,grader,D:\whitevision\data\crops\grader\596_annot730_grader.jpg,123,90,398,466,640,640,train
597,731,D:\whitevision\data\raw\valid\Heavy_Equipment_2871_jpg.rf.6416faf593183117e5a2e10dda97c80c.jpg,dump_truck,D:\whitevision\data\crops\dump_truck\597_annot731_dump_truck.jpg,0,273,108,259,640,640,train
597,732,D:\whitevision\data\raw\valid\Heavy_Equipment_2871_jpg.rf.6416faf593183117e5a2e10dda97c80c.jpg,excavator,D:\whitevision\data\crops\excavator\597_annot732_excavator.jpg,203,118,278,413,640,640,train
597,733,D:\whitevision\data\raw\valid\Heavy_Equipment_2871_jpg.rf.6416faf593183117e5a2e10dda97c80c.jpg,dump_truck,D:\whitevision\data\crops\dump_truck\597_annot733_dump_truck.jpg,461,290,179,229,640,640,train
598,734,D:\whitevision\data\raw\valid\Heavy_Equipment_2289_jpg.rf.636097e541f5c6dedc6829d70386f5a5.jpg,mobile_crane,D:\whitevision\data\crops\mobile_crane\598_annot734_mobile_crane.jpg,203,0,343,640,640,640,train
599,735,D:\whitevision\data\raw\valid\Heavy_Equipment_3476_jpg.rf.651072ac5838199850c6699d26cd2dbb.jpg,grader,D:\whitevision\data\crops\grader\599_annot735_grader.jpg,0,0,571,562,640,640,validation
600,736,D:\whitevision\data\raw\valid\Heavy_Equipment_5825_jpg.rf.5e983f6fc2e3d632a71ee91215dc2f85.jpg,roller,D:\whitevision\data\crops\roller\600_annot736_roller.jpg,0,0,640,354,640,640,train
601,737,D:\whitevision\data\raw\valid\Heavy_Equipment_2510_jpg.rf.5f84b9c5add8389635caa08b5a4ba853.jpg,excavator,D:\whitevision\data\crops\excavator\601_annot737_excavator.jpg,98,74,442,460,640,640,validation
601,738,D:\whitevision\data\raw\valid\Heavy_Equipment_2510_jpg.rf.5f84b9c5add8389635caa08b5a4ba853.jpg,dump_truck,D:\whitevision\data\crops\dump_truck\601_annot738_dump_truck.jpg,513,94,107,107,640,640,validation
601,739,D:\whitevision\data\raw\valid\Heavy_Equipment_2510_jpg.rf.5f84b9c5add8389635caa08b5a4ba853.jpg,dump_truck,D:\whitevision\data\crops\dump_truck\601_annot739_dump_truck.jpg,355,42,31,27,640,640,validation
601,740,D:\whitevision\data\raw\valid\Heavy_Equipment_2510_jpg.rf.5f84b9c5add8389635caa08b5a4ba853.jpg,excavator,D:\whitevision\data\crops\excavator\601_annot740_excavator.jpg,377,9,39,49,640,640,validation
602,741,D:\whitevision\data\raw\valid\Heavy_Equipment_2713_jpg.rf.64e9cee1ab8f505adc0d2ad6420232f7.jpg,mobile_crane,D:\whitevision\data\crops\mobile_crane\602_annot741_mobile_crane.jpg,135,0,211,602,640,640,train
603,742,D:\whitevision\data\raw\valid\Heavy_Equipment_209_jpg.rf.650d02d3694929cc372577dbc0df1c9d.jpg,excavator,D:\whitevision\data\crops\excavator\603_annot742_excavator.jpg,31,0,514,524,640,640,test
603,743,D:\whitevision\data\raw\valid\Heavy_Equipment_209_jpg.rf.650d02d3694929cc372577dbc0df1c9d.jpg,dump_truck,D:\whitevision\data\crops\dump_truck\603_annot743_dump_truck.jpg,567,152,35,91,640,640,test
603,744,D:\whitevision\data\raw\valid\Heavy_Equipment_209_jpg.rf.650d02d3694929cc372577dbc0df1c9d.jpg,dump_truck,D:\whitevision\data\crops\dump_truck\603_annot744_dump_truck.jpg,510,153,63,116,640,640,test
604,745,D:\whitevision\data\raw\valid\Heavy_Equipment_74_jpg.rf.65131c78956b9376d5789a45261a3267.jpg,excavator,D:\whitevision\data\crops\excavator\604_annot745_excavator.jpg,0,0,561,582,640,640,train
605,746,D:\whitevision\data\raw\valid\Heavy_Equipment_5133_jpg.rf.659c52ccc6c9b08ecad2ea398f2e6161.jpg,grader,D:\whitevision\data\crops\grader\605_annot746_grader.jpg,0,48,608,481,640,640,test
606,747,D:\whitevision\data\raw\valid\Heavy_Equipment_4409_jpg.rf.65892025cf1e02af5332245af68f59e4.jpg,bulldozer,D:\whitevision\data\crops\bulldozer\606_annot747_bulldozer.jpg,0,109,606,498,640,640,validation
607,748,D:\whitevision\data\raw\valid\Heavy_Equipment_3688_jpg.rf.65b72ab8f290f81c211feffe471063d4.jpg,grader,D:\whitevision\data\crops\grader\607_annot748_grader.jpg,0,24,626,513,640,640,test
608,749,D:\whitevision\data\raw\valid\Heavy_Equipment_1284_jpg.rf.664d552da5a597a83626a7084a930d5b.jpg,dump_truck,D:\whitevision\data\crops\dump_truck\608_annot749_dump_truck.jpg,386,223,225,248,640,640,train
608,750,D:\whitevision\data\raw\valid\Heavy_Equipment_1284_jpg.rf.664d552da5a597a83626a7084a930d5b.jpg,excavator,D:\whitevision\data\crops\excavator\608_annot750_excavator.jpg,65,0,459,610,640,640,train
610,751,D:\whitevision\data\raw\valid\Heavy_Equipment_275_jpg.rf.65dd0f83ae14cffb8b951e2c6c509f70.jpg,mobile_crane,D:\whitevision\data\crops\mobile_crane\610_annot751_mobile_crane.jpg,168,41,291,387,640,640,train
611,752,D:\whitevision\data\raw\valid\Heavy_Equipment_5652_jpg.rf.656fb4b7abf141c839ccb3b93326456f.jpg,roller,D:\whitevision\data\crops\roller\611_annot752_roller.jpg,175,119,263,217,640,640,validation
612,753,D:\whitevision\data\raw\valid\Heavy_Equipment_6284_jpg.rf.65cec6cc92844cc163750c10b320eced.jpg,grader,D:\whitevision\data\crops\grader\612_annot753_grader.jpg,7,0,633,637,640,640,train
613,754,D:\whitevision\data\raw\valid\M_M_images100_jpg.rf.66bced88e07ffdeae4b5f33303857b95.jpg,mixer_truck,D:\whitevision\data\crops\mixer_truck\613_annot754_mixer_truck.jpg,2,192,638,403,640,640,train
614,755,D:\whitevision\data\raw\valid\Heavy_Equipment_3012_jpg.rf.637d9869c871a008edbf07d974f6652a.jpg,grader,D:\whitevision\data\crops\grader\614_annot755_grader.jpg,0,51,640,586,640,640,test
615,756,D:\whitevision\data\raw\valid\Heavy_Equipment_1343_jpg.rf.66d09e03087b8f5969df6a3038fdf394.jpg,dump_truck,D:\whitevision\data\crops\dump_truck\615_annot756_dump_truck.jpg,132,94,25,20,640,640,train
615,757,D:\whitevision\data\raw\valid\Heavy_Equipment_1343_jpg.rf.66d09e03087b8f5969df6a3038fdf394.jpg,dump_truck,D:\whitevision\data\crops\dump_truck\615_annot757_dump_truck.jpg,269,81,20,24,640,640,train
615,758,D:\whitevision\data\raw\valid\Heavy_Equipment_1343_jpg.rf.66d09e03087b8f5969df6a3038fdf394.jpg,dump_truck,D:\whitevision\data\crops\dump_truck\615_annot758_dump_truck.jpg,441,62,24,19,640,640,train
615,759,D:\whitevision\data\raw\valid\Heavy_Equipment_1343_jpg.rf.66d09e03087b8f5969df6a3038fdf394.jpg,dump_truck,D:\whitevision\data\crops\dump_truck\615_annot759_dump_truck.jpg,490,77,25,41,640,640,train
615,760,D:\whitevision\data\raw\valid\Heavy_Equipment_1343_jpg.rf.66d09e03087b8f5969df6a3038fdf394.jpg,dump_truck,D:\whitevision\data\crops\dump_truck\615_annot760_dump_truck.jpg,537,96,19,46,640,640,train
615,761,D:\whitevision\data\raw\valid\Heavy_Equipment_1343_jpg.rf.66d09e03087b8f5969df6a3038fdf394.jpg,dump_truck,D:\whitevision\data\crops\dump_truck\615_annot761_dump_truck.jpg,518,243,122,105,640,640,train
615,762,D:\whitevision\data\raw\valid\Heavy_Equipment_1343_jpg.rf.66d09e03087b8f5969df6a3038fdf394.jpg,dump_truck,D:\whitevision\data\crops\dump_truck\615_annot762_dump_truck.jpg,429,116,31,50,640,640,train
615,763,D:\whitevision\data\raw\valid\Heavy_Equipment_1343_jpg.rf.66d09e03087b8f5969df6a3038fdf394.jpg,dump_truck,D:\whitevision\data\crops\dump_truck\615_annot763_dump_truck.jpg,400,158,61,79,640,640,train
615,764,D:\whitevision\data\raw\valid\Heavy_Equipment_1343_jpg.rf.66d09e03087b8f5969df6a3038fdf394.jpg,excavator,D:\whitevision\data\crops\excavator\615_annot764_excavator.jpg,177,101,105,173,640,640,train
615,765,D:\whitevision\data\raw\valid\Heavy_Equipment_1343_jpg.rf.66d09e03087b8f5969df6a3038fdf394.jpg,dump_truck,D:\whitevision\data\crops\dump_truck\615_annot765_dump_truck.jpg,302,185,36,79,640,640,train
615,766,D:\whitevision\data\raw\valid\Heavy_Equipment_1343_jpg.rf.66d09e03087b8f5969df6a3038fdf394.jpg,excavator,D:\whitevision\data\crops\excavator\615_annot766_excavator.jpg,275,240,167,206,640,640,train
615,767,D:\whitevision\data\raw\valid\Heavy_Equipment_1343_jpg.rf.66d09e03087b8f5969df6a3038fdf394.jpg,dump_truck,D:\whitevision\data\crops\dump_truck\615_annot767_dump_truck.jpg,400,269,75,115,640,640,train
616,768,D:\whitevision\data\raw\valid\Heavy_Equipment_6143_jpg.rf.647f6660c6995bb0d2b83e7a70a43e16.jpg,roller,D:\whitevision\data\crops\roller\616_annot768_roller.jpg,263,143,112,194,640,640,test
617,769,D:\whitevision\data\raw\valid\Heavy_Equipment_1554_jpg.rf.66784969900417602b3b11f890c73932.jpg,excavator,D:\whitevision\data\crops\excavator\617_annot769_excavator.jpg,34,92,347,412,640,640,train
617,770,D:\whitevision\data\raw\valid\Heavy_Equipment_1554_jpg.rf.66784969900417602b3b11f890c73932.jpg,excavator,D:\whitevision\data\crops\excavator\617_annot770_excavator.jpg,360,175,195,148,640,640,train
617,771,D:\whitevision\data\raw\valid\Heavy_Equipment_1554_jpg.rf.66784969900417602b3b11f890c73932.jpg,dump_truck,D:\whitevision\data\crops\dump_truck\617_annot771_dump_truck.jpg,0,376,170,176,640,640,train
618,772,D:\whitevision\data\raw\valid\M_M_image31_jpeg.rf.6678ea57c8b6933b7924415abac4f271.jpg,mixer_truck,D:\whitevision\data\crops\mixer_truck\618_annot772_mixer_truck.jpg,1,106,639,526,640,640,train
619,773,D:\whitevision\data\raw\valid\Heavy_Equipment_1866_jpg.rf.6572a4561b6ef6372fc97ad42ab63314.jpg,excavator,D:\whitevision\data\crops\excavator\619_annot773_excavator.jpg,202,0,267,640,640,640,train
619,774,D:\whitevision\data\raw\valid\Heavy_Equipment_1866_jpg.rf.6572a4561b6ef6372fc97ad42ab63314.jpg,dump_truck,D:\whitevision\data\crops\dump_truck\619_annot774_dump_truck.jpg,541,129,99,130,640,640,train
619,775,D:\whitevision\data\raw\valid\Heavy_Equipment_1866_jpg.rf.6572a4561b6ef6372fc97ad42ab63314.jpg,dump_truck,D:\whitevision\data\crops\dump_truck\619_annot775_dump_truck.jpg,177,95,52,49,640,640,train
619,776,D:\whitevision\data\raw\valid\Heavy_Equipment_1866_jpg.rf.6572a4561b6ef6372fc97ad42ab63314.jpg,dump_truck,D:\whitevision\data\crops\dump_truck\619_annot776_dump_truck.jpg,0,212,84,405,640,640,train
619,777,D:\whitevision\data\raw\valid\Heavy_Equipment_1866_jpg.rf.6572a4561b6ef6372fc97ad42ab63314.jpg,dump_truck,D:\whitevision\data\crops\dump_truck\619_annot777_dump_truck.jpg,391,81,16,27,640,640,train
619,778,D:\whitevision\data\raw\valid\Heavy_Equipment_1866_jpg.rf.6572a4561b6ef6372fc97ad42ab63314.jpg,dump_truck,D:\whitevision\data\crops\dump_truck\619_annot778_dump_truck.jpg,364,94,20,20,640,640,train
619,779,D:\whitevision\data\raw\valid\Heavy_Equipment_1866_jpg.rf.6572a4561b6ef6372fc97ad42ab63314.jpg,excavator,D:\whitevision\data\crops\excavator\619_annot779_excavator.jpg,483,74,27,42,640,640,train
620,780,D:\whitevision\data\raw\valid\Heavy_Equipment_2102_jpg.rf.65effe2a3153052b07825b8619389c8e.jpg,excavator,D:\whitevision\data\crops\excavator\620_annot780_excavator.jpg,434,77,206,402,640,640,test
621,781,D:\whitevision\data\raw\valid\M_M_image18_jpeg.rf.66f768bc46f4859cfada3158858089b2.jpg,mixer_truck,D:\whitevision\data\crops\mixer_truck\621_annot781_mixer_truck.jpg,0,0,594,577,640,640,train
622,782,D:\whitevision\data\raw\valid\Heavy_Equipment_3642_jpg.rf.6729d4c9be5e950566627799d5a6570c.jpg,grader,D:\whitevision\data\crops\grader\622_annot782_grader.jpg,8,22,632,535,640,640,train
623,783,D:\whitevision\data\raw\valid\Heavy_Equipment_4822_jpg.rf.67734090ef49d0e2011cd3e670da9b24.jpg,bulldozer,D:\whitevision\data\crops\bulldozer\623_annot783_bulldozer.jpg,0,104,640,536,640,640,train
624,784,D:\whitevision\data\raw\valid\Heavy_Equipment_2119_jpg.rf.674f75738efc9feea6264f7b21016e0a.jpg,dump_truck,D:\whitevision\data\crops\dump_truck\624_annot784_dump_truck.jpg,331,249,283,233,640,640,train
624,785,D:\whitevision\data\raw\valid\Heavy_Equipment_2119_jpg.rf.674f75738efc9feea6264f7b21016e0a.jpg,excavator,D:\whitevision\data\crops\excavator\624_annot785_excavator.jpg,144,253,149,105,640,640,train
625,786,D:\whitevision\data\raw\valid\Heavy_Equipment_1413_jpg.rf.677bb6fb3f9f477b4aabcb29a177d36c.jpg,mobile_crane,D:\whitevision\data\crops\mobile_crane\625_annot786_mobile_crane.jpg,167,26,409,574,640,640,validation
626,787,D:\whitevision\data\raw\valid\Heavy_Equipment_1234_jpg.rf.67a7d3c7429af2129c90ccbea7499079.jpg,excavator,D:\whitevision\data\crops\excavator\626_annot787_excavator.jpg,330,53,234,197,640,640,train
626,788,D:\whitevision\data\raw\valid\Heavy_Equipment_1234_jpg.rf.67a7d3c7429af2129c90ccbea7499079.jpg,loader,D:\whitevision\data\crops\loader\626_annot788_loader.jpg,180,258,251,257,640,640,train
626,789,D:\whitevision\data\raw\valid\Heavy_Equipment_1234_jpg.rf.67a7d3c7429af2129c90ccbea7499079.jpg,dump_truck,D:\whitevision\data\crops\dump_truck\626_annot789_dump_truck.jpg,324,320,164,262,640,640,train
627,790,D:\whitevision\data\raw\valid\Heavy_Equipment_5575_jpg.rf.67c8b9ceb8003d8f0dbe1d2d1663fd5e.jpg,roller,D:\whitevision\data\crops\roller\627_annot790_roller.jpg,32,0,556,484,640,640,train
628,791,D:\whitevision\data\raw\valid\Heavy_Equipment_1645_jpg.rf.66ed7dfd5b1c8b98e354d896831d444a.jpg,excavator,D:\whitevision\data\crops\excavator\628_annot791_excavator.jpg,0,97,640,454,640,640,train
629,792,D:\whitevision\data\raw\valid\M_D_concrete_mixer_truck_renault_kerax_450_dxi_2007_7164579_jpg.rf.67e764eb322fba6ce61dfb7d782afd7d.jpg,mixer_truck,D:\whitevision\data\crops\mixer_truck\629_annot792_mixer_truck.jpg,47,27,542,585,640,640,validation
630,793,D:\whitevision\data\raw\valid\Heavy_Equipment_4233_jpg.rf.68a49db110515b894fad7d502caeb325.jpg,dump_truck,D:\whitevision\data\crops\dump_truck\630_annot793_dump_truck.jpg,391,265,128,203,640,640,train
630,794,D:\whitevision\data\raw\valid\Heavy_Equipment_4233_jpg.rf.68a49db110515b894fad7d502caeb325.jpg,loader,D:\whitevision\data\crops\loader\630_annot794_loader.jpg,202,247,229,200,640,640,train
631,795,D:\whitevision\data\raw\valid\Heavy_Equipment_6190_jpg.rf.6874eb88c7fcd64206f3d0076485638b.jpg,roller,D:\whitevision\data\crops\roller\631_annot795_roller.jpg,0,0,640,508,640,640,train
632,796,D:\whitevision\data\raw\valid\Heavy_Equipment_72_jpg.rf.69afc012175bf80985f519b83964d69a.jpg,bulldozer,D:\whitevision\data\crops\bulldozer\632_annot796_bulldozer.jpg,0,86,640,498,640,640,test
633,797,D:\whitevision\data\raw\valid\M_B_Mercedes-Benz_Axor_cement_mixer_truck_jpg.rf.68ae482b720888efc0043b3001a5e6d7.jpg,mixer_truck,D:\whitevision\data\crops\mixer_truck\633_annot797_mixer_truck.jpg,30,169,465,471,640,640,train
634,798,D:\whitevision\data\raw\valid\Heavy_Equipment_2599_jpg.rf.698ad4f1866ebc30b0be3fb24c70220e.jpg,excavator,D:\whitevision\data\crops\excavator\634_annot798_excavator.jpg,166,98,270,333,640,640,train
635,799,D:\whitevision\data\raw\valid\Heavy_Equipment_1454_jpg.rf.6841c890f6da8c96cc04de8d106b4a76.jpg,mobile_crane,D:\whitevision\data\crops\mobile_crane\635_annot799_mobile_crane.jpg,117,107,369,325,640,640,validation
636,800,D:\whitevision\data\raw\valid\Heavy_Equipment_5140_jpg.rf.6a1ce6216fa93be276a8213d34178e70.jpg,bulldozer,D:\whitevision\data\crops\bulldozer\636_annot800_bulldozer.jpg,0,14,640,601,640,640,train
637,801,D:\whitevision\data\raw\valid\Heavy_Equipment_4337_jpg.rf.6a1cb09fda888a042f3404aceb4adcdb.jpg,grader,D:\whitevision\data\crops\grader\637_annot801_grader.jpg,40,55,600,555,640,640,train
638,802,D:\whitevision\data\raw\valid\Heavy_Equipment_3710_jpg.rf.68b4f0d8bf718356e9a442719bc42121.jpg,grader,D:\whitevision\data\crops\grader\638_annot802_grader.jpg,42,122,543,455,640,640,test
639,803,D:\whitevision\data\raw\valid\M_B_images8_jpg.rf.69dc5cff27f832102a24dc0a78a54c7b.jpg,mixer_truck,D:\whitevision\data\crops\mixer_truck\639_annot803_mixer_truck.jpg,15,9,596,614,640,640,validation
640,804,D:\whitevision\data\raw\valid\Heavy_Equipment_4927_jpg.rf.6afb22d1cb2c3e61a2fb318c05fc4dd6.jpg,bulldozer,D:\whitevision\data\crops\bulldozer\640_annot804_bulldozer.jpg,26,21,603,591,640,640,train
641,805,D:\whitevision\data\raw\valid\Heavy_Equipment_4801_jpg.rf.6b1f36bc0462bbbbc7f23ed01933f5c7.jpg,bulldozer,D:\whitevision\data\crops\bulldozer\641_annot805_bulldozer.jpg,61,90,555,535,640,640,train
642,806,D:\whitevision\data\raw\valid\Heavy_Equipment_609_jpg.rf.690f1e232f82db98db72e9c05448f518.jpg,excavator,D:\whitevision\data\crops\excavator\642_annot806_excavator.jpg,235,147,244,278,640,640,train
642,807,D:\whitevision\data\raw\valid\Heavy_Equipment_609_jpg.rf.690f1e232f82db98db72e9c05448f518.jpg,dump_truck,D:\whitevision\data\crops\dump_truck\642_annot807_dump_truck.jpg,140,449,170,191,640,640,train
643,808,D:\whitevision\data\raw\valid\Heavy_Equipment_1192_jpg.rf.6906204559577604e599e185e87dc7e1.jpg,excavator,D:\whitevision\data\crops\excavator\643_annot808_excavator.jpg,121,0,465,546,640,640,train
644,809,D:\whitevision\data\raw\valid\Heavy_Equipment_4603_jpg.rf.6bd7d0e544ef6aadf2db98c45e3c22f4.jpg,bulldozer,D:\whitevision\data\crops\bulldozer\644_annot809_bulldozer.jpg,56,31,498,586,640,640,train
645,810,D:\whitevision\data\raw\valid\Heavy_Equipment_2804_jpg.rf.6a2480aabe7a3de17bd82077d13222be.jpg,roller,D:\whitevision\data\crops\roller\645_annot810_roller.jpg,115,120,229,289,640,640,train
645,811,D:\whitevision\data\raw\valid\Heavy_Equipment_2804_jpg.rf.6a2480aabe7a3de17bd82077d13222be.jpg,excavator,D:\whitevision\data\crops\excavator\645_annot811_excavator.jpg,276,189,118,100,640,640,train
646,812,D:\whitevision\data\raw\valid\Heavy_Equipment_3953_jpg.rf.685cb3dd13674fc46ebe10a2755a05a2.jpg,grader,D:\whitevision\data\crops\grader\646_annot812_grader.jpg,0,59,640,572,640,640,validation
647,813,D:\whitevision\data\raw\valid\Heavy_Equipment_369_jpg.rf.696ee938e291fcb09c2cea1993c98f54.jpg,excavator,D:\whitevision\data\crops\excavator\647_annot813_excavator.jpg,31,79,508,437,640,640,train
648,814,D:\whitevision\data\raw\valid\Heavy_Equipment_774_jpg.rf.67b71e7ee7920d7395a4b12583057e2f.jpg,dump_truck,D:\whitevision\data\crops\dump_truck\648_annot814_dump_truck.jpg,228,215,225,250,640,640,train
649,815,D:\whitevision\data\raw\valid\Heavy_Equipment_1751_jpg.rf.6bc4609179515bdd0d07fb32e9fdd44c.jpg,mobile_crane,D:\whitevision\data\crops\mobile_crane\649_annot815_mobile_crane.jpg,242,184,228,248,640,640,train
650,816,D:\whitevision\data\raw\valid\M_S_truck-SCANIA-G-490-LA-Euro-6-1634020256498831815_big-21101209243564466800_jpg.rf.6c1df95a562505d9815c3b14707d611c.jpg,mixer_truck,D:\whitevision\data\crops\mixer_truck\650_annot816_mixer_truck.jpg,16,106,569,460,640,640,train
651,817,D:\whitevision\data\raw\valid\Heavy_Equipment_1735_jpg.rf.6a30142989bb81dabafda79eb549bed2.jpg,dump_truck,D:\whitevision\data\crops\dump_truck\651_annot817_dump_truck.jpg,0,0,542,640,640,640,train
652,818,D:\whitevision\data\raw\valid\Heavy_Equipment_3566_jpg.rf.6b31f09ff616cb499a420c24f2689e85.jpg,excavator,D:\whitevision\data\crops\excavator\652_annot818_excavator.jpg,81,230,443,139,640,640,validation
653,819,D:\whitevision\data\raw\valid\Heavy_Equipment_3140_jpg.rf.6c6ebf5bf2e66c8509feb88cc96a7aeb.jpg,bulldozer,D:\whitevision\data\crops\bulldozer\653_annot819_bulldozer.jpg,91,34,523,540,640,640,validation
654,820,D:\whitevision\data\raw\valid\Heavy_Equipment_4847_jpg.rf.6c19c0dd7bea5149a05d103640b073de.jpg,bulldozer,D:\whitevision\data\crops\bulldozer\654_annot820_bulldozer.jpg,0,0,640,640,640,640,train
655,821,D:\whitevision\data\raw\valid\Heavy_Equipment_3752_jpg.rf.6c6e136358ecb8101fd5bed4d5ac36d7.jpg,grader,D:\whitevision\data\crops\grader\655_annot821_grader.jpg,0,58,591,566,640,640,train
656,822,D:\whitevision\data\raw\valid\Heavy_Equipment_6139_jpg.rf.6c3302dfcbc4a855128d5fe3dd01da7a.jpg,roller,D:\whitevision\data\crops\roller\656_annot822_roller.jpg,231,101,184,248,640,640,train
657,823,D:\whitevision\data\raw\valid\Heavy_Equipment_11_jpg.rf.6c22403ade7a98f06920aad408a0fd60.jpg,grader,D:\whitevision\data\crops\grader\657_annot823_grader.jpg,26,0,614,544,640,640,train
658,824,D:\whitevision\data\raw\valid\Heavy_Equipment_130_jpg.rf.6bf8dfe45b32cb43c1ce481a6efdad55.jpg,excavator,D:\whitevision\data\crops\excavator\658_annot824_excavator.jpg,427,209,83,71,640,640,train
658,825,D:\whitevision\data\raw\valid\Heavy_Equipment_130_jpg.rf.6bf8dfe45b32cb43c1ce481a6efdad55.jpg,grader,D:\whitevision\data\crops\grader\658_annot825_grader.jpg,159,189,217,250,640,640,train
659,826,D:\whitevision\data\raw\valid\Heavy_Equipment_4841_jpg.rf.6c7fbed0ffc0f8c93e851bfea081f6d0.jpg,grader,D:\whitevision\data\crops\grader\659_annot826_grader.jpg,0,0,640,587,640,640,train
660,827,D:\whitevision\data\raw\valid\Heavy_Equipment_2914_jpg.rf.6c8950c338fef0b06b75e9bebc461bc8.jpg,excavator,D:\whitevision\data\crops\excavator\660_annot827_excavator.jpg,304,50,178,501,640,640,train
660,828,D:\whitevision\data\raw\valid\Heavy_Equipment_2914_jpg.rf.6c8950c338fef0b06b75e9bebc461bc8.jpg,dump_truck,D:\whitevision\data\crops\dump_truck\660_annot828_dump_truck.jpg,455,229,185,237,640,640,train
660,829,D:\whitevision\data\raw\valid\Heavy_Equipment_2914_jpg.rf.6c8950c338fef0b06b75e9bebc461bc8.jpg,dump_truck,D:\whitevision\data\crops\dump_truck\660_annot829_dump_truck.jpg,600,161,38,42,640,640,train
660,830,D:\whitevision\data\raw\valid\Heavy_Equipment_2914_jpg.rf.6c8950c338fef0b06b75e9bebc461bc8.jpg,dump_truck,D:\whitevision\data\crops\dump_truck\660_annot830_dump_truck.jpg,35,264,215,270,640,640,train
660,831,D:\whitevision\data\raw\valid\Heavy_Equipment_2914_jpg.rf.6c8950c338fef0b06b75e9bebc461bc8.jpg,dump_truck,D:\whitevision\data\crops\dump_truck\660_annot831_dump_truck.jpg,245,218,52,63,640,640,train
660,832,D:\whitevision\data\raw\valid\Heavy_Equipment_2914_jpg.rf.6c8950c338fef0b06b75e9bebc461bc8.jpg,dump_truck,D:\whitevision\data\crops\dump_truck\660_annot832_dump_truck.jpg,189,227,46,41,640,640,train
660,833,D:\whitevision\data\raw\valid\Heavy_Equipment_2914_jpg.rf.6c8950c338fef0b06b75e9bebc461bc8.jpg,dump_truck,D:\whitevision\data\crops\dump_truck\660_annot833_dump_truck.jpg,140,230,36,42,640,640,train
661,834,D:\whitevision\data\raw\valid\Heavy_Equipment_455_jpg.rf.6ca82c3b583307be85c9eb86c8e78443.jpg,dump_truck,D:\whitevision\data\crops\dump_truck\661_annot834_dump_truck.jpg,248,357,226,201,640,640,train
661,835,D:\whitevision\data\raw\valid\Heavy_Equipment_455_jpg.rf.6ca82c3b583307be85c9eb86c8e78443.jpg,dump_truck,D:\whitevision\data\crops\dump_truck\661_annot835_dump_truck.jpg,378,354,251,196,640,640,train
661,836,D:\whitevision\data\raw\valid\Heavy_Equipment_455_jpg.rf.6ca82c3b583307be85c9eb86c8e78443.jpg,loader,D:\whitevision\data\crops\loader\661_annot836_loader.jpg,28,259,355,284,640,640,train
663,837,D:\whitevision\data\raw\valid\Heavy_Equipment_653_jpg.rf.6c954876281f3ddb7d36a6f0a79f4f0a.jpg,loader,D:\whitevision\data\crops\loader\663_annot837_loader.jpg,130,119,45,83,640,640,test
663,838,D:\whitevision\data\raw\valid\Heavy_Equipment_653_jpg.rf.6c954876281f3ddb7d36a6f0a79f4f0a.jpg,dump_truck,D:\whitevision\data\crops\dump_truck\663_annot838_dump_truck.jpg,0,137,48,74,640,640,test
663,839,D:\whitevision\data\raw\valid\Heavy_Equipment_653_jpg.rf.6c954876281f3ddb7d36a6f0a79f4f0a.jpg,dump_truck,D:\whitevision\data\crops\dump_truck\663_annot839_dump_truck.jpg,316,186,126,181,640,640,test
663,840,D:\whitevision\data\raw\valid\Heavy_Equipment_653_jpg.rf.6c954876281f3ddb7d36a6f0a79f4f0a.jpg,excavator,D:\whitevision\data\crops\excavator\663_annot840_excavator.jpg,49,9,463,631,640,640,test
664,841,D:\whitevision\data\raw\valid\Heavy_Equipment_917_jpg.rf.6d5d6b467cd425ea7543c65135eb053b.jpg,grader,D:\whitevision\data\crops\grader\664_annot841_grader.jpg,23,0,617,582,640,640,train
665,842,D:\whitevision\data\raw\valid\Heavy_Equipment_5348_jpg.rf.6d4d51e81e202253263a2227cc953c1e.jpg,roller,D:\whitevision\data\crops\roller\665_annot842_roller.jpg,141,97,325,306,640,640,train
666,843,D:\whitevision\data\raw\valid\Heavy_Equipment_3796_jpg.rf.6cbd6c31aa2a0e975a01f6a2fdb9a82a.jpg,grader,D:\whitevision\data\crops\grader\666_annot843_grader.jpg,0,4,640,636,640,640,train
667,844,D:\whitevision\data\raw\valid\Heavy_Equipment_3583_jpg.rf.6e6a5d664a42e733b2626f046c42dba4.jpg,dump_truck,D:\whitevision\data\crops\dump_truck\667_annot844_dump_truck.jpg,146,195,494,317,640,640,test
668,845,D:\whitevision\data\raw\valid\M_D_Daewoo_Novus_SE_Mixer_Truck_2012_1000_0001_jpg.rf.6d9a6aa9552ded64dfc13906e6135cf0.jpg,mixer_truck,D:\whitevision\data\crops\mixer_truck\668_annot845_mixer_truck.jpg,48,120,592,397,640,640,train
669,846,D:\whitevision\data\raw\valid\Heavy_Equipment_4466_jpg.rf.6e8596c13627a85c549d044180162b42.jpg,grader,D:\whitevision\data\crops\grader\669_annot846_grader.jpg,0,86,640,378,640,640,train
670,847,D:\whitevision\data\raw\valid\Heavy_Equipment_1186_jpg.rf.6eb43e53e86e19c8bbf09bd8d64a5476.jpg,excavator,D:\whitevision\data\crops\excavator\670_annot847_excavator.jpg,118,91,435,343,640,640,train
671,848,D:\whitevision\data\raw\valid\Heavy_Equipment_1978_jpg.rf.6f364b6d99400b801ed79a011ef5c98f.jpg,loader,D:\whitevision\data\crops\loader\671_annot848_loader.jpg,159,153,327,358,640,640,train
671,849,D:\whitevision\data\raw\valid\Heavy_Equipment_1978_jpg.rf.6f364b6d99400b801ed79a011ef5c98f.jpg,excavator,D:\whitevision\data\crops\excavator\671_annot849_excavator.jpg,358,0,141,139,640,640,train
672,850,D:\whitevision\data\raw\valid\Heavy_Equipment_1846_jpg.rf.6de3da11ae22e295de53afd712b6d92f.jpg,loader,D:\whitevision\data\crops\loader\672_annot850_loader.jpg,228,111,218,335,640,640,train
673,851,D:\whitevision\data\raw\valid\Heavy_Equipment_1545_jpg.rf.6cae4363f9c3a4b3e1b027c4c0accce9.jpg,excavator,D:\whitevision\data\crops\excavator\673_annot851_excavator.jpg,63,51,409,536,640,640,test
673,852,D:\whitevision\data\raw\valid\Heavy_Equipment_1545_jpg.rf.6cae4363f9c3a4b3e1b027c4c0accce9.jpg,dump_truck,D:\whitevision\data\crops\dump_truck\673_annot852_dump_truck.jpg,539,294,101,248,640,640,test
674,853,D:\whitevision\data\raw\valid\M_M_concrete_mixer_truck_man_tga_41_man_tga_41_dot_460_2003_7140679_jpg.rf.6d9b7cbdff1508046c115c6cf37dd575.jpg,mixer_truck,D:\whitevision\data\crops\mixer_truck\674_annot853_mixer_truck.jpg,0,63,640,552,640,640,test
675,854,D:\whitevision\data\raw\valid\M_H_image18_jpeg.rf.6fa2bbb9c61fac09627ed600c715ea3f.jpg,mixer_truck,D:\whitevision\data\crops\mixer_truck\675_annot854_mixer_truck.jpg,13,270,308,329,640,640,train
675,855,D:\whitevision\data\raw\valid\M_H_image18_jpeg.rf.6fa2bbb9c61fac09627ed600c715ea3f.jpg,mixer_truck,D:\whitevision\data\crops\mixer_truck\675_annot855_mixer_truck.jpg,244,206,396,386,640,640,train
676,856,D:\whitevision\data\raw\valid\Heavy_Equipment_4896_jpg.rf.6e1faa9797717ad58428fbeadc7dc9f0.jpg,bulldozer,D:\whitevision\data\crops\bulldozer\676_annot856_bulldozer.jpg,60,92,496,482,640,640,train
677,857,D:\whitevision\data\raw\valid\Heavy_Equipment_4331_jpg.rf.6fa0b92163aacc55bc7af28bca937401.jpg,grader,D:\whitevision\data\crops\grader\677_annot857_grader.jpg,125,114,423,441,640,640,train
678,858,D:\whitevision\data\raw\valid\Heavy_Equipment_3272_jpg.rf.6fd99a18a0cdaab62e11c5d87e8bd16c.jpg,bulldozer,D:\whitevision\data\crops\bulldozer\678_annot858_bulldozer.jpg,15,3,623,608,640,640,train
679,859,D:\whitevision\data\raw\valid\Heavy_Equipment_2337_jpg.rf.6ee2da95b07990d6269ceceac4a8ce86.jpg,excavator,D:\whitevision\data\crops\excavator\679_annot859_excavator.jpg,0,0,625,640,640,640,train
679,860,D:\whitevision\data\raw\valid\Heavy_Equipment_2337_jpg.rf.6ee2da95b07990d6269ceceac4a8ce86.jpg,dump_truck,D:\whitevision\data\crops\dump_truck\679_annot860_dump_truck.jpg,578,126,60,91,640,640,train
679,861,D:\whitevision\data\raw\valid\Heavy_Equipment_2337_jpg.rf.6ee2da95b07990d6269ceceac4a8ce86.jpg,dump_truck,D:\whitevision\data\crops\dump_truck\679_annot861_dump_truck.jpg,482,93,83,63,640,640,train
679,862,D:\whitevision\data\raw\valid\Heavy_Equipment_2337_jpg.rf.6ee2da95b07990d6269ceceac4a8ce86.jpg,dump_truck,D:\whitevision\data\crops\dump_truck\679_annot862_dump_truck.jpg,276,145,107,91,640,640,train
679,863,D:\whitevision\data\raw\valid\Heavy_Equipment_2337_jpg.rf.6ee2da95b07990d6269ceceac4a8ce86.jpg,dump_truck,D:\whitevision\data\crops\dump_truck\679_annot863_dump_truck.jpg,407,98,82,69,640,640,train
679,864,D:\whitevision\data\raw\valid\Heavy_Equipment_2337_jpg.rf.6ee2da95b07990d6269ceceac4a8ce86.jpg,dump_truck,D:\whitevision\data\crops\dump_truck\679_annot864_dump_truck.jpg,83,164,159,85,640,640,train
681,865,D:\whitevision\data\raw\valid\M_H_23_jpg.rf.6d8555d6f908ecec7ddfb13d87744cca.jpg,mixer_truck,D:\whitevision\data\crops\mixer_truck\681_annot865_mixer_truck.jpg,41,0,589,640,640,640,train
682,866,D:\whitevision\data\raw\valid\Heavy_Equipment_4957_jpg.rf.71a8a34a2f69b6a824e1eae38fb76034.jpg,bulldozer,D:\whitevision\data\crops\bulldozer\682_annot866_bulldozer.jpg,0,0,538,618,640,640,train
683,867,D:\whitevision\data\raw\valid\Heavy_Equipment_2157_jpg.rf.6fabe1b81b671bd51c18b768e8731f9f.jpg,mobile_crane,D:\whitevision\data\crops\mobile_crane\683_annot867_mobile_crane.jpg,50,0,325,639,640,640,train
684,868,D:\whitevision\data\raw\valid\Heavy_Equipment_4946_jpg.rf.701b53a2f2ccf3f3ca8c1290cbff69d9.jpg,bulldozer,D:\whitevision\data\crops\bulldozer\684_annot868_bulldozer.jpg,0,13,640,627,640,640,train
685,869,D:\whitevision\data\raw\valid\Heavy_Equipment_4487_jpg.rf.702ae7a3d8c710ec799c830de1592196.jpg,bulldozer,D:\whitevision\data\crops\bulldozer\685_annot869_bulldozer.jpg,0,1,640,639,640,640,train
686,870,D:\whitevision\data\raw\valid\Heavy_Equipment_5849_jpg.rf.71b67c3b83c0376586c7535437c02a4b.jpg,roller,D:\whitevision\data\crops\roller\686_annot870_roller.jpg,173,102,251,310,640,640,test
687,871,D:\whitevision\data\raw\valid\Heavy_Equipment_5842_jpg.rf.6deb47f0a84344ad2ece3752254dc242.jpg,roller,D:\whitevision\data\crops\roller\687_annot871_roller.jpg,198,96,205,392,640,640,train
688,872,D:\whitevision\data\raw\valid\Heavy_Equipment_1445_jpg.rf.716b544082d9ea4244ad4ce16b3d0892.jpg,mobile_crane,D:\whitevision\data\crops\mobile_crane\688_annot872_mobile_crane.jpg,0,0,640,636,640,640,validation
689,873,D:\whitevision\data\raw\valid\Heavy_Equipment_4692_jpg.rf.71d01ec70d4f04e188b32940f4c18468.jpg,bulldozer,D:\whitevision\data\crops\bulldozer\689_annot873_bulldozer.jpg,0,11,640,624,640,640,validation
690,874,D:\whitevision\data\raw\valid\Heavy_Equipment_5149_jpg.rf.714cba4726c9543e0f583aacfe739e74.jpg,bulldozer,D:\whitevision\data\crops\bulldozer\690_annot874_bulldozer.jpg,48,125,577,447,640,640,train
691,875,D:\whitevision\data\raw\valid\Heavy_Equipment_659_jpg.rf.7072d71137d26f72d532ce326c9a66eb.jpg,excavator,D:\whitevision\data\crops\excavator\691_annot875_excavator.jpg,81,35,559,442,640,640,train
691,876,D:\whitevision\data\raw\valid\Heavy_Equipment_659_jpg.rf.7072d71137d26f72d532ce326c9a66eb.jpg,dump_truck,D:\whitevision\data\crops\dump_truck\691_annot876_dump_truck.jpg,133,368,507,272,640,640,train
692,877,D:\whitevision\data\raw\valid\Heavy_Equipment_1593_jpg.rf.70da7b6b8356d99ac29336c4eee55e4d.jpg,mobile_crane,D:\whitevision\data\crops\mobile_crane\692_annot877_mobile_crane.jpg,117,0,434,541,640,640,train
694,878,D:\whitevision\data\raw\valid\M_D_mixer_lineup_img012_jpg.rf.72902da584e2b5f91fc7ce68c020a2d0.jpg,mixer_truck,D:\whitevision\data\crops\mixer_truck\694_annot878_mixer_truck.jpg,0,0,640,640,640,640,validation
695,879,D:\whitevision\data\raw\valid\Heavy_Equipment_5808_jpg.rf.71bca3a317603b1a32062ac76129e125.jpg,roller,D:\whitevision\data\crops\roller\695_annot879_roller.jpg,207,102,190,301,640,640,train
696,880,D:\whitevision\data\raw\valid\Heavy_Equipment_938_jpg.rf.723ea9fb8f0e9ce9cd0df60ccef371c2.jpg,grader,D:\whitevision\data\crops\grader\696_annot880_grader.jpg,0,30,616,553,640,640,train
698,881,D:\whitevision\data\raw\valid\Heavy_Equipment_510_jpg.rf.72621e92e659554f2e5ac571ac826ad5.jpg,mobile_crane,D:\whitevision\data\crops\mobile_crane\698_annot881_mobile_crane.jpg,248,90,223,531,640,640,train
699,882,D:\whitevision\data\raw\valid\Heavy_Equipment_1850_jpg.rf.72ac180c7316f2ff0f094e78c902566a.jpg,mobile_crane,D:\whitevision\data\crops\mobile_crane\699_annot882_mobile_crane.jpg,0,0,618,498,640,640,train
700,883,D:\whitevision\data\raw\valid\Heavy_Equipment_1737_jpg.rf.725513561ae4016eb6667638b4acf6fa.jpg,excavator,D:\whitevision\data\crops\excavator\700_annot883_excavator.jpg,72,0,482,527,640,640,train
700,884,D:\whitevision\data\raw\valid\Heavy_Equipment_1737_jpg.rf.725513561ae4016eb6667638b4acf6fa.jpg,dump_truck,D:\whitevision\data\crops\dump_truck\700_annot884_dump_truck.jpg,77,446,563,194,640,640,train
701,885,D:\whitevision\data\raw\valid\Heavy_Equipment_5125_jpg.rf.729156dc36d5ab83d0ec68ff127baee0.jpg,grader,D:\whitevision\data\crops\grader\701_annot885_grader.jpg,0,2,640,638,640,640,train
702,886,D:\whitevision\data\raw\valid\Heavy_Equipment_3726_jpg.rf.71e2ca9bbee6dfc6b91d0c5fa0ebb1de.jpg,grader,D:\whitevision\data\crops\grader\702_annot886_grader.jpg,5,155,635,449,640,640,train
703,887,D:\whitevision\data\raw\valid\Heavy_Equipment_334_jpg.rf.73775c07d35272939de3919990e98636.jpg,mobile_crane,D:\whitevision\data\crops\mobile_crane\703_annot887_mobile_crane.jpg,311,0,149,475,640,640,train
703,888,D:\whitevision\data\raw\valid\Heavy_Equipment_334_jpg.rf.73775c07d35272939de3919990e98636.jpg,mobile_crane,D:\whitevision\data\crops\mobile_crane\703_annot888_mobile_crane.jpg,198,133,156,305,640,640,train
704,889,D:\whitevision\data\raw\valid\Heavy_Equipment_2179_jpg.rf.72beb4677a70a33a80feaf3035a51519.jpg,loader,D:\whitevision\data\crops\loader\704_annot889_loader.jpg,3,22,465,415,640,640,train
704,890,D:\whitevision\data\raw\valid\Heavy_Equipment_2179_jpg.rf.72beb4677a70a33a80feaf3035a51519.jpg,dump_truck,D:\whitevision\data\crops\dump_truck\704_annot890_dump_truck.jpg,228,157,412,431,640,640,train
705,891,D:\whitevision\data\raw\valid\Heavy_Equipment_3053_jpg.rf.74090481182baae12469ff1060294a38.jpg,grader,D:\whitevision\data\crops\grader\705_annot891_grader.jpg,8,69,618,529,640,640,test
706,892,D:\whitevision\data\raw\valid\Heavy_Equipment_1962_jpg.rf.73ad3f2135cba226a7e6a6921829a635.jpg,dump_truck,D:\whitevision\data\crops\dump_truck\706_annot892_dump_truck.jpg,494,285,146,355,640,640,train
706,893,D:\whitevision\data\raw\valid\Heavy_Equipment_1962_jpg.rf.73ad3f2135cba226a7e6a6921829a635.jpg,dump_truck,D:\whitevision\data\crops\dump_truck\706_annot893_dump_truck.jpg,323,279,193,247,640,640,train
706,894,D:\whitevision\data\raw\valid\Heavy_Equipment_1962_jpg.rf.73ad3f2135cba226a7e6a6921829a635.jpg,loader,D:\whitevision\data\crops\loader\706_annot894_loader.jpg,63,163,411,477,640,640,train
707,895,D:\whitevision\data\raw\valid\Heavy_Equipment_567_jpg.rf.72a7fbfb165038209b06ec3583692826.jpg,excavator,D:\whitevision\data\crops\excavator\707_annot895_excavator.jpg,257,312,104,140,640,640,validation
707,896,D:\whitevision\data\raw\valid\Heavy_Equipment_567_jpg.rf.72a7fbfb165038209b06ec3583692826.jpg,dump_truck,D:\whitevision\data\crops\dump_truck\707_annot896_dump_truck.jpg,364,398,49,90,640,640,validation
707,897,D:\whitevision\data\raw\valid\Heavy_Equipment_567_jpg.rf.72a7fbfb165038209b06ec3583692826.jpg,dump_truck,D:\whitevision\data\crops\dump_truck\707_annot897_dump_truck.jpg,167,408,63,90,640,640,validation
707,898,D:\whitevision\data\raw\valid\Heavy_Equipment_567_jpg.rf.72a7fbfb165038209b06ec3583692826.jpg,dump_truck,D:\whitevision\data\crops\dump_truck\707_annot898_dump_truck.jpg,104,399,57,61,640,640,validation
707,899,D:\whitevision\data\raw\valid\Heavy_Equipment_567_jpg.rf.72a7fbfb165038209b06ec3583692826.jpg,excavator,D:\whitevision\data\crops\excavator\707_annot899_excavator.jpg,50,283,69,157,640,640,validation
707,900,D:\whitevision\data\raw\valid\Heavy_Equipment_567_jpg.rf.72a7fbfb165038209b06ec3583692826.jpg,dump_truck,D:\whitevision\data\crops\dump_truck\707_annot900_dump_truck.jpg,14,451,245,189,640,640,validation
707,901,D:\whitevision\data\raw\valid\Heavy_Equipment_567_jpg.rf.72a7fbfb165038209b06ec3583692826.jpg,dump_truck,D:\whitevision\data\crops\dump_truck\707_annot901_dump_truck.jpg,452,421,185,173,640,640,validation
707,902,D:\whitevision\data\raw\valid\Heavy_Equipment_567_jpg.rf.72a7fbfb165038209b06ec3583692826.jpg,excavator,D:\whitevision\data\crops\excavator\707_annot902_excavator.jpg,450,295,171,135,640,640,validation
708,903,D:\whitevision\data\raw\valid\Heavy_Equipment_5635_jpg.rf.720d56ae99a929541332d3d81119ec13.jpg,roller,D:\whitevision\data\crops\roller\708_annot903_roller.jpg,193,106,292,336,640,640,train
709,904,D:\whitevision\data\raw\valid\Heavy_Equipment_3755_jpg.rf.73d31f91da7cb584e8aea6e12c15178d.jpg,grader,D:\whitevision\data\crops\grader\709_annot904_grader.jpg,25,148,615,340,640,640,train
710,905,D:\whitevision\data\raw\valid\Heavy_Equipment_3684_jpg.rf.721752ab460859d87cdc138b71eed14f.jpg,grader,D:\whitevision\data\crops\grader\710_annot905_grader.jpg,0,21,635,554,640,640,train
711,906,D:\whitevision\data\raw\valid\Heavy_Equipment_973_jpg.rf.73696ad17cf678105b17dbcb9b1942fe.jpg,excavator,D:\whitevision\data\crops\excavator\711_annot906_excavator.jpg,51,82,588,537,640,640,train
711,907,D:\whitevision\data\raw\valid\Heavy_Equipment_973_jpg.rf.73696ad17cf678105b17dbcb9b1942fe.jpg,excavator,D:\whitevision\data\crops\excavator\711_annot907_excavator.jpg,0,335,66,138,640,640,train
712,908,D:\whitevision\data\raw\valid\M_S_images9_jpg.rf.7466ce5d1b6a7324fec126a1fce6d734.jpg,mixer_truck,D:\whitevision\data\crops\mixer_truck\712_annot908_mixer_truck.jpg,55,162,324,428,640,640,test
712,909,D:\whitevision\data\raw\valid\M_S_images9_jpg.rf.7466ce5d1b6a7324fec126a1fce6d734.jpg,mixer_truck,D:\whitevision\data\crops\mixer_truck\712_annot909_mixer_truck.jpg,325,237,166,318,640,640,test
712,910,D:\whitevision\data\raw\valid\M_S_images9_jpg.rf.7466ce5d1b6a7324fec126a1fce6d734.jpg,mixer_truck,D:\whitevision\data\crops\mixer_truck\712_annot910_mixer_truck.jpg,455,281,90,240,640,640,test
712,911,D:\whitevision\data\raw\valid\M_S_images9_jpg.rf.7466ce5d1b6a7324fec126a1fce6d734.jpg,mixer_truck,D:\whitevision\data\crops\mixer_truck\712_annot911_mixer_truck.jpg,517,308,73,193,640,640,test
712,912,D:\whitevision\data\raw\valid\M_S_images9_jpg.rf.7466ce5d1b6a7324fec126a1fce6d734.jpg,mixer_truck,D:\whitevision\data\crops\mixer_truck\712_annot912_mixer_truck.jpg,571,327,50,161,640,640,test
713,913,D:\whitevision\data\raw\valid\Heavy_Equipment_1237_jpg.rf.75e005ab1702a2af74538c6579cc652b.jpg,excavator,D:\whitevision\data\crops\excavator\713_annot913_excavator.jpg,269,148,184,239,640,640,train
713,914,D:\whitevision\data\raw\valid\Heavy_Equipment_1237_jpg.rf.75e005ab1702a2af74538c6579cc652b.jpg,dump_truck,D:\whitevision\data\crops\dump_truck\713_annot914_dump_truck.jpg,0,218,166,137,640,640,train
715,915,D:\whitevision\data\raw\valid\Heavy_Equipment_2518_jpg.rf.74faeebe4e60731c80885c82bf9be554.jpg,excavator,D:\whitevision\data\crops\excavator\715_annot915_excavator.jpg,277,127,204,379,640,640,test
715,916,D:\whitevision\data\raw\valid\Heavy_Equipment_2518_jpg.rf.74faeebe4e60731c80885c82bf9be554.jpg,dump_truck,D:\whitevision\data\crops\dump_truck\715_annot916_dump_truck.jpg,237,331,115,93,640,640,test
715,917,D:\whitevision\data\raw\valid\Heavy_Equipment_2518_jpg.rf.74faeebe4e60731c80885c82bf9be554.jpg,dump_truck,D:\whitevision\data\crops\dump_truck\715_annot917_dump_truck.jpg,511,320,129,174,640,640,test
716,918,D:\whitevision\data\raw\valid\Heavy_Equipment_1860_jpg.rf.743d93044fd772154424b12c362448c7.jpg,mobile_crane,D:\whitevision\data\crops\mobile_crane\716_annot918_mobile_crane.jpg,47,0,316,640,640,640,train
717,919,D:\whitevision\data\raw\valid\Heavy_Equipment_4455_jpg.rf.73dd024c792f3de027fa4aeb1f3f780a.jpg,bulldozer,D:\whitevision\data\crops\bulldozer\717_annot919_bulldozer.jpg,0,0,640,552,640,640,train
718,920,D:\whitevision\data\raw\valid\Heavy_Equipment_30_jpg.rf.76c109976ec421768532a87f4186b866.jpg,grader,D:\whitevision\data\crops\grader\718_annot920_grader.jpg,0,28,640,535,640,640,test
720,921,D:\whitevision\data\raw\valid\Heavy_Equipment_1080_jpg.rf.740fa62e7c0a5faeb3762412f506a298.jpg,excavator,D:\whitevision\data\crops\excavator\720_annot921_excavator.jpg,137,244,174,339,640,640,validation
720,922,D:\whitevision\data\raw\valid\Heavy_Equipment_1080_jpg.rf.740fa62e7c0a5faeb3762412f506a298.jpg,dump_truck,D:\whitevision\data\crops\dump_truck\720_annot922_dump_truck.jpg,324,213,162,171,640,640,validation
721,923,D:\whitevision\data\raw\valid\Heavy_Equipment_2187_jpg.rf.779d9db876093e2a276c1e4259c34ae6.jpg,loader,D:\whitevision\data\crops\loader\721_annot923_loader.jpg,73,239,522,344,640,640,validation
722,924,D:\whitevision\data\raw\valid\Heavy_Equipment_5202_jpg.rf.73c9ee97a6c05e2d7746d20cfceb1b4b.jpg,bulldozer,D:\whitevision\data\crops\bulldozer\722_annot924_bulldozer.jpg,104,6,536,597,640,640,test
723,925,D:\whitevision\data\raw\valid\Heavy_Equipment_2122_jpg.rf.778d3a042d02fe0db12d519919cd27ea.jpg,loader,D:\whitevision\data\crops\loader\723_annot925_loader.jpg,132,109,307,390,640,640,train
723,926,D:\whitevision\data\raw\valid\Heavy_Equipment_2122_jpg.rf.778d3a042d02fe0db12d519919cd27ea.jpg,dump_truck,D:\whitevision\data\crops\dump_truck\723_annot926_dump_truck.jpg,0,47,200,485,640,640,train
724,927,D:\whitevision\data\raw\valid\Heavy_Equipment_2849_jpg.rf.74d1b4468711587a61e22abf0868c664.jpg,dump_truck,D:\whitevision\data\crops\dump_truck\724_annot927_dump_truck.jpg,428,23,212,190,640,640,test
724,928,D:\whitevision\data\raw\valid\Heavy_Equipment_2849_jpg.rf.74d1b4468711587a61e22abf0868c664.jpg,dump_truck,D:\whitevision\data\crops\dump_truck\724_annot928_dump_truck.jpg,505,125,135,404,640,640,test
724,929,D:\whitevision\data\raw\valid\Heavy_Equipment_2849_jpg.rf.74d1b4468711587a61e22abf0868c664.jpg,excavator,D:\whitevision\data\crops\excavator\724_annot929_excavator.jpg,72,43,413,542,640,640,test
725,930,D:\whitevision\data\raw\valid\Heavy_Equipment_4168_jpg.rf.740979debff86d71979dcc4248827e23.jpg,bulldozer,D:\whitevision\data\crops\bulldozer\725_annot930_bulldozer.jpg,12,40,628,542,640,640,train
726,931,D:\whitevision\data\raw\valid\Heavy_Equipment_5899_jpg.rf.7692d93f690a7ad6cb9468b4d982a494.jpg,roller,D:\whitevision\data\crops\roller\726_annot931_roller.jpg,186,137,242,202,640,640,test
728,932,D:\whitevision\data\raw\valid\Heavy_Equipment_2188_jpg.rf.7811d2e46b1a1110ae868180d7771134.jpg,mobile_crane,D:\whitevision\data\crops\mobile_crane\728_annot932_mobile_crane.jpg,72,46,490,541,640,640,train
729,933,D:\whitevision\data\raw\valid\Heavy_Equipment_6223_jpg.rf.7750422129cada1cf6cd1fbc2eee9379.jpg,bulldozer,D:\whitevision\data\crops\bulldozer\729_annot933_bulldozer.jpg,10,51,602,514,640,640,train
730,934,D:\whitevision\data\raw\valid\Heavy_Equipment_3294_jpg.rf.77a1a5d64089d63d0cc301e19399cb2b.jpg,bulldozer,D:\whitevision\data\crops\bulldozer\730_annot934_bulldozer.jpg,7,15,633,621,640,640,train
732,935,D:\whitevision\data\raw\valid\Heavy_Equipment_5249_jpg.rf.79a7d09fb704af09b36f16a00ac8d6c7.jpg,roller,D:\whitevision\data\crops\roller\732_annot935_roller.jpg,125,69,346,425,640,640,train
733,936,D:\whitevision\data\raw\valid\Heavy_Equipment_688_jpg.rf.7831886d55938ed31840a79bef2280d8.jpg,excavator,D:\whitevision\data\crops\excavator\733_annot936_excavator.jpg,66,95,413,478,640,640,train
734,937,D:\whitevision\data\raw\valid\Heavy_Equipment_2098_jpg.rf.77a73649c52ababbefddb3a65363c51f.jpg,mobile_crane,D:\whitevision\data\crops\mobile_crane\734_annot937_mobile_crane.jpg,200,0,350,517,640,640,train
736,938,D:\whitevision\data\raw\valid\Heavy_Equipment_2487_jpg.rf.783081965422fa0bbbc41e46564b1ccd.jpg,mobile_crane,D:\whitevision\data\crops\mobile_crane\736_annot938_mobile_crane.jpg,272,226,135,414,640,640,validation
738,939,D:\whitevision\data\raw\valid\Heavy_Equipment_1526_jpg.rf.79a87fea3e1c11c41f0ecbcfbaa87ade.jpg,mobile_crane,D:\whitevision\data\crops\mobile_crane\738_annot939_mobile_crane.jpg,0,0,442,640,640,640,train
739,940,D:\whitevision\data\raw\valid\Heavy_Equipment_2977_jpg.rf.79cb3289de2ede802ea85dc42aa00e89.jpg,bulldozer,D:\whitevision\data\crops\bulldozer\739_annot940_bulldozer.jpg,206,66,434,474,640,640,train
740,941,D:\whitevision\data\raw\valid\Heavy_Equipment_6138_jpg.rf.79bb773fe890cdb9b7ded3ba3c7e8110.jpg,roller,D:\whitevision\data\crops\roller\740_annot941_roller.jpg,206,34,210,406,640,640,train
741,942,D:\whitevision\data\raw\valid\Heavy_Equipment_5077_jpg.rf.7a0a905931c5f3d0973e1deaa2f79790.jpg,grader,D:\whitevision\data\crops\grader\741_annot942_grader.jpg,0,0,640,640,640,640,train
742,943,D:\whitevision\data\raw\valid\Heavy_Equipment_2070_jpg.rf.7a03c811d30c677359936ef1a8951fcc.jpg,excavator,D:\whitevision\data\crops\excavator\742_annot943_excavator.jpg,0,62,583,469,640,640,train
742,944,D:\whitevision\data\raw\valid\Heavy_Equipment_2070_jpg.rf.7a03c811d30c677359936ef1a8951fcc.jpg,dump_truck,D:\whitevision\data\crops\dump_truck\742_annot944_dump_truck.jpg,138,271,132,157,640,640,train
743,945,D:\whitevision\data\raw\valid\Heavy_Equipment_3104_jpg.rf.7af371f1821ea4896c32dba7a4b58298.jpg,grader,D:\whitevision\data\crops\grader\743_annot945_grader.jpg,3,115,614,388,640,640,train
744,946,D:\whitevision\data\raw\valid\Heavy_Equipment_335_jpg.rf.7a2b8c127cbf18ebbd9a2cbaf15ad4e3.jpg,excavator,D:\whitevision\data\crops\excavator\744_annot946_excavator.jpg,445,116,130,313,640,640,train
744,947,D:\whitevision\data\raw\valid\Heavy_Equipment_335_jpg.rf.7a2b8c127cbf18ebbd9a2cbaf15ad4e3.jpg,roller,D:\whitevision\data\crops\roller\744_annot947_roller.jpg,219,156,119,234,640,640,train
745,948,D:\whitevision\data\raw\valid\Heavy_Equipment_2340_jpg.rf.7ac9b85e8d66ae434ba3a6ff8c273b8e.jpg,excavator,D:\whitevision\data\crops\excavator\745_annot948_excavator.jpg,76,79,454,434,640,640,test
746,949,D:\whitevision\data\raw\valid\Heavy_Equipment_3767_jpg.rf.7cb4b33968b731be4453b17db31e463a.jpg,grader,D:\whitevision\data\crops\grader\746_annot949_grader.jpg,0,243,640,340,640,640,validation
748,950,D:\whitevision\data\raw\valid\Heavy_Equipment_5099_jpg.rf.7ca60f03fe59531e606b545fa8bf411f.jpg,bulldozer,D:\whitevision\data\crops\bulldozer\748_annot950_bulldozer.jpg,148,229,344,410,640,640,train
749,951,D:\whitevision\data\raw\valid\Heavy_Equipment_14_jpg.rf.7cfef52191e15002080cb0721be4ab84.jpg,grader,D:\whitevision\data\crops\grader\749_annot951_grader.jpg,17,170,591,404,640,640,train
750,952,D:\whitevision\data\raw\valid\Heavy_Equipment_1126_jpg.rf.7a2cca6988e297a3f4f8b2131c93f8ef.jpg,excavator,D:\whitevision\data\crops\excavator\750_annot952_excavator.jpg,218,139,338,336,640,640,train
750,953,D:\whitevision\data\raw\valid\Heavy_Equipment_1126_jpg.rf.7a2cca6988e297a3f4f8b2131c93f8ef.jpg,dump_truck,D:\whitevision\data\crops\dump_truck\750_annot953_dump_truck.jpg,153,169,93,130,640,640,train
750,954,D:\whitevision\data\raw\valid\Heavy_Equipment_1126_jpg.rf.7a2cca6988e297a3f4f8b2131c93f8ef.jpg,dump_truck,D:\whitevision\data\crops\dump_truck\750_annot954_dump_truck.jpg,93,210,93,283,640,640,train
751,955,D:\whitevision\data\raw\valid\Heavy_Equipment_1157_jpg.rf.7c12a43e2158119226ff6e2c78b83ef9.jpg,excavator,D:\whitevision\data\crops\excavator\751_annot955_excavator.jpg,49,188,435,432,640,640,train
752,956,D:\whitevision\data\raw\valid\Heavy_Equipment_4970_jpg.rf.7cd51e29f72a05bd1dbd1da14e361b14.jpg,bulldozer,D:\whitevision\data\crops\bulldozer\752_annot956_bulldozer.jpg,0,29,630,611,640,640,train
753,957,D:\whitevision\data\raw\valid\Heavy_Equipment_5269_jpg.rf.7afea0b38676e3986711f04e54a3a79c.jpg,roller,D:\whitevision\data\crops\roller\753_annot957_roller.jpg,243,123,205,296,640,640,test
754,958,D:\whitevision\data\raw\valid\Heavy_Equipment_1419_jpg.rf.7c8443e8e9d459f37adb6223c4994ba5.jpg,mobile_crane,D:\whitevision\data\crops\mobile_crane\754_annot958_mobile_crane.jpg,390,0,174,479,640,640,train
754,959,D:\whitevision\data\raw\valid\Heavy_Equipment_1419_jpg.rf.7c8443e8e9d459f37adb6223c4994ba5.jpg,mobile_crane,D:\whitevision\data\crops\mobile_crane\754_annot959_mobile_crane.jpg,70,35,130,605,640,640,train
755,960,D:\whitevision\data\raw\valid\Heavy_Equipment_5222_jpg.rf.7e00094f6f06c94db4e5ea4c39f2c6ea.jpg,roller,D:\whitevision\data\crops\roller\755_annot960_roller.jpg,167,88,273,266,640,640,train
756,961,D:\whitevision\data\raw\valid\Heavy_Equipment_3430_jpg.rf.7b90cc51e9ee6106816624d6e6e16d9a.jpg,bulldozer,D:\whitevision\data\crops\bulldozer\756_annot961_bulldozer.jpg,51,0,496,640,640,640,train
758,962,D:\whitevision\data\raw\valid\Heavy_Equipment_2497_jpg.rf.7d86aa694e2382a292679d73543a5bc7.jpg,excavator,D:\whitevision\data\crops\excavator\758_annot962_excavator.jpg,0,15,640,526,640,640,train
759,963,D:\whitevision\data\raw\valid\Heavy_Equipment_158_jpg.rf.7d35e77e2e5979fc2a5d857ad038b75b.jpg,loader,D:\whitevision\data\crops\loader\759_annot963_loader.jpg,122,298,274,240,640,640,train
759,964,D:\whitevision\data\raw\valid\Heavy_Equipment_158_jpg.rf.7d35e77e2e5979fc2a5d857ad038b75b.jpg,excavator,D:\whitevision\data\crops\excavator\759_annot964_excavator.jpg,382,156,104,189,640,640,train
759,965,D:\whitevision\data\raw\valid\Heavy_Equipment_158_jpg.rf.7d35e77e2e5979fc2a5d857ad038b75b.jpg,dump_truck,D:\whitevision\data\crops\dump_truck\759_annot965_dump_truck.jpg,380,387,260,253,640,640,train
760,966,D:\whitevision\data\raw\valid\Heavy_Equipment_2066_jpg.rf.7d7181964a19fb626737f10c475135b1.jpg,mobile_crane,D:\whitevision\data\crops\mobile_crane\760_annot966_mobile_crane.jpg,176,0,295,637,640,640,train
761,967,D:\whitevision\data\raw\valid\M_B_Used-Truck-Mercedes-Axor-8X4-2022_141022_1_jpg.rf.7e32eb89129091fe74d80804c76199c5.jpg,mixer_truck,D:\whitevision\data\crops\mixer_truck\761_annot967_mixer_truck.jpg,4,90,636,550,640,640,train
762,968,D:\whitevision\data\raw\valid\Heavy_Equipment_3876_jpg.rf.7dcea46719123a5aedc8d225b96aafa0.jpg,grader,D:\whitevision\data\crops\grader\762_annot968_grader.jpg,0,101,640,419,640,640,train
763,969,D:\whitevision\data\raw\valid\Heavy_Equipment_667_jpg.rf.7d06e3b79cd7c19ad52e3311a7649385.jpg,dump_truck,D:\whitevision\data\crops\dump_truck\763_annot969_dump_truck.jpg,341,145,299,354,640,640,train
763,970,D:\whitevision\data\raw\valid\Heavy_Equipment_667_jpg.rf.7d06e3b79cd7c19ad52e3311a7649385.jpg,loader,D:\whitevision\data\crops\loader\763_annot970_loader.jpg,61,97,442,398,640,640,train
764,971,D:\whitevision\data\raw\valid\Heavy_Equipment_3440_jpg.rf.7e3e5cb0e7251392f5c09997e3131186.jpg,grader,D:\whitevision\data\crops\grader\764_annot971_grader.jpg,30,15,572,615,640,640,train
765,972,D:\whitevision\data\raw\valid\Heavy_Equipment_5397_jpg.rf.7e963f85c30c148e61df2db172675907.jpg,roller,D:\whitevision\data\crops\roller\765_annot972_roller.jpg,211,161,235,218,640,640,train
766,973,D:\whitevision\data\raw\valid\Heavy_Equipment_2765_jpg.rf.7eac12119d2ffc473d4e7b81a267d0ab.jpg,mobile_crane,D:\whitevision\data\crops\mobile_crane\766_annot973_mobile_crane.jpg,13,0,575,617,640,640,validation
767,974,D:\whitevision\data\raw\valid\Heavy_Equipment_4424_jpg.rf.7eb58ac293dcdfcf6673cd7e27bce349.jpg,bulldozer,D:\whitevision\data\crops\bulldozer\767_annot974_bulldozer.jpg,0,0,590,627,640,640,train
768,975,D:\whitevision\data\raw\valid\Heavy_Equipment_1433_jpg.rf.7af7d76d1119ea6efd68c7cf10fa397b.jpg,dump_truck,D:\whitevision\data\crops\dump_truck\768_annot975_dump_truck.jpg,385,93,176,212,640,640,test
768,976,D:\whitevision\data\raw\valid\Heavy_Equipment_1433_jpg.rf.7af7d76d1119ea6efd68c7cf10fa397b.jpg,dump_truck,D:\whitevision\data\crops\dump_truck\768_annot976_dump_truck.jpg,544,140,61,148,640,640,test
768,977,D:\whitevision\data\raw\valid\Heavy_Equipment_1433_jpg.rf.7af7d76d1119ea6efd68c7cf10fa397b.jpg,dump_truck,D:\whitevision\data\crops\dump_truck\768_annot977_dump_truck.jpg,599,171,36,94,640,640,test
769,978,D:\whitevision\data\raw\valid\Heavy_Equipment_4477_jpg.rf.7f363071a07eaee8b1f4de723cc3f71b.jpg,bulldozer,D:\whitevision\data\crops\bulldozer\769_annot978_bulldozer.jpg,36,13,596,566,640,640,train
770,979,D:\whitevision\data\raw\valid\Heavy_Equipment_2985_jpg.rf.8080ef59ef86b41ecbf90d136310504f.jpg,bulldozer,D:\whitevision\data\crops\bulldozer\770_annot979_bulldozer.jpg,25,41,478,587,640,640,train
771,980,D:\whitevision\data\raw\valid\Heavy_Equipment_4815_jpg.rf.8015eaf94c4df5518124b15400708b51.jpg,bulldozer,D:\whitevision\data\crops\bulldozer\771_annot980_bulldozer.jpg,69,0,496,587,640,640,train
772,981,D:\whitevision\data\raw\valid\Heavy_Equipment_4681_jpg.rf.80efcfa95e08c42083761191936f60aa.jpg,grader,D:\whitevision\data\crops\grader\772_annot981_grader.jpg,43,126,565,428,640,640,train
773,982,D:\whitevision\data\raw\valid\Heavy_Equipment_5312_jpg.rf.8082a86bd489c60f8495a9039ee76da7.jpg,roller,D:\whitevision\data\crops\roller\773_annot982_roller.jpg,165,135,286,302,640,640,train
774,983,D:\whitevision\data\raw\valid\Heavy_Equipment_871_jpg.rf.80260b8aa63fdd56f6f46cce8e32944c.jpg,dump_truck,D:\whitevision\data\crops\dump_truck\774_annot983_dump_truck.jpg,66,84,270,498,640,640,test
774,984,D:\whitevision\data\raw\valid\Heavy_Equipment_871_jpg.rf.80260b8aa63fdd56f6f46cce8e32944c.jpg,excavator,D:\whitevision\data\crops\excavator\774_annot984_excavator.jpg,137,217,17,28,640,640,test
774,985,D:\whitevision\data\raw\valid\Heavy_Equipment_871_jpg.rf.80260b8aa63fdd56f6f46cce8e32944c.jpg,excavator,D:\whitevision\data\crops\excavator\774_annot985_excavator.jpg,424,249,36,17,640,640,test
774,986,D:\whitevision\data\raw\valid\Heavy_Equipment_871_jpg.rf.80260b8aa63fdd56f6f46cce8e32944c.jpg,dump_truck,D:\whitevision\data\crops\dump_truck\774_annot986_dump_truck.jpg,561,244,17,17,640,640,test
775,987,D:\whitevision\data\raw\valid\Heavy_Equipment_5852_jpg.rf.80b046d3ed78e76bde6238c6d07a783d.jpg,roller,D:\whitevision\data\crops\roller\775_annot987_roller.jpg,105,0,441,523,640,640,test
776,988,D:\whitevision\data\raw\valid\Heavy_Equipment_3791_jpg.rf.814051cf7a631843b24ceb2b7a3b8ab9.jpg,grader,D:\whitevision\data\crops\grader\776_annot988_grader.jpg,15,121,585,465,640,640,train
777,989,D:\whitevision\data\raw\valid\Heavy_Equipment_2183_jpg.rf.80e2eae9298fb81b4ae093ec6f75b0cf.jpg,dump_truck,D:\whitevision\data\crops\dump_truck\777_annot989_dump_truck.jpg,20,67,208,263,640,640,train
777,990,D:\whitevision\data\raw\valid\Heavy_Equipment_2183_jpg.rf.80e2eae9298fb81b4ae093ec6f75b0cf.jpg,loader,D:\whitevision\data\crops\loader\777_annot990_loader.jpg,125,111,493,377,640,640,train
778,991,D:\whitevision\data\raw\valid\Heavy_Equipment_418_jpg.rf.815db2fafd6115a87b7b50be02875038.jpg,roller,D:\whitevision\data\crops\roller\778_annot991_roller.jpg,75,0,490,500,640,640,train
778,992,D:\whitevision\data\raw\valid\Heavy_Equipment_418_jpg.rf.815db2fafd6115a87b7b50be02875038.jpg,dump_truck,D:\whitevision\data\crops\dump_truck\778_annot992_dump_truck.jpg,73,69,250,200,640,640,train
779,993,D:\whitevision\data\raw\valid\Heavy_Equipment_754_jpg.rf.808abf3ace6cd67ac8f86479072a382a.jpg,excavator,D:\whitevision\data\crops\excavator\779_annot993_excavator.jpg,59,0,489,542,640,640,train
779,994,D:\whitevision\data\raw\valid\Heavy_Equipment_754_jpg.rf.808abf3ace6cd67ac8f86479072a382a.jpg,excavator,D:\whitevision\data\crops\excavator\779_annot994_excavator.jpg,0,201,128,264,640,640,train
780,995,D:\whitevision\data\raw\valid\Heavy_Equipment_6204_jpg.rf.82035dcdad529ddd772d5bdc69acb219.jpg,roller,D:\whitevision\data\crops\roller\780_annot995_roller.jpg,189,0,245,343,640,640,train
781,996,D:\whitevision\data\raw\valid\Heavy_Equipment_4973_jpg.rf.804de19dae7506910db3cdc1b339a3fe.jpg,grader,D:\whitevision\data\crops\grader\781_annot996_grader.jpg,101,81,393,524,640,640,train
782,997,D:\whitevision\data\raw\valid\M_M_176020_1_jpg.rf.82bc3ff2d8b21b6f4fea4d4fdae1f48e.jpg,mixer_truck,D:\whitevision\data\crops\mixer_truck\782_annot997_mixer_truck.jpg,0,65,640,562,640,640,train
783,998,D:\whitevision\data\raw\valid\Heavy_Equipment_2906_jpg.rf.826637ca35e712fad9fcba24e7ee2d19.jpg,mobile_crane,D:\whitevision\data\crops\mobile_crane\783_annot998_mobile_crane.jpg,48,0,352,523,640,640,train
784,999,D:\whitevision\data\raw\valid\Heavy_Equipment_4530_jpg.rf.82a33a3b78a4e1814e0bd4ed721787d1.jpg,bulldozer,D:\whitevision\data\crops\bulldozer\784_annot999_bulldozer.jpg,0,0,640,640,640,640,train
785,1000,D:\whitevision\data\raw\valid\Heavy_Equipment_2033_jpg.rf.81895803f15f68678f62fe162ac68ce8.jpg,dump_truck,D:\whitevision\data\crops\dump_truck\785_annot1000_dump_truck.jpg,169,181,168,182,640,640,test
786,1001,D:\whitevision\data\raw\valid\Heavy_Equipment_522_jpg.rf.81469b1f5cab17a0d6931b73bc28fda9.jpg,excavator,D:\whitevision\data\crops\excavator\786_annot1001_excavator.jpg,196,16,405,481,640,640,validation
787,1002,D:\whitevision\data\raw\valid\Heavy_Equipment_2591_jpg.rf.82c18467d0dd16d269f948340fc171cd.jpg,excavator,D:\whitevision\data\crops\excavator\787_annot1002_excavator.jpg,48,0,462,478,640,640,test
787,1003,D:\whitevision\data\raw\valid\Heavy_Equipment_2591_jpg.rf.82c18467d0dd16d269f948340fc171cd.jpg,dump_truck,D:\whitevision\data\crops\dump_truck\787_annot1003_dump_truck.jpg,54,374,454,266,640,640,test
788,1004,D:\whitevision\data\raw\valid\Heavy_Equipment_3222_jpg.rf.82668a2ae45e3bfff7c842220878a91b.jpg,bulldozer,D:\whitevision\data\crops\bulldozer\788_annot1004_bulldozer.jpg,18,94,367,405,640,640,test
789,1005,D:\whitevision\data\raw\valid\Heavy_Equipment_721_jpg.rf.826f5a6c7cc3d8abc7f7d4d25cfcdaa8.jpg,excavator,D:\whitevision\data\crops\excavator\789_annot1005_excavator.jpg,162,88,211,490,640,640,train
789,1006,D:\whitevision\data\raw\valid\Heavy_Equipment_721_jpg.rf.826f5a6c7cc3d8abc7f7d4d25cfcdaa8.jpg,dump_truck,D:\whitevision\data\crops\dump_truck\789_annot1006_dump_truck.jpg,397,200,189,305,640,640,train
790,1007,D:\whitevision\data\raw\valid\Heavy_Equipment_5264_jpg.rf.83da0d30ce3fc144b797ca12a6465277.jpg,roller,D:\whitevision\data\crops\roller\790_annot1007_roller.jpg,22,0,546,414,640,640,train
791,1008,D:\whitevision\data\raw\valid\Heavy_Equipment_2740_jpg.rf.8459aee43f13b0ac074fc184e59b6686.jpg,excavator,D:\whitevision\data\crops\excavator\791_annot1008_excavator.jpg,29,0,600,640,640,640,test
792,1009,D:\whitevision\data\raw\valid\Heavy_Equipment_6311_jpg.rf.8497f3412cb0d562e6551522d3c2dc2f.jpg,grader,D:\whitevision\data\crops\grader\792_annot1009_grader.jpg,7,33,633,353,640,640,train
793,1010,D:\whitevision\data\raw\valid\Heavy_Equipment_3608_jpg.rf.81181925446becdb580f3d338c946ec9.jpg,excavator,D:\whitevision\data\crops\excavator\793_annot1010_excavator.jpg,102,333,423,147,640,640,validation
794,1011,D:\whitevision\data\raw\valid\Heavy_Equipment_2868_jpg.rf.84cc1a9e58eda64d16b077aa24d1e59d.jpg,dump_truck,D:\whitevision\data\crops\dump_truck\794_annot1011_dump_truck.jpg,210,224,198,201,640,640,train
794,1012,D:\whitevision\data\raw\valid\Heavy_Equipment_2868_jpg.rf.84cc1a9e58eda64d16b077aa24d1e59d.jpg,excavator,D:\whitevision\data\crops\excavator\794_annot1012_excavator.jpg,444,137,74,123,640,640,train
795,1013,D:\whitevision\data\raw\valid\M_S_image31_jpeg.rf.84414797cc639b807c6291e5885ab1a2.jpg,mixer_truck,D:\whitevision\data\crops\mixer_truck\795_annot1013_mixer_truck.jpg,42,89,579,477,640,640,train
797,1014,D:\whitevision\data\raw\valid\Heavy_Equipment_1066_jpg.rf.8338f2d62779ff5da1c8c074eb78cb80.jpg,mobile_crane,D:\whitevision\data\crops\mobile_crane\797_annot1014_mobile_crane.jpg,162,132,278,189,640,640,train
798,1015,D:\whitevision\data\raw\valid\Heavy_Equipment_1895_jpg.rf.853e175978cc5818e9464ba7e69185c2.jpg,excavator,D:\whitevision\data\crops\excavator\798_annot1015_excavator.jpg,0,152,136,183,640,640,train
798,1016,D:\whitevision\data\raw\valid\Heavy_Equipment_1895_jpg.rf.853e175978cc5818e9464ba7e69185c2.jpg,loader,D:\whitevision\data\crops\loader\798_annot1016_loader.jpg,120,251,347,300,640,640,train
798,1017,D:\whitevision\data\raw\valid\Heavy_Equipment_1895_jpg.rf.853e175978cc5818e9464ba7e69185c2.jpg,dump_truck,D:\whitevision\data\crops\dump_truck\798_annot1017_dump_truck.jpg,432,271,208,314,640,640,train
799,1018,D:\whitevision\data\raw\valid\Heavy_Equipment_707_jpg.rf.8624fadbac1ca86735318f08f6e84505.jpg,loader,D:\whitevision\data\crops\loader\799_annot1018_loader.jpg,253,243,151,156,640,640,test
800,1019,D:\whitevision\data\raw\valid\Heavy_Equipment_5043_jpg.rf.858142bf43228fb4a6ae2d3c38e4bc6a.jpg,bulldozer,D:\whitevision\data\crops\bulldozer\800_annot1019_bulldozer.jpg,20,6,620,613,640,640,train
801,1020,D:\whitevision\data\raw\valid\Heavy_Equipment_81_jpg.rf.85f0868f0698aca39a809269b7bcb73d.jpg,grader,D:\whitevision\data\crops\grader\801_annot1020_grader.jpg,0,33,640,461,640,640,train
803,1021,D:\whitevision\data\raw\valid\M_M_man-tga-ufa-russia-september-white-concrete-mixer-truck-city-street-39280195_jpg.rf.8623f5a749a0f2674d5b982db85b214f.jpg,mixer_truck,D:\whitevision\data\crops\mixer_truck\803_annot1021_mixer_truck.jpg,36,88,556,458,640,640,validation
804,1022,D:\whitevision\data\raw\valid\Heavy_Equipment_570_jpg.rf.85a23aad166b3ae79750d5f41ba023d6.jpg,loader,D:\whitevision\data\crops\loader\804_annot1022_loader.jpg,81,175,329,300,640,640,train
804,1023,D:\whitevision\data\raw\valid\Heavy_Equipment_570_jpg.rf.85a23aad166b3ae79750d5f41ba023d6.jpg,dump_truck,D:\whitevision\data\crops\dump_truck\804_annot1023_dump_truck.jpg,311,238,285,364,640,640,train
805,1024,D:\whitevision\data\raw\valid\Heavy_Equipment_1246_jpg.rf.8808efb7270ef756c6b91dfb1652ec80.jpg,dump_truck,D:\whitevision\data\crops\dump_truck\805_annot1024_dump_truck.jpg,186,261,453,281,640,640,train
805,1025,D:\whitevision\data\raw\valid\Heavy_Equipment_1246_jpg.rf.8808efb7270ef756c6b91dfb1652ec80.jpg,dump_truck,D:\whitevision\data\crops\dump_truck\805_annot1025_dump_truck.jpg,45,256,88,71,640,640,train
805,1026,D:\whitevision\data\raw\valid\Heavy_Equipment_1246_jpg.rf.8808efb7270ef756c6b91dfb1652ec80.jpg,dump_truck,D:\whitevision\data\crops\dump_truck\805_annot1026_dump_truck.jpg,0,256,37,65,640,640,train
805,1027,D:\whitevision\data\raw\valid\Heavy_Equipment_1246_jpg.rf.8808efb7270ef756c6b91dfb1652ec80.jpg,excavator,D:\whitevision\data\crops\excavator\805_annot1027_excavator.jpg,28,226,39,53,640,640,train
806,1028,D:\whitevision\data\raw\valid\Heavy_Equipment_6321_jpg.rf.869a0bc2e31eda568eb610d7f749ac17.jpg,bulldozer,D:\whitevision\data\crops\bulldozer\806_annot1028_bulldozer.jpg,63,73,577,447,640,640,train
807,1029,D:\whitevision\data\raw\valid\Heavy_Equipment_5331_jpg.rf.86ab0d2f9be3361024439386abcfd46f.jpg,roller,D:\whitevision\data\crops\roller\807_annot1029_roller.jpg,0,0,640,640,640,640,train
809,1030,D:\whitevision\data\raw\valid\Heavy_Equipment_3223_jpg.rf.86f80556248929c9aa8201efa999d751.jpg,bulldozer,D:\whitevision\data\crops\bulldozer\809_annot1030_bulldozer.jpg,111,0,391,636,640,640,train
811,1031,D:\whitevision\data\raw\valid\Heavy_Equipment_3685_jpg.rf.7d8db6891b2d10a7be420a88212a81e7.jpg,grader,D:\whitevision\data\crops\grader\811_annot1031_grader.jpg,44,93,596,485,640,640,train
812,1032,D:\whitevision\data\raw\valid\Heavy_Equipment_2013_jpg.rf.8936cde4b71aed0a3d43bb5f36da98b1.jpg,loader,D:\whitevision\data\crops\loader\812_annot1032_loader.jpg,175,80,465,464,640,640,train
812,1033,D:\whitevision\data\raw\valid\Heavy_Equipment_2013_jpg.rf.8936cde4b71aed0a3d43bb5f36da98b1.jpg,dump_truck,D:\whitevision\data\crops\dump_truck\812_annot1033_dump_truck.jpg,0,211,344,240,640,640,train
813,1034,D:\whitevision\data\raw\valid\Heavy_Equipment_2360_jpg.rf.841526a9ac14218e36a675e942aa3ccf.jpg,mobile_crane,D:\whitevision\data\crops\mobile_crane\813_annot1034_mobile_crane.jpg,57,0,511,584,640,640,validation
815,1035,D:\whitevision\data\raw\valid\Heavy_Equipment_1015_jpg.rf.889cbc23fb89a25f49eb492fd4553ccf.jpg,dump_truck,D:\whitevision\data\crops\dump_truck\815_annot1035_dump_truck.jpg,30,275,471,321,640,640,train
815,1036,D:\whitevision\data\raw\valid\Heavy_Equipment_1015_jpg.rf.889cbc23fb89a25f49eb492fd4553ccf.jpg,loader,D:\whitevision\data\crops\loader\815_annot1036_loader.jpg,194,126,389,316,640,640,train
816,1037,D:\whitevision\data\raw\valid\Heavy_Equipment_4070_jpg.rf.87a63d4da241c973beadb14274f23d75.jpg,grader,D:\whitevision\data\crops\grader\816_annot1037_grader.jpg,0,136,568,504,640,640,train
817,1038,D:\whitevision\data\raw\valid\Heavy_Equipment_2427_jpg.rf.88a0c33b561ab8d972f0228e041eb59f.jpg,excavator,D:\whitevision\data\crops\excavator\817_annot1038_excavator.jpg,257,272,159,206,640,640,train
818,1039,D:\whitevision\data\raw\valid\M_M_image29_jpeg.rf.89d27ab286a85ce9e9a5d265b2d3c644.jpg,mixer_truck,D:\whitevision\data\crops\mixer_truck\818_annot1039_mixer_truck.jpg,0,63,640,570,640,640,train
820,1040,D:\whitevision\data\raw\valid\Heavy_Equipment_866_jpg.rf.899fa5558bfab33ea27a0a16fdfbf388.jpg,excavator,D:\whitevision\data\crops\excavator\820_annot1040_excavator.jpg,0,0,640,592,640,640,train
821,1041,D:\whitevision\data\raw\valid\Heavy_Equipment_2452_jpg.rf.8a33854b434b85e79d972c68e9b7ad66.jpg,dump_truck,D:\whitevision\data\crops\dump_truck\821_annot1041_dump_truck.jpg,476,115,74,118,640,640,train
821,1042,D:\whitevision\data\raw\valid\Heavy_Equipment_2452_jpg.rf.8a33854b434b85e79d972c68e9b7ad66.jpg,dump_truck,D:\whitevision\data\crops\dump_truck\821_annot1042_dump_truck.jpg,176,246,141,140,640,640,train
821,1043,D:\whitevision\data\raw\valid\Heavy_Equipment_2452_jpg.rf.8a33854b434b85e79d972c68e9b7ad66.jpg,excavator,D:\whitevision\data\crops\excavator\821_annot1043_excavator.jpg,206,80,233,346,640,640,train
823,1044,D:\whitevision\data\raw\valid\Heavy_Equipment_5837_jpg.rf.89ec36cd545f742d6c1e2146d312fdf1.jpg,roller,D:\whitevision\data\crops\roller\823_annot1044_roller.jpg,259,112,162,337,640,640,train
824,1045,D:\whitevision\data\raw\valid\Heavy_Equipment_3833_jpg.rf.8aa652ea283dfd09ed6527659b0eefd9.jpg,grader,D:\whitevision\data\crops\grader\824_annot1045_grader.jpg,3,77,549,478,640,640,train
825,1046,D:\whitevision\data\raw\valid\Heavy_Equipment_4249_jpg.rf.884c3a9002d6823ed14dda391fe75c3e.jpg,bulldozer,D:\whitevision\data\crops\bulldozer\825_annot1046_bulldozer.jpg,58,4,523,491,640,640,train
826,1047,D:\whitevision\data\raw\valid\M_M_IMG_0466-JPG_jpg.rf.8acd73d73d2ce9a34dc45da61394982d.jpg,mixer_truck,D:\whitevision\data\crops\mixer_truck\826_annot1047_mixer_truck.jpg,6,72,603,514,640,640,train
827,1048,D:\whitevision\data\raw\valid\Heavy_Equipment_4794_jpg.rf.8ab705ffe8865d0f7bc6c57d01497484.jpg,grader,D:\whitevision\data\crops\grader\827_annot1048_grader.jpg,0,0,631,640,640,640,test
828,1049,D:\whitevision\data\raw\valid\Heavy_Equipment_745_jpg.rf.8b039b53639e817f38aa5556ce17ceee.jpg,excavator,D:\whitevision\data\crops\excavator\828_annot1049_excavator.jpg,180,16,237,481,640,640,train
828,1050,D:\whitevision\data\raw\valid\Heavy_Equipment_745_jpg.rf.8b039b53639e817f38aa5556ce17ceee.jpg,excavator,D:\whitevision\data\crops\excavator\828_annot1050_excavator.jpg,509,216,131,179,640,640,train
828,1051,D:\whitevision\data\raw\valid\Heavy_Equipment_745_jpg.rf.8b039b53639e817f38aa5556ce17ceee.jpg,dump_truck,D:\whitevision\data\crops\dump_truck\828_annot1051_dump_truck.jpg,114,304,135,200,640,640,train
828,1052,D:\whitevision\data\raw\valid\Heavy_Equipment_745_jpg.rf.8b039b53639e817f38aa5556ce17ceee.jpg,dump_truck,D:\whitevision\data\crops\dump_truck\828_annot1052_dump_truck.jpg,85,235,30,53,640,640,train
828,1053,D:\whitevision\data\raw\valid\Heavy_Equipment_745_jpg.rf.8b039b53639e817f38aa5556ce17ceee.jpg,dump_truck,D:\whitevision\data\crops\dump_truck\828_annot1053_dump_truck.jpg,119,219,17,35,640,640,train
829,1054,D:\whitevision\data\raw\valid\Heavy_Equipment_3335_jpg.rf.8b109af958e354b4163898b02ca06a7b.jpg,grader,D:\whitevision\data\crops\grader\829_annot1054_grader.jpg,0,0,630,581,640,640,train
830,1055,D:\whitevision\data\raw\valid\Heavy_Equipment_2724_jpg.rf.8a5d581706672a56d54cc36b8fb188d7.jpg,excavator,D:\whitevision\data\crops\excavator\830_annot1055_excavator.jpg,7,67,633,534,640,640,train
831,1056,D:\whitevision\data\raw\valid\M_B_images28_jpg.rf.8a8bb433e7b4ca51be9036803b0cca6b.jpg,mixer_truck,D:\whitevision\data\crops\mixer_truck\831_annot1056_mixer_truck.jpg,0,0,640,568,640,640,validation
832,1057,D:\whitevision\data\raw\valid\Heavy_Equipment_6_jpg.rf.8b436d6607b31bcfa69c7bc6fc796b47.jpg,grader,D:\whitevision\data\crops\grader\832_annot1057_grader.jpg,49,21,591,511,640,640,train
833,1058,D:\whitevision\data\raw\valid\Heavy_Equipment_303_jpg.rf.8bb0aa88a7330d38d35484361b500376.jpg,mobile_crane,D:\whitevision\data\crops\mobile_crane\833_annot1058_mobile_crane.jpg,59,0,559,604,640,640,train
834,1059,D:\whitevision\data\raw\valid\Heavy_Equipment_1775_jpg.rf.8c3453cb4d47b63cd241ef05f1387073.jpg,mobile_crane,D:\whitevision\data\crops\mobile_crane\834_annot1059_mobile_crane.jpg,372,192,261,426,640,640,test
835,1060,D:\whitevision\data\raw\valid\Heavy_Equipment_1603_jpg.rf.8c603bd469b37e11a1836498af362e9b.jpg,excavator,D:\whitevision\data\crops\excavator\835_annot1060_excavator.jpg,0,217,192,176,640,640,train
835,1061,D:\whitevision\data\raw\valid\Heavy_Equipment_1603_jpg.rf.8c603bd469b37e11a1836498af362e9b.jpg,excavator,D:\whitevision\data\crops\excavator\835_annot1061_excavator.jpg,266,133,71,189,640,640,train
835,1062,D:\whitevision\data\raw\valid\Heavy_Equipment_1603_jpg.rf.8c603bd469b37e11a1836498af362e9b.jpg,dump_truck,D:\whitevision\data\crops\dump_truck\835_annot1062_dump_truck.jpg,343,186,118,105,640,640,train
835,1063,D:\whitevision\data\raw\valid\Heavy_Equipment_1603_jpg.rf.8c603bd469b37e11a1836498af362e9b.jpg,excavator,D:\whitevision\data\crops\excavator\835_annot1063_excavator.jpg,491,363,140,239,640,640,train
836,1064,D:\whitevision\data\raw\valid\Heavy_Equipment_1836_jpg.rf.8b3764d1229deb045e886a4150564031.jpg,mobile_crane,D:\whitevision\data\crops\mobile_crane\836_annot1064_mobile_crane.jpg,0,107,594,382,640,640,train
837,1065,D:\whitevision\data\raw\valid\Heavy_Equipment_2876_jpg.rf.8cad40190f2edff1ceee67a610471821.jpg,excavator,D:\whitevision\data\crops\excavator\837_annot1065_excavator.jpg,55,0,575,544,640,640,train
837,1066,D:\whitevision\data\raw\valid\Heavy_Equipment_2876_jpg.rf.8cad40190f2edff1ceee67a610471821.jpg,dump_truck,D:\whitevision\data\crops\dump_truck\837_annot1066_dump_truck.jpg,89,214,173,316,640,640,train
837,1067,D:\whitevision\data\raw\valid\Heavy_Equipment_2876_jpg.rf.8cad40190f2edff1ceee67a610471821.jpg,dump_truck,D:\whitevision\data\crops\dump_truck\837_annot1067_dump_truck.jpg,323,97,42,83,640,640,train
838,1068,D:\whitevision\data\raw\valid\Heavy_Equipment_3550_jpg.rf.8dbbbe7d83eda9c11a7c3c66fc595203.jpg,excavator,D:\whitevision\data\crops\excavator\838_annot1068_excavator.jpg,144,177,450,201,640,640,test
839,1069,D:\whitevision\data\raw\valid\Heavy_Equipment_853_jpg.rf.8d772495bcec02235fa60c9e6be8a117.jpg,excavator,D:\whitevision\data\crops\excavator\839_annot1069_excavator.jpg,19,0,611,640,640,640,train
839,1070,D:\whitevision\data\raw\valid\Heavy_Equipment_853_jpg.rf.8d772495bcec02235fa60c9e6be8a117.jpg,dump_truck,D:\whitevision\data\crops\dump_truck\839_annot1070_dump_truck.jpg,535,0,85,89,640,640,train
839,1071,D:\whitevision\data\raw\valid\Heavy_Equipment_853_jpg.rf.8d772495bcec02235fa60c9e6be8a117.jpg,dump_truck,D:\whitevision\data\crops\dump_truck\839_annot1071_dump_truck.jpg,0,17,90,141,640,640,train
840,1072,D:\whitevision\data\raw\valid\Heavy_Equipment_5156_jpg.rf.8b86a6ce0e7613eefd61eec704edfab3.jpg,bulldozer,D:\whitevision\data\crops\bulldozer\840_annot1072_bulldozer.jpg,0,192,640,443,640,640,train
841,1073,D:\whitevision\data\raw\valid\Heavy_Equipment_554_jpg.rf.8bcfbb18b76dbf6e7e180b1b5d06a952.jpg,dump_truck,D:\whitevision\data\crops\dump_truck\841_annot1073_dump_truck.jpg,0,291,199,233,640,640,validation
841,1074,D:\whitevision\data\raw\valid\Heavy_Equipment_554_jpg.rf.8bcfbb18b76dbf6e7e180b1b5d06a952.jpg,excavator,D:\whitevision\data\crops\excavator\841_annot1074_excavator.jpg,198,151,195,390,640,640,validation
842,1075,D:\whitevision\data\raw\valid\Heavy_Equipment_2913_jpg.rf.8cc82524529338767ff0e6e99e5a93a5.jpg,roller,D:\whitevision\data\crops\roller\842_annot1075_roller.jpg,29,36,472,604,640,640,train
842,1076,D:\whitevision\data\raw\valid\Heavy_Equipment_2913_jpg.rf.8cc82524529338767ff0e6e99e5a93a5.jpg,dump_truck,D:\whitevision\data\crops\dump_truck\842_annot1076_dump_truck.jpg,491,296,58,88,640,640,train
843,1077,D:\whitevision\data\raw\valid\Heavy_Equipment_1824_jpg.rf.8e1a2ed1a0efb02f57963b39bc720821.jpg,mobile_crane,D:\whitevision\data\crops\mobile_crane\843_annot1077_mobile_crane.jpg,17,116,509,524,640,640,validation
844,1078,D:\whitevision\data\raw\valid\Heavy_Equipment_561_jpg.rf.8e3177e887329203664780c43850d896.jpg,roller,D:\whitevision\data\crops\roller\844_annot1078_roller.jpg,186,162,78,139,640,640,train
844,1079,D:\whitevision\data\raw\valid\Heavy_Equipment_561_jpg.rf.8e3177e887329203664780c43850d896.jpg,loader,D:\whitevision\data\crops\loader\844_annot1079_loader.jpg,163,155,62,123,640,640,train
844,1080,D:\whitevision\data\raw\valid\Heavy_Equipment_561_jpg.rf.8e3177e887329203664780c43850d896.jpg,excavator,D:\whitevision\data\crops\excavator\844_annot1080_excavator.jpg,432,97,135,119,640,640,train
845,1081,D:\whitevision\data\raw\valid\M_S_images21_jpg.rf.8d1cfd0a8c1ebb55a5f7b13633bd206e.jpg,mixer_truck,D:\whitevision\data\crops\mixer_truck\845_annot1081_mixer_truck.jpg,0,152,507,425,640,640,train
846,1082,D:\whitevision\data\raw\valid\Heavy_Equipment_4521_jpg.rf.8d4297dd80d9a89a928136cb941c39cb.jpg,grader,D:\whitevision\data\crops\grader\846_annot1082_grader.jpg,14,106,602,409,640,640,train
847,1083,D:\whitevision\data\raw\valid\Heavy_Equipment_4342_jpg.rf.8f7bca4cef28a57318fdbc94de4cd3ca.jpg,bulldozer,D:\whitevision\data\crops\bulldozer\847_annot1083_bulldozer.jpg,86,78,538,472,640,640,train
848,1084,D:\whitevision\data\raw\valid\Heavy_Equipment_469_jpg.rf.8ed4eb6e26e3c64b062b70946f0f22c1.jpg,mobile_crane,D:\whitevision\data\crops\mobile_crane\848_annot1084_mobile_crane.jpg,238,74,366,566,640,640,train
849,1085,D:\whitevision\data\raw\valid\Heavy_Equipment_3779_jpg.rf.8ecfa02bdb7cd284249e14fc44509b7a.jpg,grader,D:\whitevision\data\crops\grader\849_annot1085_grader.jpg,0,81,582,509,640,640,validation
851,1086,D:\whitevision\data\raw\valid\Heavy_Equipment_1616_jpg.rf.8f1e60b93bb1cbbf5dd5271222a4a43e.jpg,excavator,D:\whitevision\data\crops\excavator\851_annot1086_excavator.jpg,399,480,116,104,640,640,validation
851,1087,D:\whitevision\data\raw\valid\Heavy_Equipment_1616_jpg.rf.8f1e60b93bb1cbbf5dd5271222a4a43e.jpg,excavator,D:\whitevision\data\crops\excavator\851_annot1087_excavator.jpg,566,538,49,79,640,640,validation
851,1088,D:\whitevision\data\raw\valid\Heavy_Equipment_1616_jpg.rf.8f1e60b93bb1cbbf5dd5271222a4a43e.jpg,excavator,D:\whitevision\data\crops\excavator\851_annot1088_excavator.jpg,323,426,102,190,640,640,validation
851,1089,D:\whitevision\data\raw\valid\Heavy_Equipment_1616_jpg.rf.8f1e60b93bb1cbbf5dd5271222a4a43e.jpg,excavator,D:\whitevision\data\crops\excavator\851_annot1089_excavator.jpg,214,465,27,83,640,640,validation
851,1090,D:\whitevision\data\raw\valid\Heavy_Equipment_1616_jpg.rf.8f1e60b93bb1cbbf5dd5271222a4a43e.jpg,dump_truck,D:\whitevision\data\crops\dump_truck\851_annot1090_dump_truck.jpg,234,501,104,88,640,640,validation
852,1091,D:\whitevision\data\raw\valid\Heavy_Equipment_454_jpg.rf.8f5d0a58413ccc821151d4e7308fd68d.jpg,mobile_crane,D:\whitevision\data\crops\mobile_crane\852_annot1091_mobile_crane.jpg,232,151,228,321,640,640,train
853,1092,D:\whitevision\data\raw\valid\Heavy_Equipment_112_jpg.rf.8f5682558a64cb79d9b0550dbc7c729b.jpg,mobile_crane,D:\whitevision\data\crops\mobile_crane\853_annot1092_mobile_crane.jpg,113,25,412,615,640,640,train
854,1093,D:\whitevision\data\raw\valid\Heavy_Equipment_5369_jpg.rf.8e4f1a80e4e80a66eeb0afa4cbe96b5d.jpg,roller,D:\whitevision\data\crops\roller\854_annot1093_roller.jpg,142,0,340,640,640,640,validation
855,1094,D:\whitevision\data\raw\valid\Heavy_Equipment_5428_jpg.rf.8fe3467514e5723fa1f4e3271e3d512b.jpg,roller,D:\whitevision\data\crops\roller\855_annot1094_roller.jpg,131,118,338,340,640,640,train
856,1095,D:\whitevision\data\raw\valid\Heavy_Equipment_3795_jpg.rf.90c3fbdf14ad8347fd582bcdcd6fb096.jpg,grader,D:\whitevision\data\crops\grader\856_annot1095_grader.jpg,0,12,640,598,640,640,train
857,1096,D:\whitevision\data\raw\valid\Heavy_Equipment_1681_jpg.rf.91006dac94edbf99b2ceef0ce6d64a47.jpg,excavator,D:\whitevision\data\crops\excavator\857_annot1096_excavator.jpg,190,0,168,421,640,640,train
857,1097,D:\whitevision\data\raw\valid\Heavy_Equipment_1681_jpg.rf.91006dac94edbf99b2ceef0ce6d64a47.jpg,dump_truck,D:\whitevision\data\crops\dump_truck\857_annot1097_dump_truck.jpg,315,196,85,137,640,640,train
858,1098,D:\whitevision\data\raw\valid\Heavy_Equipment_2049_jpg.rf.90acef0d9721f568de184e4dbb4b2d26.jpg,mobile_crane,D:\whitevision\data\crops\mobile_crane\858_annot1098_mobile_crane.jpg,223,303,140,72,640,640,validation
860,1099,D:\whitevision\data\raw\valid\Heavy_Equipment_4140_jpg.rf.8fab6b2faf9522f154cef4235b0e928c.jpg,bulldozer,D:\whitevision\data\crops\bulldozer\860_annot1099_bulldozer.jpg,27,4,611,611,640,640,validation
861,1100,D:\whitevision\data\raw\valid\Heavy_Equipment_1726_jpg.rf.9176b47b109f23097689505e4e32acf2.jpg,mobile_crane,D:\whitevision\data\crops\mobile_crane\861_annot1100_mobile_crane.jpg,395,136,50,405,640,640,train
862,1101,D:\whitevision\data\raw\valid\Heavy_Equipment_3841_jpg.rf.91c3f31cbdac4adca6f6016e615dc9f2.jpg,grader,D:\whitevision\data\crops\grader\862_annot1101_grader.jpg,0,304,640,326,640,640,validation
863,1102,D:\whitevision\data\raw\valid\Heavy_Equipment_5237_jpg.rf.913875304d38ac59288a3ad78b1f6bab.jpg,roller,D:\whitevision\data\crops\roller\863_annot1102_roller.jpg,69,0,414,502,640,640,validation
865,1103,D:\whitevision\data\raw\valid\Heavy_Equipment_4774_jpg.rf.900e5628ac12dab5644c9fdcab60069e.jpg,grader,D:\whitevision\data\crops\grader\865_annot1103_grader.jpg,0,0,601,615,640,640,train
866,1104,D:\whitevision\data\raw\valid\Heavy_Equipment_999_jpg.rf.924c7222e0991a4e47f8186cd9122463.jpg,loader,D:\whitevision\data\crops\loader\866_annot1104_loader.jpg,296,338,269,215,640,640,train
866,1105,D:\whitevision\data\raw\valid\Heavy_Equipment_999_jpg.rf.924c7222e0991a4e47f8186cd9122463.jpg,dump_truck,D:\whitevision\data\crops\dump_truck\866_annot1105_dump_truck.jpg,80,325,328,195,640,640,train
866,1106,D:\whitevision\data\raw\valid\Heavy_Equipment_999_jpg.rf.924c7222e0991a4e47f8186cd9122463.jpg,dump_truck,D:\whitevision\data\crops\dump_truck\866_annot1106_dump_truck.jpg,54,244,283,196,640,640,train
866,1107,D:\whitevision\data\raw\valid\Heavy_Equipment_999_jpg.rf.924c7222e0991a4e47f8186cd9122463.jpg,dump_truck,D:\whitevision\data\crops\dump_truck\866_annot1107_dump_truck.jpg,328,192,132,173,640,640,train
866,1108,D:\whitevision\data\raw\valid\Heavy_Equipment_999_jpg.rf.924c7222e0991a4e47f8186cd9122463.jpg,dump_truck,D:\whitevision\data\crops\dump_truck\866_annot1108_dump_truck.jpg,178,152,295,116,640,640,train
867,1109,D:\whitevision\data\raw\valid\Heavy_Equipment_2246_jpg.rf.911864dc5f952b5fb97bfc7bfea7e6bb.jpg,excavator,D:\whitevision\data\crops\excavator\867_annot1109_excavator.jpg,404,106,226,358,640,640,train
868,1110,D:\whitevision\data\raw\valid\Heavy_Equipment_5334_jpg.rf.93a25a8396b99880b8d5bfb70dca3587.jpg,roller,D:\whitevision\data\crops\roller\868_annot1110_roller.jpg,213,79,184,272,640,640,train
869,1111,D:\whitevision\data\raw\valid\Heavy_Equipment_5189_jpg.rf.910c22d97ec32615322e1189468a9b6e.jpg,grader,D:\whitevision\data\crops\grader\869_annot1111_grader.jpg,0,0,640,579,640,640,train
870,1112,D:\whitevision\data\raw\valid\Heavy_Equipment_5976_jpg.rf.9209f41bebc45419eb7e50a61b38353a.jpg,roller,D:\whitevision\data\crops\roller\870_annot1112_roller.jpg,213,175,203,198,640,640,train
872,1113,D:\whitevision\data\raw\valid\Heavy_Equipment_4954_jpg.rf.938efc94a09dd7adb7d306e1f9a7a663.jpg,bulldozer,D:\whitevision\data\crops\bulldozer\872_annot1113_bulldozer.jpg,24,104,498,535,640,640,train
874,1114,D:\whitevision\data\raw\valid\Heavy_Equipment_2563_jpg.rf.9409d54051d42dbe32a552a5409ef08e.jpg,mobile_crane,D:\whitevision\data\crops\mobile_crane\874_annot1114_mobile_crane.jpg,0,77,598,426,640,640,train
875,1115,D:\whitevision\data\raw\valid\Heavy_Equipment_410_jpg.rf.91ea97cc942ea626fda5730116c125c1.jpg,dump_truck,D:\whitevision\data\crops\dump_truck\875_annot1115_dump_truck.jpg,248,199,155,147,640,640,train
875,1116,D:\whitevision\data\raw\valid\Heavy_Equipment_410_jpg.rf.91ea97cc942ea626fda5730116c125c1.jpg,loader,D:\whitevision\data\crops\loader\875_annot1116_loader.jpg,215,318,126,257,640,640,train
877,1117,D:\whitevision\data\raw\valid\Heavy_Equipment_1635_jpg.rf.940d4ff089d09961b8a870211d6b7717.jpg,dump_truck,D:\whitevision\data\crops\dump_truck\877_annot1117_dump_truck.jpg,146,285,57,90,640,640,train
877,1118,D:\whitevision\data\raw\valid\Heavy_Equipment_1635_jpg.rf.940d4ff089d09961b8a870211d6b7717.jpg,excavator,D:\whitevision\data\crops\excavator\877_annot1118_excavator.jpg,178,39,179,415,640,640,train
877,1119,D:\whitevision\data\raw\valid\Heavy_Equipment_1635_jpg.rf.940d4ff089d09961b8a870211d6b7717.jpg,dump_truck,D:\whitevision\data\crops\dump_truck\877_annot1119_dump_truck.jpg,438,275,71,127,640,640,train
877,1120,D:\whitevision\data\raw\valid\Heavy_Equipment_1635_jpg.rf.940d4ff089d09961b8a870211d6b7717.jpg,dump_truck,D:\whitevision\data\crops\dump_truck\877_annot1120_dump_truck.jpg,485,263,82,69,640,640,train
877,1121,D:\whitevision\data\raw\valid\Heavy_Equipment_1635_jpg.rf.940d4ff089d09961b8a870211d6b7717.jpg,excavator,D:\whitevision\data\crops\excavator\877_annot1121_excavator.jpg,525,214,16,41,640,640,train
877,1122,D:\whitevision\data\raw\valid\Heavy_Equipment_1635_jpg.rf.940d4ff089d09961b8a870211d6b7717.jpg,excavator,D:\whitevision\data\crops\excavator\877_annot1122_excavator.jpg,465,156,28,20,640,640,train
879,1123,D:\whitevision\data\raw\valid\Heavy_Equipment_1485_jpg.rf.932c02248d398dc6bd585a671a8b14f3.jpg,excavator,D:\whitevision\data\crops\excavator\879_annot1123_excavator.jpg,206,187,233,432,640,640,train
879,1124,D:\whitevision\data\raw\valid\Heavy_Equipment_1485_jpg.rf.932c02248d398dc6bd585a671a8b14f3.jpg,excavator,D:\whitevision\data\crops\excavator\879_annot1124_excavator.jpg,475,155,165,182,640,640,train
879,1125,D:\whitevision\data\raw\valid\Heavy_Equipment_1485_jpg.rf.932c02248d398dc6bd585a671a8b14f3.jpg,dump_truck,D:\whitevision\data\crops\dump_truck\879_annot1125_dump_truck.jpg,77,235,137,225,640,640,train
879,1126,D:\whitevision\data\raw\valid\Heavy_Equipment_1485_jpg.rf.932c02248d398dc6bd585a671a8b14f3.jpg,dump_truck,D:\whitevision\data\crops\dump_truck\879_annot1126_dump_truck.jpg,0,229,97,104,640,640,train
879,1127,D:\whitevision\data\raw\valid\Heavy_Equipment_1485_jpg.rf.932c02248d398dc6bd585a671a8b14f3.jpg,dump_truck,D:\whitevision\data\crops\dump_truck\879_annot1127_dump_truck.jpg,43,175,39,19,640,640,train
879,1128,D:\whitevision\data\raw\valid\Heavy_Equipment_1485_jpg.rf.932c02248d398dc6bd585a671a8b14f3.jpg,dump_truck,D:\whitevision\data\crops\dump_truck\879_annot1128_dump_truck.jpg,93,179,35,25,640,640,train
880,1129,D:\whitevision\data\raw\valid\Heavy_Equipment_4918_jpg.rf.93a39be782b643b22ad6186af2a0be06.jpg,grader,D:\whitevision\data\crops\grader\880_annot1129_grader.jpg,1,0,536,577,640,640,train
881,1130,D:\whitevision\data\raw\valid\Heavy_Equipment_5648_jpg.rf.93b8f4779f6e9d051bfb4d6b2fae8a04.jpg,roller,D:\whitevision\data\crops\roller\881_annot1130_roller.jpg,212,86,235,333,640,640,train
882,1131,D:\whitevision\data\raw\valid\Heavy_Equipment_1159_jpg.rf.95287c8185c2a7f163db4e5985446f66.jpg,loader,D:\whitevision\data\crops\loader\882_annot1131_loader.jpg,259,205,381,435,640,640,validation
882,1132,D:\whitevision\data\raw\valid\Heavy_Equipment_1159_jpg.rf.95287c8185c2a7f163db4e5985446f66.jpg,excavator,D:\whitevision\data\crops\excavator\882_annot1132_excavator.jpg,0,184,68,137,640,640,validation
883,1133,D:\whitevision\data\raw\valid\Heavy_Equipment_6308_jpg.rf.9440f362cdfe9fabd66b86d83ea25052.jpg,grader,D:\whitevision\data\crops\grader\883_annot1133_grader.jpg,0,57,640,541,640,640,test
884,1134,D:\whitevision\data\raw\valid\Heavy_Equipment_3484_jpg.rf.922cd4817956a8a05852280b2ddec0da.jpg,grader,D:\whitevision\data\crops\grader\884_annot1134_grader.jpg,1,67,639,488,640,640,train
885,1135,D:\whitevision\data\raw\valid\Heavy_Equipment_5035_jpg.rf.94168e50fb14212731539766e02dff38.jpg,grader,D:\whitevision\data\crops\grader\885_annot1135_grader.jpg,8,0,626,597,640,640,train
886,1136,D:\whitevision\data\raw\valid\Heavy_Equipment_3442_jpg.rf.9271fc3952d5d8499a93fafba6cd8d81.jpg,bulldozer,D:\whitevision\data\crops\bulldozer\886_annot1136_bulldozer.jpg,142,108,486,475,640,640,train
887,1137,D:\whitevision\data\raw\valid\Heavy_Equipment_2376_jpg.rf.9416107af1386cfb5f34fd0e8faba704.jpg,excavator,D:\whitevision\data\crops\excavator\887_annot1137_excavator.jpg,182,0,189,428,640,640,train
887,1138,D:\whitevision\data\raw\valid\Heavy_Equipment_2376_jpg.rf.9416107af1386cfb5f34fd0e8faba704.jpg,excavator,D:\whitevision\data\crops\excavator\887_annot1138_excavator.jpg,10,0,170,202,640,640,train
887,1139,D:\whitevision\data\raw\valid\Heavy_Equipment_2376_jpg.rf.9416107af1386cfb5f34fd0e8faba704.jpg,loader,D:\whitevision\data\crops\loader\887_annot1139_loader.jpg,508,23,72,82,640,640,train
888,1140,D:\whitevision\data\raw\valid\Heavy_Equipment_1849_jpg.rf.953c37b83c6ee3a789363c9ace896906.jpg,bulldozer,D:\whitevision\data\crops\bulldozer\888_annot1140_bulldozer.jpg,0,0,640,635,640,640,test
889,1141,D:\whitevision\data\raw\valid\Heavy_Equipment_1852_jpg.rf.95031c349d246f27434b2c6356cfbe89.jpg,excavator,D:\whitevision\data\crops\excavator\889_annot1141_excavator.jpg,257,0,383,523,640,640,test
890,1142,D:\whitevision\data\raw\valid\M_H_images150_jpg.rf.94e51217385209b20f1b35f74a06c5cd.jpg,mixer_truck,D:\whitevision\data\crops\mixer_truck\890_annot1142_mixer_truck.jpg,0,0,640,628,640,640,test
891,1143,D:\whitevision\data\raw\valid\Heavy_Equipment_141_jpg.rf.94386925fd5fb4d4f19ba4ce7c2acb3a.jpg,dump_truck,D:\whitevision\data\crops\dump_truck\891_annot1143_dump_truck.jpg,32,164,107,104,640,640,validation
891,1144,D:\whitevision\data\raw\valid\Heavy_Equipment_141_jpg.rf.94386925fd5fb4d4f19ba4ce7c2acb3a.jpg,loader,D:\whitevision\data\crops\loader\891_annot1144_loader.jpg,93,94,457,298,640,640,validation
892,1145,D:\whitevision\data\raw\valid\Heavy_Equipment_5371_jpg.rf.9438f7a908ebda5ca7a2320d49d3b2c0.jpg,roller,D:\whitevision\data\crops\roller\892_annot1145_roller.jpg,92,48,408,430,640,640,train
893,1146,D:\whitevision\data\raw\valid\Heavy_Equipment_5321_jpg.rf.956a0641bb05a897234a9789e7971e7a.jpg,roller,D:\whitevision\data\crops\roller\893_annot1146_roller.jpg,145,76,331,350,640,640,train
894,1147,D:\whitevision\data\raw\valid\Heavy_Equipment_6131_jpg.rf.95679cd13227861180a75cff851c746e.jpg,roller,D:\whitevision\data\crops\roller\894_annot1147_roller.jpg,141,80,307,414,640,640,train
895,1148,D:\whitevision\data\raw\valid\Heavy_Equipment_6018_jpg.rf.94a95b97498078901d76e5475d666d1f.jpg,roller,D:\whitevision\data\crops\roller\895_annot1148_roller.jpg,212,88,230,250,640,640,train
896,1149,D:\whitevision\data\raw\valid\Heavy_Equipment_4300_jpg.rf.958cdb7ebb6645ed1ef9730e03c755ba.jpg,bulldozer,D:\whitevision\data\crops\bulldozer\896_annot1149_bulldozer.jpg,108,84,478,556,640,640,train
897,1150,D:\whitevision\data\raw\valid\Heavy_Equipment_3037_jpg.rf.95451e776b7b2a67063290a184c06cc9.jpg,bulldozer,D:\whitevision\data\crops\bulldozer\897_annot1150_bulldozer.jpg,137,64,478,509,640,640,train
898,1151,D:\whitevision\data\raw\valid\Heavy_Equipment_5477_jpg.rf.95cb80dce0b5d98634b3c3025174c441.jpg,roller,D:\whitevision\data\crops\roller\898_annot1151_roller.jpg,202,142,254,232,640,640,train
899,1152,D:\whitevision\data\raw\valid\Heavy_Equipment_3038_jpg.rf.95be2d76be60ae42dac1000596f7093a.jpg,bulldozer,D:\whitevision\data\crops\bulldozer\899_annot1152_bulldozer.jpg,19,84,612,549,640,640,validation
900,1153,D:\whitevision\data\raw\valid\Heavy_Equipment_4311_jpg.rf.9438a9ff85608d96e4eab54dae3ec104.jpg,excavator,D:\whitevision\data\crops\excavator\900_annot1153_excavator.jpg,0,0,405,620,640,640,train
900,1154,D:\whitevision\data\raw\valid\Heavy_Equipment_4311_jpg.rf.9438a9ff85608d96e4eab54dae3ec104.jpg,bulldozer,D:\whitevision\data\crops\bulldozer\900_annot1154_bulldozer.jpg,329,102,304,533,640,640,train
901,1155,D:\whitevision\data\raw\valid\Heavy_Equipment_857_jpg.rf.95ef1f4ca965f0806f5705b89842d157.jpg,loader,D:\whitevision\data\crops\loader\901_annot1155_loader.jpg,92,286,159,164,640,640,test
901,1156,D:\whitevision\data\raw\valid\Heavy_Equipment_857_jpg.rf.95ef1f4ca965f0806f5705b89842d157.jpg,loader,D:\whitevision\data\crops\loader\901_annot1156_loader.jpg,421,253,219,205,640,640,test
901,1157,D:\whitevision\data\raw\valid\Heavy_Equipment_857_jpg.rf.95ef1f4ca965f0806f5705b89842d157.jpg,dump_truck,D:\whitevision\data\crops\dump_truck\901_annot1157_dump_truck.jpg,363,310,218,188,640,640,test
901,1158,D:\whitevision\data\raw\valid\Heavy_Equipment_857_jpg.rf.95ef1f4ca965f0806f5705b89842d157.jpg,dump_truck,D:\whitevision\data\crops\dump_truck\901_annot1158_dump_truck.jpg,591,392,49,226,640,640,test
902,1159,D:\whitevision\data\raw\valid\Heavy_Equipment_417_jpg.rf.96583fad1ef6d71c197bfb67e3c25a64.jpg,excavator,D:\whitevision\data\crops\excavator\902_annot1159_excavator.jpg,166,161,336,267,640,640,train
903,1160,D:\whitevision\data\raw\valid\M_B_ibeton-cemen-strasbourg-france-jun-factory-member-italcementi-group-89073611_jpg.rf.95e7b0a3262136af10e56f662500a1c0.jpg,mixer_truck,D:\whitevision\data\crops\mixer_truck\903_annot1160_mixer_truck.jpg,299,174,341,361,640,640,train
904,1161,D:\whitevision\data\raw\valid\Heavy_Equipment_3029_jpg.rf.96bd69fe235cd3545d837cbc0bd83ace.jpg,grader,D:\whitevision\data\crops\grader\904_annot1161_grader.jpg,50,79,589,503,640,640,validation
905,1162,D:\whitevision\data\raw\valid\M_B_images139_jpg.rf.97c717ab3fd3e312ec3db5e549db5bb3.jpg,mixer_truck,D:\whitevision\data\crops\mixer_truck\905_annot1162_mixer_truck.jpg,0,108,636,401,640,640,train
906,1163,D:\whitevision\data\raw\valid\Heavy_Equipment_4425_jpg.rf.96cba85edcba1d1207016b81813637b6.jpg,bulldozer,D:\whitevision\data\crops\bulldozer\906_annot1163_bulldozer.jpg,0,0,640,640,640,640,validation
907,1164,D:\whitevision\data\raw\valid\Heavy_Equipment_1274_jpg.rf.95d16656eb2bcd17d54f1afe48a6a8ea.jpg,excavator,D:\whitevision\data\crops\excavator\907_annot1164_excavator.jpg,0,0,402,404,640,640,train
907,1165,D:\whitevision\data\raw\valid\Heavy_Equipment_1274_jpg.rf.95d16656eb2bcd17d54f1afe48a6a8ea.jpg,dump_truck,D:\whitevision\data\crops\dump_truck\907_annot1165_dump_truck.jpg,389,223,145,201,640,640,train
907,1166,D:\whitevision\data\raw\valid\Heavy_Equipment_1274_jpg.rf.95d16656eb2bcd17d54f1afe48a6a8ea.jpg,dump_truck,D:\whitevision\data\crops\dump_truck\907_annot1166_dump_truck.jpg,85,215,148,149,640,640,train
909,1167,D:\whitevision\data\raw\valid\Heavy_Equipment_3830_jpg.rf.973ea68ac3d9647897038f000581dcc6.jpg,grader,D:\whitevision\data\crops\grader\909_annot1167_grader.jpg,256,124,264,516,640,640,train
910,1168,D:\whitevision\data\raw\valid\M_B_mercedes-atego-concrete-truck-2628-cement-mixer-D20ND3_jpg.rf.988297808261ec7bf04f944036d4554d.jpg,mixer_truck,D:\whitevision\data\crops\mixer_truck\910_annot1168_mixer_truck.jpg,19,33,604,569,640,640,validation
910,1169,D:\whitevision\data\raw\valid\M_B_mercedes-atego-concrete-truck-2628-cement-mixer-D20ND3_jpg.rf.988297808261ec7bf04f944036d4554d.jpg,mixer_truck,D:\whitevision\data\crops\mixer_truck\910_annot1169_mixer_truck.jpg,453,88,187,374,640,640,validation
911,1170,D:\whitevision\data\raw\valid\Heavy_Equipment_5294_jpg.rf.9887f03841531245dbc2c76a1d8220e5.jpg,roller,D:\whitevision\data\crops\roller\911_annot1170_roller.jpg,154,73,314,282,640,640,train
913,1171,D:\whitevision\data\raw\valid\Heavy_Equipment_5574_jpg.rf.9a40eefd3c437337678f6b0ce330ff6b.jpg,roller,D:\whitevision\data\crops\roller\913_annot1171_roller.jpg,210,161,234,230,640,640,train
914,1172,D:\whitevision\data\raw\valid\Heavy_Equipment_1361_jpg.rf.99a0d5fe7ebc4f2c04c533a1966193cc.jpg,mobile_crane,D:\whitevision\data\crops\mobile_crane\914_annot1172_mobile_crane.jpg,180,0,361,640,640,640,train
915,1173,D:\whitevision\data\raw\valid\Heavy_Equipment_4832_jpg.rf.99b8ccfcf1f56830a7397266971a8568.jpg,grader,D:\whitevision\data\crops\grader\915_annot1173_grader.jpg,0,0,640,640,640,640,train
916,1174,D:\whitevision\data\raw\valid\Heavy_Equipment_6211_jpg.rf.9b18c3b53a3eb2a8da387a5a1ffa3f6d.jpg,roller,D:\whitevision\data\crops\roller\916_annot1174_roller.jpg,229,169,198,202,640,640,test
917,1175,D:\whitevision\data\raw\valid\Heavy_Equipment_4252_jpg.rf.9af1006970ff03a3940fa2b23baba8cf.jpg,bulldozer,D:\whitevision\data\crops\bulldozer\917_annot1175_bulldozer.jpg,0,44,626,567,640,640,train
919,1176,D:\whitevision\data\raw\valid\Heavy_Equipment_2375_jpg.rf.9a47f52e1dd16848319f4b87f7603aa8.jpg,dump_truck,D:\whitevision\data\crops\dump_truck\919_annot1176_dump_truck.jpg,343,158,108,116,640,640,validation
919,1177,D:\whitevision\data\raw\valid\Heavy_Equipment_2375_jpg.rf.9a47f52e1dd16848319f4b87f7603aa8.jpg,grader,D:\whitevision\data\crops\grader\919_annot1177_grader.jpg,190,156,137,123,640,640,validation
919,1178,D:\whitevision\data\raw\valid\Heavy_Equipment_2375_jpg.rf.9a47f52e1dd16848319f4b87f7603aa8.jpg,bulldozer,D:\whitevision\data\crops\bulldozer\919_annot1178_bulldozer.jpg,253,297,175,243,640,640,validation
920,1179,D:\whitevision\data\raw\valid\Heavy_Equipment_6180_jpg.rf.9b57bd85e47ae2f12ab2b69e71e424cd.jpg,roller,D:\whitevision\data\crops\roller\920_annot1179_roller.jpg,164,0,474,536,640,640,train
921,1180,D:\whitevision\data\raw\valid\Heavy_Equipment_2155_jpg.rf.9abaea158d7bb0aed1599cb21a806f5b.jpg,mobile_crane,D:\whitevision\data\crops\mobile_crane\921_annot1180_mobile_crane.jpg,111,0,247,524,640,640,train
922,1181,D:\whitevision\data\raw\valid\M_S_images30_jpg.rf.9b6dbb4e99a77d7f742a1108cde66391.jpg,mixer_truck,D:\whitevision\data\crops\mixer_truck\922_annot1181_mixer_truck.jpg,0,54,640,543,640,640,train
923,1182,D:\whitevision\data\raw\valid\Heavy_Equipment_6001_jpg.rf.9c1b0451eea29d5f1b0265e9e0eb8d5f.jpg,roller,D:\whitevision\data\crops\roller\923_annot1182_roller.jpg,253,148,140,252,640,640,train
924,1183,D:\whitevision\data\raw\valid\Heavy_Equipment_5229_jpg.rf.9a5476d89df4cea38844cefbea5a44c8.jpg,roller,D:\whitevision\data\crops\roller\924_annot1183_roller.jpg,184,74,228,380,640,640,test
925,1184,D:\whitevision\data\raw\valid\Heavy_Equipment_4770_jpg.rf.9c33efc6786df9c8c682a2d8597bd0e3.jpg,grader,D:\whitevision\data\crops\grader\925_annot1184_grader.jpg,0,0,640,640,640,640,train
926,1185,D:\whitevision\data\raw\valid\Heavy_Equipment_2613_jpg.rf.9c7c407b2f8d19bf4385eeb2b54a920d.jpg,dump_truck,D:\whitevision\data\crops\dump_truck\926_annot1185_dump_truck.jpg,330,371,151,206,640,640,train
926,1186,D:\whitevision\data\raw\valid\Heavy_Equipment_2613_jpg.rf.9c7c407b2f8d19bf4385eeb2b54a920d.jpg,dump_truck,D:\whitevision\data\crops\dump_truck\926_annot1186_dump_truck.jpg,301,208,79,116,640,640,train
926,1187,D:\whitevision\data\raw\valid\Heavy_Equipment_2613_jpg.rf.9c7c407b2f8d19bf4385eeb2b54a920d.jpg,dump_truck,D:\whitevision\data\crops\dump_truck\926_annot1187_dump_truck.jpg,0,308,94,73,640,640,train
926,1188,D:\whitevision\data\raw\valid\Heavy_Equipment_2613_jpg.rf.9c7c407b2f8d19bf4385eeb2b54a920d.jpg,loader,D:\whitevision\data\crops\loader\926_annot1188_loader.jpg,162,343,160,151,640,640,train
926,1189,D:\whitevision\data\raw\valid\Heavy_Equipment_2613_jpg.rf.9c7c407b2f8d19bf4385eeb2b54a920d.jpg,excavator,D:\whitevision\data\crops\excavator\926_annot1189_excavator.jpg,211,92,71,111,640,640,train
927,1190,D:\whitevision\data\raw\valid\Heavy_Equipment_4976_jpg.rf.9cf1c95b02aea1eb07631c17675a436b.jpg,bulldozer,D:\whitevision\data\crops\bulldozer\927_annot1190_bulldozer.jpg,28,89,474,491,640,640,train
928,1191,D:\whitevision\data\raw\valid\Heavy_Equipment_1983_jpg.rf.9cbbac7197626035b2ddce2d8c283a97.jpg,loader,D:\whitevision\data\crops\loader\928_annot1191_loader.jpg,231,126,177,412,640,640,train
928,1192,D:\whitevision\data\raw\valid\Heavy_Equipment_1983_jpg.rf.9cbbac7197626035b2ddce2d8c283a97.jpg,excavator,D:\whitevision\data\crops\excavator\928_annot1192_excavator.jpg,507,31,23,37,640,640,train
929,1193,D:\whitevision\data\raw\valid\Heavy_Equipment_1797_jpg.rf.9d017141f04918f5e7806145ffc8d9bc.jpg,excavator,D:\whitevision\data\crops\excavator\929_annot1193_excavator.jpg,240,147,234,321,640,640,train
930,1194,D:\whitevision\data\raw\valid\M_D_image21_jpeg.rf.9d733fd3b2cef53b11d9bcbcb599ac5f.jpg,mixer_truck,D:\whitevision\data\crops\mixer_truck\930_annot1194_mixer_truck.jpg,0,31,592,573,640,640,train
931,1195,D:\whitevision\data\raw\valid\Heavy_Equipment_3638_jpg.rf.9acb04dc1e174f6c9c08f80e3ec7b43d.jpg,bulldozer,D:\whitevision\data\crops\bulldozer\931_annot1195_bulldozer.jpg,0,0,566,588,640,640,validation
932,1196,D:\whitevision\data\raw\valid\Heavy_Equipment_5142_jpg.rf.9da4be2b639f5fa1e6a4693bb492decd.jpg,bulldozer,D:\whitevision\data\crops\bulldozer\932_annot1196_bulldozer.jpg,0,0,640,620,640,640,train
933,1197,D:\whitevision\data\raw\valid\Heavy_Equipment_861_jpg.rf.9e0578aea0e0219c2d20f9c7229d05ba.jpg,mobile_crane,D:\whitevision\data\crops\mobile_crane\933_annot1197_mobile_crane.jpg,141,88,369,501,640,640,train
934,1198,D:\whitevision\data\raw\valid\Heavy_Equipment_4395_jpg.rf.9cdf19de07f2fbc78bd53771acbe67f5.jpg,bulldozer,D:\whitevision\data\crops\bulldozer\934_annot1198_bulldozer.jpg,89,109,512,476,640,640,validation
935,1199,D:\whitevision\data\raw\valid\Heavy_Equipment_449_jpg.rf.9d9444005b7e62c7ef2786157ec42bf5.jpg,dump_truck,D:\whitevision\data\crops\dump_truck\935_annot1199_dump_truck.jpg,312,129,138,240,640,640,train
936,1200,D:\whitevision\data\raw\valid\Heavy_Equipment_3884_jpg.rf.9e4576eb1239c261b3283fa19c04eac9.jpg,grader,D:\whitevision\data\crops\grader\936_annot1200_grader.jpg,11,0,629,640,640,640,train
937,1201,D:\whitevision\data\raw\valid\Heavy_Equipment_5620_jpg.rf.9f23b0ae6344eae4feb86b7975b9531b.jpg,roller,D:\whitevision\data\crops\roller\937_annot1201_roller.jpg,215,140,177,239,640,640,train
938,1202,D:\whitevision\data\raw\valid\Heavy_Equipment_5308_jpg.rf.9f63fafcbf62c3cb56a5a8285eb62cfd.jpg,roller,D:\whitevision\data\crops\roller\938_annot1202_roller.jpg,53,0,510,456,640,640,train
939,1203,D:\whitevision\data\raw\valid\Heavy_Equipment_5045_jpg.rf.9be356dc79de8dca373139326726d601.jpg,grader,D:\whitevision\data\crops\grader\939_annot1203_grader.jpg,0,56,640,403,640,640,train
941,1204,D:\whitevision\data\raw\valid\Heavy_Equipment_3216_jpg.rf.9fd96c33811dc46cf1784b8495fbeebb.jpg,bulldozer,D:\whitevision\data\crops\bulldozer\941_annot1204_bulldozer.jpg,102,135,426,349,640,640,train
942,1205,D:\whitevision\data\raw\valid\Heavy_Equipment_1728_jpg.rf.9d4994869d8e921fffd87d51107e0461.jpg,excavator,D:\whitevision\data\crops\excavator\942_annot1205_excavator.jpg,233,67,115,347,640,640,train
944,1206,D:\whitevision\data\raw\valid\Heavy_Equipment_4075_jpg.rf.9f5ebb5d0b335bc7779912322ec11495.jpg,bulldozer,D:\whitevision\data\crops\bulldozer\944_annot1206_bulldozer.jpg,1,31,639,609,640,640,train
945,1207,D:\whitevision\data\raw\valid\Heavy_Equipment_3460_jpg.rf.a01bfd7a34044e5f47d75b6089eb7fbc.jpg,grader,D:\whitevision\data\crops\grader\945_annot1207_grader.jpg,146,30,494,393,640,640,train
946,1208,D:\whitevision\data\raw\valid\Heavy_Equipment_3746_jpg.rf.9fff6595d725f1c60fdfa7b75def817e.jpg,grader,D:\whitevision\data\crops\grader\946_annot1208_grader.jpg,111,90,471,414,640,640,train
947,1209,D:\whitevision\data\raw\valid\Heavy_Equipment_5256_jpg.rf.a0044fbb660f58e6195f49edb03d7cf7.jpg,roller,D:\whitevision\data\crops\roller\947_annot1209_roller.jpg,174,74,312,290,640,640,validation
948,1210,D:\whitevision\data\raw\valid\Heavy_Equipment_3112_jpg.rf.9fbbc6a0fb70337daf1fd9758cb197a2.jpg,grader,D:\whitevision\data\crops\grader\948_annot1210_grader.jpg,60,54,510,513,640,640,test
949,1211,D:\whitevision\data\raw\valid\Heavy_Equipment_3251_jpg.rf.a07e62d9586c1bfcb05b5e4a57c153ca.jpg,bulldozer,D:\whitevision\data\crops\bulldozer\949_annot1211_bulldozer.jpg,0,15,640,622,640,640,train
950,1212,D:\whitevision\data\raw\valid\Heavy_Equipment_6271_jpg.rf.a04e6e14dd2b08f1513a097be716bc18.jpg,grader,D:\whitevision\data\crops\grader\950_annot1212_grader.jpg,177,155,287,357,640,640,train
951,1213,D:\whitevision\data\raw\valid\Heavy_Equipment_2920_jpg.rf.a0211cff2d69ae59d46a5ac836aa42b9.jpg,loader,D:\whitevision\data\crops\loader\951_annot1213_loader.jpg,308,216,222,290,640,640,train
951,1214,D:\whitevision\data\raw\valid\Heavy_Equipment_2920_jpg.rf.a0211cff2d69ae59d46a5ac836aa42b9.jpg,excavator,D:\whitevision\data\crops\excavator\951_annot1214_excavator.jpg,588,0,52,310,640,640,train
952,1215,D:\whitevision\data\raw\valid\Heavy_Equipment_267_jpg.rf.a091bcf8de095b40dc9cd600aa55d01d.jpg,excavator,D:\whitevision\data\crops\excavator\952_annot1215_excavator.jpg,0,130,387,314,640,640,train
952,1216,D:\whitevision\data\raw\valid\Heavy_Equipment_267_jpg.rf.a091bcf8de095b40dc9cd600aa55d01d.jpg,dump_truck,D:\whitevision\data\crops\dump_truck\952_annot1216_dump_truck.jpg,354,215,173,167,640,640,train
954,1217,D:\whitevision\data\raw\valid\Heavy_Equipment_3588_jpg.rf.a0ab9b7f83d7b67075ee65a15bc7d7d9.jpg,bulldozer,D:\whitevision\data\crops\bulldozer\954_annot1217_bulldozer.jpg,6,125,305,157,640,640,test
955,1218,D:\whitevision\data\raw\valid\Heavy_Equipment_3954_jpg.rf.a02ab05dd0b21efe01c9c78b77e1a457.jpg,grader,D:\whitevision\data\crops\grader\955_annot1218_grader.jpg,0,39,640,577,640,640,train
956,1219,D:\whitevision\data\raw\valid\Heavy_Equipment_5271_jpg.rf.a0dce33ce0b4feb5e9e313236985c98e.jpg,roller,D:\whitevision\data\crops\roller\956_annot1219_roller.jpg,199,0,350,501,640,640,train
957,1220,D:\whitevision\data\raw\valid\Heavy_Equipment_2910_jpg.rf.a0ff05ea6160041dbc3ababdbc2b5e9a.jpg,excavator,D:\whitevision\data\crops\excavator\957_annot1220_excavator.jpg,0,0,508,480,640,640,train
957,1221,D:\whitevision\data\raw\valid\Heavy_Equipment_2910_jpg.rf.a0ff05ea6160041dbc3ababdbc2b5e9a.jpg,dump_truck,D:\whitevision\data\crops\dump_truck\957_annot1221_dump_truck.jpg,211,242,358,398,640,640,train
957,1222,D:\whitevision\data\raw\valid\Heavy_Equipment_2910_jpg.rf.a0ff05ea6160041dbc3ababdbc2b5e9a.jpg,dump_truck,D:\whitevision\data\crops\dump_truck\957_annot1222_dump_truck.jpg,418,156,127,108,640,640,train
958,1223,D:\whitevision\data\raw\valid\Heavy_Equipment_3454_jpg.rf.a10fa35ba64afb6f8f614af2aa92e934.jpg,grader,D:\whitevision\data\crops\grader\958_annot1223_grader.jpg,65,204,523,369,640,640,test
959,1224,D:\whitevision\data\raw\valid\Heavy_Equipment_5958_jpg.rf.a1601cd64db50ef802837b8c099f2614.jpg,roller,D:\whitevision\data\crops\roller\959_annot1224_roller.jpg,201,17,240,366,640,640,test
960,1225,D:\whitevision\data\raw\valid\M_D_images5_jpg.rf.a2782689849caa46d48ac3056741b48f.jpg,mixer_truck,D:\whitevision\data\crops\mixer_truck\960_annot1225_mixer_truck.jpg,0,0,613,640,640,640,train
961,1226,D:\whitevision\data\raw\valid\Heavy_Equipment_551_jpg.rf.a28142a5b69a88bf2640ce7ab53f4dfb.jpg,excavator,D:\whitevision\data\crops\excavator\961_annot1226_excavator.jpg,79,0,396,640,640,640,validation
962,1227,D:\whitevision\data\raw\valid\Heavy_Equipment_1160_jpg.rf.a0ff50d3960c9d2691233fbb12a941d3.jpg,excavator,D:\whitevision\data\crops\excavator\962_annot1227_excavator.jpg,86,0,454,528,640,640,train
962,1228,D:\whitevision\data\raw\valid\Heavy_Equipment_1160_jpg.rf.a0ff50d3960c9d2691233fbb12a941d3.jpg,dump_truck,D:\whitevision\data\crops\dump_truck\962_annot1228_dump_truck.jpg,507,238,133,281,640,640,train
962,1229,D:\whitevision\data\raw\valid\Heavy_Equipment_1160_jpg.rf.a0ff50d3960c9d2691233fbb12a941d3.jpg,dump_truck,D:\whitevision\data\crops\dump_truck\962_annot1229_dump_truck.jpg,200,288,105,113,640,640,train
962,1230,D:\whitevision\data\raw\valid\Heavy_Equipment_1160_jpg.rf.a0ff50d3960c9d2691233fbb12a941d3.jpg,dump_truck,D:\whitevision\data\crops\dump_truck\962_annot1230_dump_truck.jpg,85,242,50,119,640,640,train
963,1231,D:\whitevision\data\raw\valid\Heavy_Equipment_3922_jpg.rf.a242062238b257a44bb6812a47576e52.jpg,grader,D:\whitevision\data\crops\grader\963_annot1231_grader.jpg,20,105,557,461,640,640,train
964,1232,D:\whitevision\data\raw\valid\Heavy_Equipment_3099_jpg.rf.a001484bbf55c1fa9bd71a44b5c018a2.jpg,grader,D:\whitevision\data\crops\grader\964_annot1232_grader.jpg,49,80,570,463,640,640,train
965,1233,D:\whitevision\data\raw\valid\Heavy_Equipment_6011_jpg.rf.a26d6458d131ca6dfab777ee80499433.jpg,roller,D:\whitevision\data\crops\roller\965_annot1233_roller.jpg,150,0,356,448,640,640,train
966,1234,D:\whitevision\data\raw\valid\Heavy_Equipment_3578_jpg.rf.a2363475dbf9447263c48eae174a2745.jpg,excavator,D:\whitevision\data\crops\excavator\966_annot1234_excavator.jpg,105,116,267,295,640,640,validation
967,1235,D:\whitevision\data\raw\valid\Heavy_Equipment_1199_jpg.rf.a2c48983429d70200519d9554cb0fbc4.jpg,roller,D:\whitevision\data\crops\roller\967_annot1235_roller.jpg,140,287,88,202,640,640,train
967,1236,D:\whitevision\data\raw\valid\Heavy_Equipment_1199_jpg.rf.a2c48983429d70200519d9554cb0fbc4.jpg,dump_truck,D:\whitevision\data\crops\dump_truck\967_annot1236_dump_truck.jpg,174,182,119,103,640,640,train
968,1237,D:\whitevision\data\raw\valid\Heavy_Equipment_1920_jpg.rf.a1276f9c47aaf2beabbcbfce87c56a0e.jpg,loader,D:\whitevision\data\crops\loader\968_annot1237_loader.jpg,106,112,228,276,640,640,validation
969,1238,D:\whitevision\data\raw\valid\Heavy_Equipment_1939_jpg.rf.a2f66e4765b9ab380aa06488c68951b2.jpg,loader,D:\whitevision\data\crops\loader\969_annot1238_loader.jpg,62,33,444,481,640,640,test
969,1239,D:\whitevision\data\raw\valid\Heavy_Equipment_1939_jpg.rf.a2f66e4765b9ab380aa06488c68951b2.jpg,dump_truck,D:\whitevision\data\crops\dump_truck\969_annot1239_dump_truck.jpg,364,120,174,456,640,640,test
970,1240,D:\whitevision\data\raw\valid\M_M_images142_jpg.rf.a38b7aece4320ac8ab69485c8d8d45bc.jpg,mixer_truck,D:\whitevision\data\crops\mixer_truck\970_annot1240_mixer_truck.jpg,0,32,640,608,640,640,test
971,1241,D:\whitevision\data\raw\valid\Heavy_Equipment_2695_jpg.rf.a30c2d5add15588d40690d264a120612.jpg,loader,D:\whitevision\data\crops\loader\971_annot1241_loader.jpg,31,289,147,105,640,640,train
971,1242,D:\whitevision\data\raw\valid\Heavy_Equipment_2695_jpg.rf.a30c2d5add15588d40690d264a120612.jpg,loader,D:\whitevision\data\crops\loader\971_annot1242_loader.jpg,276,258,129,112,640,640,train
971,1243,D:\whitevision\data\raw\valid\Heavy_Equipment_2695_jpg.rf.a30c2d5add15588d40690d264a120612.jpg,excavator,D:\whitevision\data\crops\excavator\971_annot1243_excavator.jpg,304,129,97,96,640,640,train
972,1244,D:\whitevision\data\raw\valid\Heavy_Equipment_915_jpg.rf.a3c98b5443568abdc5ed8a3913a31779.jpg,roller,D:\whitevision\data\crops\roller\972_annot1244_roller.jpg,316,342,93,69,640,640,train
972,1245,D:\whitevision\data\raw\valid\Heavy_Equipment_915_jpg.rf.a3c98b5443568abdc5ed8a3913a31779.jpg,loader,D:\whitevision\data\crops\loader\972_annot1245_loader.jpg,446,333,89,66,640,640,train
972,1246,D:\whitevision\data\raw\valid\Heavy_Equipment_915_jpg.rf.a3c98b5443568abdc5ed8a3913a31779.jpg,excavator,D:\whitevision\data\crops\excavator\972_annot1246_excavator.jpg,529,175,111,223,640,640,train
973,1247,D:\whitevision\data\raw\valid\Heavy_Equipment_5908_jpg.rf.a32d1eaa8d140b744644ec50b63e3a5c.jpg,roller,D:\whitevision\data\crops\roller\973_annot1247_roller.jpg,153,90,283,462,640,640,train
974,1248,D:\whitevision\data\raw\valid\Heavy_Equipment_3179_jpg.rf.a45914b78e3fc6074fca86ab1de29cfe.jpg,bulldozer,D:\whitevision\data\crops\bulldozer\974_annot1248_bulldozer.jpg,0,0,640,611,640,640,train
975,1249,D:\whitevision\data\raw\valid\Heavy_Equipment_997_jpg.rf.a3d4e519f704d1be31fa9f0d27e21e54.jpg,excavator,D:\whitevision\data\crops\excavator\975_annot1249_excavator.jpg,113,0,310,544,640,640,train
975,1250,D:\whitevision\data\raw\valid\Heavy_Equipment_997_jpg.rf.a3d4e519f704d1be31fa9f0d27e21e54.jpg,dump_truck,D:\whitevision\data\crops\dump_truck\975_annot1250_dump_truck.jpg,207,191,223,207,640,640,train
975,1251,D:\whitevision\data\raw\valid\Heavy_Equipment_997_jpg.rf.a3d4e519f704d1be31fa9f0d27e21e54.jpg,dump_truck,D:\whitevision\data\crops\dump_truck\975_annot1251_dump_truck.jpg,570,17,36,31,640,640,train
976,1252,D:\whitevision\data\raw\valid\Heavy_Equipment_217_jpg.rf.a4782ed53359f406039ad9be5a5c2e76.jpg,excavator,D:\whitevision\data\crops\excavator\976_annot1252_excavator.jpg,380,400,107,82,640,640,test
976,1253,D:\whitevision\data\raw\valid\Heavy_Equipment_217_jpg.rf.a4782ed53359f406039ad9be5a5c2e76.jpg,mobile_crane,D:\whitevision\data\crops\mobile_crane\976_annot1253_mobile_crane.jpg,45,181,135,215,640,640,test
977,1254,D:\whitevision\data\raw\valid\Heavy_Equipment_2489_jpg.rf.a4a7512680b8c971016ed185f6de73bb.jpg,mobile_crane,D:\whitevision\data\crops\mobile_crane\977_annot1254_mobile_crane.jpg,67,0,313,458,640,640,validation
978,1255,D:\whitevision\data\raw\valid\Heavy_Equipment_4554_jpg.rf.a4d2616f8687dc6f449b40677116e77e.jpg,bulldozer,D:\whitevision\data\crops\bulldozer\978_annot1255_bulldozer.jpg,0,63,640,554,640,640,train
979,1256,D:\whitevision\data\raw\valid\Heavy_Equipment_1255_jpg.rf.a38f17d154abf6c1ce2d1e38f8b6e604.jpg,excavator,D:\whitevision\data\crops\excavator\979_annot1256_excavator.jpg,166,66,245,446,640,640,train
980,1257,D:\whitevision\data\raw\valid\Heavy_Equipment_2342_jpg.rf.a5416477cd4848255e3d633a49c8a962.jpg,excavator,D:\whitevision\data\crops\excavator\980_annot1257_excavator.jpg,125,0,349,621,640,640,train
982,1258,D:\whitevision\data\raw\valid\Heavy_Equipment_5403_jpg.rf.a50ac798a480bf8efb5823d7b0258390.jpg,roller,D:\whitevision\data\crops\roller\982_annot1258_roller.jpg,245,136,197,284,640,640,train
983,1259,D:\whitevision\data\raw\valid\Heavy_Equipment_266_jpg.rf.a4329c4bd6257a5a0065eaa89171229c.jpg,excavator,D:\whitevision\data\crops\excavator\983_annot1259_excavator.jpg,7,108,151,291,640,640,train
983,1260,D:\whitevision\data\raw\valid\Heavy_Equipment_266_jpg.rf.a4329c4bd6257a5a0065eaa89171229c.jpg,excavator,D:\whitevision\data\crops\excavator\983_annot1260_excavator.jpg,224,183,115,217,640,640,train
983,1261,D:\whitevision\data\raw\valid\Heavy_Equipment_266_jpg.rf.a4329c4bd6257a5a0065eaa89171229c.jpg,excavator,D:\whitevision\data\crops\excavator\983_annot1261_excavator.jpg,347,283,112,108,640,640,train
983,1262,D:\whitevision\data\raw\valid\Heavy_Equipment_266_jpg.rf.a4329c4bd6257a5a0065eaa89171229c.jpg,excavator,D:\whitevision\data\crops\excavator\983_annot1262_excavator.jpg,498,262,141,179,640,640,train
983,1263,D:\whitevision\data\raw\valid\Heavy_Equipment_266_jpg.rf.a4329c4bd6257a5a0065eaa89171229c.jpg,dump_truck,D:\whitevision\data\crops\dump_truck\983_annot1263_dump_truck.jpg,497,358,53,61,640,640,train
983,1264,D:\whitevision\data\raw\valid\Heavy_Equipment_266_jpg.rf.a4329c4bd6257a5a0065eaa89171229c.jpg,excavator,D:\whitevision\data\crops\excavator\983_annot1264_excavator.jpg,150,244,49,116,640,640,train
984,1265,D:\whitevision\data\raw\valid\Heavy_Equipment_3194_jpg.rf.a4d833f707b416775da4e15324f176cb.jpg,bulldozer,D:\whitevision\data\crops\bulldozer\984_annot1265_bulldozer.jpg,0,0,640,640,640,640,train
986,1266,D:\whitevision\data\raw\valid\Heavy_Equipment_3264_jpg.rf.a11733bdc91836d1472d8df808a829b7.jpg,bulldozer,D:\whitevision\data\crops\bulldozer\986_annot1266_bulldozer.jpg,80,61,510,545,640,640,train
987,1267,D:\whitevision\data\raw\valid\Heavy_Equipment_4808_jpg.rf.a54786aa60ece3f827806ab3d9f53def.jpg,bulldozer,D:\whitevision\data\crops\bulldozer\987_annot1267_bulldozer.jpg,42,72,598,525,640,640,train
989,1268,D:\whitevision\data\raw\valid\Heavy_Equipment_5034_jpg.rf.a553ed58f326692107436fe817a5f444.jpg,bulldozer,D:\whitevision\data\crops\bulldozer\989_annot1268_bulldozer.jpg,0,63,640,521,640,640,validation
990,1269,D:\whitevision\data\raw\valid\Heavy_Equipment_1011_jpg.rf.a60013d9efe5fb0c44e3ca215e36fd91.jpg,loader,D:\whitevision\data\crops\loader\990_annot1269_loader.jpg,263,200,332,220,640,640,train
990,1270,D:\whitevision\data\raw\valid\Heavy_Equipment_1011_jpg.rf.a60013d9efe5fb0c44e3ca215e36fd91.jpg,roller,D:\whitevision\data\crops\roller\990_annot1270_roller.jpg,92,318,80,69,640,640,train
990,1271,D:\whitevision\data\raw\valid\Heavy_Equipment_1011_jpg.rf.a60013d9efe5fb0c44e3ca215e36fd91.jpg,loader,D:\whitevision\data\crops\loader\990_annot1271_loader.jpg,47,324,50,52,640,640,train
991,1272,D:\whitevision\data\raw\valid\Heavy_Equipment_3214_jpg.rf.a5f2e730bcceceaee680ca4e5ae5aad1.jpg,bulldozer,D:\whitevision\data\crops\bulldozer\991_annot1272_bulldozer.jpg,0,0,640,640,640,640,test
992,1273,D:\whitevision\data\raw\valid\Heavy_Equipment_1295_jpg.rf.a61c13c061c941d9cbc26e3cd0dfb370.jpg,mobile_crane,D:\whitevision\data\crops\mobile_crane\992_annot1273_mobile_crane.jpg,0,146,640,310,640,640,train
993,1274,D:\whitevision\data\raw\valid\Heavy_Equipment_2822_jpg.rf.a6325dacb0adc93d1a2516faf7033b92.jpg,mobile_crane,D:\whitevision\data\crops\mobile_crane\993_annot1274_mobile_crane.jpg,102,0,398,594,640,640,train
994,1275,D:\whitevision\data\raw\valid\Heavy_Equipment_701_jpg.rf.a773396a95ef37e794abebcd8ed39f74.jpg,excavator,D:\whitevision\data\crops\excavator\994_annot1275_excavator.jpg,162,140,229,332,640,640,train
995,1276,D:\whitevision\data\raw\valid\Heavy_Equipment_4971_jpg.rf.a6f881603e4740f3443f99fc8ab7b8aa.jpg,grader,D:\whitevision\data\crops\grader\995_annot1276_grader.jpg,4,106,636,310,640,640,train
997,1277,D:\whitevision\data\raw\valid\M_S_images24_jpg.rf.a67adb4c0caa339d910933388505e699.jpg,mixer_truck,D:\whitevision\data\crops\mixer_truck\997_annot1277_mixer_truck.jpg,97,25,533,615,640,640,validation
998,1278,D:\whitevision\data\raw\valid\Heavy_Equipment_1353_jpg.rf.a66dcf51c1b3c08938f70e19a92a1517.jpg,loader,D:\whitevision\data\crops\loader\998_annot1278_loader.jpg,31,96,591,544,640,640,train
998,1279,D:\whitevision\data\raw\valid\Heavy_Equipment_1353_jpg.rf.a66dcf51c1b3c08938f70e19a92a1517.jpg,dump_truck,D:\whitevision\data\crops\dump_truck\998_annot1279_dump_truck.jpg,0,266,223,374,640,640,train
998,1280,D:\whitevision\data\raw\valid\Heavy_Equipment_1353_jpg.rf.a66dcf51c1b3c08938f70e19a92a1517.jpg,dump_truck,D:\whitevision\data\crops\dump_truck\998_annot1280_dump_truck.jpg,442,272,198,227,640,640,train
999,1281,D:\whitevision\data\raw\valid\Heavy_Equipment_3226_jpg.rf.a751d6b3d8b9068b896a2b628616556e.jpg,bulldozer,D:\whitevision\data\crops\bulldozer\999_annot1281_bulldozer.jpg,0,6,640,634,640,640,train
1000,1282,D:\whitevision\data\raw\valid\Heavy_Equipment_322_jpg.rf.a6d1d35a07bf8c4a3004ac8cb01756c0.jpg,mobile_crane,D:\whitevision\data\crops\mobile_crane\1000_annot1282_mobile_crane.jpg,58,50,435,558,640,640,train
1001,1283,D:\whitevision\data\raw\valid\Heavy_Equipment_4030_jpg.rf.a652c2382cf9f4deb315122fbf216277.jpg,grader,D:\whitevision\data\crops\grader\1001_annot1283_grader.jpg,23,0,617,640,640,640,train
1003,1284,D:\whitevision\data\raw\valid\Heavy_Equipment_3379_jpg.rf.a5c7d51b82352a8f620e0a7942b80a0a.jpg,bulldozer,D:\whitevision\data\crops\bulldozer\1003_annot1284_bulldozer.jpg,0,10,640,630,640,640,validation
1004,1285,D:\whitevision\data\raw\valid\Heavy_Equipment_3190_jpg.rf.a801dd3b0265b0f34f6775f2016f36e0.jpg,bulldozer,D:\whitevision\data\crops\bulldozer\1004_annot1285_bulldozer.jpg,3,73,592,432,640,640,train
1005,1286,D:\whitevision\data\raw\valid\Heavy_Equipment_5708_jpg.rf.a821976bcfc1d507b7054dd93dd92aef.jpg,roller,D:\whitevision\data\crops\roller\1005_annot1286_roller.jpg,176,144,263,240,640,640,train
1006,1287,D:\whitevision\data\raw\valid\Heavy_Equipment_960_jpg.rf.a8006849c80cd57f56355075a79532b5.jpg,mobile_crane,D:\whitevision\data\crops\mobile_crane\1006_annot1287_mobile_crane.jpg,7,0,588,614,640,640,train
1008,1288,D:\whitevision\data\raw\valid\Heavy_Equipment_2725_jpg.rf.a83fb0ce8bf03a221c34634bb05e5516.jpg,excavator,D:\whitevision\data\crops\excavator\1008_annot1288_excavator.jpg,18,0,622,570,640,640,train
1008,1289,D:\whitevision\data\raw\valid\Heavy_Equipment_2725_jpg.rf.a83fb0ce8bf03a221c34634bb05e5516.jpg,excavator,D:\whitevision\data\crops\excavator\1008_annot1289_excavator.jpg,177,0,108,212,640,640,train
1009,1290,D:\whitevision\data\raw\valid\M_B_images84_jpg.rf.a4b4602e211bc641d78fa84bf1812f71.jpg,mixer_truck,D:\whitevision\data\crops\mixer_truck\1009_annot1290_mixer_truck.jpg,256,74,355,375,640,640,test
1009,1291,D:\whitevision\data\raw\valid\M_B_images84_jpg.rf.a4b4602e211bc641d78fa84bf1812f71.jpg,mixer_truck,D:\whitevision\data\crops\mixer_truck\1009_annot1291_mixer_truck.jpg,63,228,211,186,640,640,test
1010,1292,D:\whitevision\data\raw\valid\Heavy_Equipment_4431_jpg.rf.a8ae4ee1cfa1f64b001863aa0fb61348.jpg,bulldozer,D:\whitevision\data\crops\bulldozer\1010_annot1292_bulldozer.jpg,0,0,610,640,640,640,train
1012,1293,D:\whitevision\data\raw\valid\Heavy_Equipment_1397_jpg.rf.a8ed921f9f56dde5d4eeff99d2bfbb8e.jpg,excavator,D:\whitevision\data\crops\excavator\1012_annot1293_excavator.jpg,551,0,89,349,640,640,train
1012,1294,D:\whitevision\data\raw\valid\Heavy_Equipment_1397_jpg.rf.a8ed921f9f56dde5d4eeff99d2bfbb8e.jpg,roller,D:\whitevision\data\crops\roller\1012_annot1294_roller.jpg,0,57,113,131,640,640,train
1012,1295,D:\whitevision\data\raw\valid\Heavy_Equipment_1397_jpg.rf.a8ed921f9f56dde5d4eeff99d2bfbb8e.jpg,roller,D:\whitevision\data\crops\roller\1012_annot1295_roller.jpg,570,151,70,295,640,640,train
1013,1296,D:\whitevision\data\raw\valid\M_B_1-mercedes-benz-arocs-3245-concrete-mixer-truck_FS19_jpg.rf.a8e48d6bde04be18be0c380af6cb8842.jpg,mixer_truck,D:\whitevision\data\crops\mixer_truck\1013_annot1296_mixer_truck.jpg,65,57,463,546,640,640,validation
1014,1297,D:\whitevision\data\raw\valid\Heavy_Equipment_4417_jpg.rf.a8d9f5f2daba845a7b54c681dfe2d706.jpg,bulldozer,D:\whitevision\data\crops\bulldozer\1014_annot1297_bulldozer.jpg,16,53,624,537,640,640,train
1015,1298,D:\whitevision\data\raw\valid\Heavy_Equipment_2829_jpg.rf.a8e8678e79df25ea033f62268b5ee82b.jpg,excavator,D:\whitevision\data\crops\excavator\1015_annot1298_excavator.jpg,50,17,574,564,640,640,train
1016,1299,D:\whitevision\data\raw\valid\Heavy_Equipment_4903_jpg.rf.a8944526a4e83485fcdfe191a06dd1dd.jpg,grader,D:\whitevision\data\crops\grader\1016_annot1299_grader.jpg,62,56,535,584,640,640,train
1017,1300,D:\whitevision\data\raw\valid\Heavy_Equipment_3502_jpg.rf.a9ad3fa0e46e66907af5e4682b53e653.jpg,grader,D:\whitevision\data\crops\grader\1017_annot1300_grader.jpg,0,0,640,626,640,640,train
1018,1301,D:\whitevision\data\raw\valid\Heavy_Equipment_1757_jpg.rf.a9228a6222f8b7f846a5cb043ea1c0ed.jpg,loader,D:\whitevision\data\crops\loader\1018_annot1301_loader.jpg,128,251,488,379,640,640,train
1018,1302,D:\whitevision\data\raw\valid\Heavy_Equipment_1757_jpg.rf.a9228a6222f8b7f846a5cb043ea1c0ed.jpg,dump_truck,D:\whitevision\data\crops\dump_truck\1018_annot1302_dump_truck.jpg,2,307,307,333,640,640,train
1019,1303,D:\whitevision\data\raw\valid\Heavy_Equipment_5950_jpg.rf.a9543e6acec7c0a4baafcf7d6c03c005.jpg,roller,D:\whitevision\data\crops\roller\1019_annot1303_roller.jpg,214,53,217,330,640,640,train
1020,1304,D:\whitevision\data\raw\valid\Heavy_Equipment_5022_jpg.rf.aaef95f650250649a7bf25e72b238cd1.jpg,grader,D:\whitevision\data\crops\grader\1020_annot1304_grader.jpg,12,109,628,352,640,640,train
1021,1305,D:\whitevision\data\raw\valid\Heavy_Equipment_6106_jpg.rf.a951f1f95d58f6ee631957d18cd9f8c1.jpg,roller,D:\whitevision\data\crops\roller\1021_annot1305_roller.jpg,232,129,192,244,640,640,train
1022,1306,D:\whitevision\data\raw\valid\Heavy_Equipment_1403_jpg.rf.a9e694e04e7a8698340f49479279b276.jpg,mobile_crane,D:\whitevision\data\crops\mobile_crane\1022_annot1306_mobile_crane.jpg,272,308,93,149,640,640,validation
1023,1307,D:\whitevision\data\raw\valid\Heavy_Equipment_5724_jpg.rf.aaeb4b814496bc156a5422c1a3e9d653.jpg,roller,D:\whitevision\data\crops\roller\1023_annot1307_roller.jpg,162,172,289,236,640,640,train
1024,1308,D:\whitevision\data\raw\valid\Heavy_Equipment_4426_jpg.rf.ab08e3f66bc56c095134f68e8a24a8c9.jpg,bulldozer,D:\whitevision\data\crops\bulldozer\1024_annot1308_bulldozer.jpg,0,0,640,639,640,640,train
1025,1309,D:\whitevision\data\raw\valid\Heavy_Equipment_231_jpg.rf.a9b93b7c83cd92a5bf3b7ea3ce9a629b.jpg,mobile_crane,D:\whitevision\data\crops\mobile_crane\1025_annot1309_mobile_crane.jpg,243,158,317,354,640,640,train
1025,1310,D:\whitevision\data\raw\valid\Heavy_Equipment_231_jpg.rf.a9b93b7c83cd92a5bf3b7ea3ce9a629b.jpg,mobile_crane,D:\whitevision\data\crops\mobile_crane\1025_annot1310_mobile_crane.jpg,473,218,167,269,640,640,train
1026,1311,D:\whitevision\data\raw\valid\Heavy_Equipment_7_jpg.rf.ab73a2dc701fa641979efdbe83f4bdfa.jpg,grader,D:\whitevision\data\crops\grader\1026_annot1311_grader.jpg,91,0,549,640,640,640,train
1027,1312,D:\whitevision\data\raw\valid\Heavy_Equipment_1461_jpg.rf.abc97a662f8feb1a69a58398781a3206.jpg,dump_truck,D:\whitevision\data\crops\dump_truck\1027_annot1312_dump_truck.jpg,51,288,162,152,640,640,validation
1027,1313,D:\whitevision\data\raw\valid\Heavy_Equipment_1461_jpg.rf.abc97a662f8feb1a69a58398781a3206.jpg,dump_truck,D:\whitevision\data\crops\dump_truck\1027_annot1313_dump_truck.jpg,192,328,90,88,640,640,validation
1027,1314,D:\whitevision\data\raw\valid\Heavy_Equipment_1461_jpg.rf.abc97a662f8feb1a69a58398781a3206.jpg,excavator,D:\whitevision\data\crops\excavator\1027_annot1314_excavator.jpg,57,0,379,420,640,640,validation
1028,1315,D:\whitevision\data\raw\valid\Heavy_Equipment_1825_jpg.rf.ab194ac715c50979eee96ad7663da6cd.jpg,excavator,D:\whitevision\data\crops\excavator\1028_annot1315_excavator.jpg,145,0,446,640,640,640,train
1028,1316,D:\whitevision\data\raw\valid\Heavy_Equipment_1825_jpg.rf.ab194ac715c50979eee96ad7663da6cd.jpg,dump_truck,D:\whitevision\data\crops\dump_truck\1028_annot1316_dump_truck.jpg,387,34,196,207,640,640,train
1028,1317,D:\whitevision\data\raw\valid\Heavy_Equipment_1825_jpg.rf.ab194ac715c50979eee96ad7663da6cd.jpg,dump_truck,D:\whitevision\data\crops\dump_truck\1028_annot1317_dump_truck.jpg,163,201,157,193,640,640,train
1029,1318,D:\whitevision\data\raw\valid\Heavy_Equipment_3778_jpg.rf.ab4f592fc5f05a5489a560e1eb6f9d4c.jpg,grader,D:\whitevision\data\crops\grader\1029_annot1318_grader.jpg,0,77,615,523,640,640,train
1031,1319,D:\whitevision\data\raw\valid\Heavy_Equipment_3598_jpg.rf.acbe58e0397866527be1af0108111f35.jpg,grader,D:\whitevision\data\crops\grader\1031_annot1319_grader.jpg,106,249,474,168,640,640,train
1032,1320,D:\whitevision\data\raw\valid\Heavy_Equipment_5526_jpg.rf.acd8813976d658a06863706bddb57904.jpg,roller,D:\whitevision\data\crops\roller\1032_annot1320_roller.jpg,167,0,462,640,640,640,validation
1033,1321,D:\whitevision\data\raw\valid\Heavy_Equipment_4645_jpg.rf.aceccb5641528d86b37455c173df17d8.jpg,grader,D:\whitevision\data\crops\grader\1033_annot1321_grader.jpg,126,55,502,338,640,640,test
1035,1322,D:\whitevision\data\raw\valid\Heavy_Equipment_110_jpg.rf.ad193079fbf920e3508d944850e9b865.jpg,dump_truck,D:\whitevision\data\crops\dump_truck\1035_annot1322_dump_truck.jpg,0,209,250,335,640,640,validation
1035,1323,D:\whitevision\data\raw\valid\Heavy_Equipment_110_jpg.rf.ad193079fbf920e3508d944850e9b865.jpg,loader,D:\whitevision\data\crops\loader\1035_annot1323_loader.jpg,75,29,565,507,640,640,validation
1036,1324,D:\whitevision\data\raw\valid\Heavy_Equipment_4016_jpg.rf.adbb8543b4a6128109a305650fac02a1.jpg,grader,D:\whitevision\data\crops\grader\1036_annot1324_grader.jpg,0,4,640,636,640,640,train
1037,1325,D:\whitevision\data\raw\valid\Heavy_Equipment_2605_jpg.rf.ad01b17033f8073af059a0b9f7858c06.jpg,excavator,D:\whitevision\data\crops\excavator\1037_annot1325_excavator.jpg,50,0,548,640,640,640,train
1038,1326,D:\whitevision\data\raw\valid\Heavy_Equipment_4694_jpg.rf.adb3d8d739cc2cb0cdce361a0207aa5e.jpg,bulldozer,D:\whitevision\data\crops\bulldozer\1038_annot1326_bulldozer.jpg,81,31,559,581,640,640,train
1039,1327,D:\whitevision\data\raw\valid\Heavy_Equipment_5434_jpg.rf.ada2a8cf72c29bd862c00e7275f7884e.jpg,roller,D:\whitevision\data\crops\roller\1039_annot1327_roller.jpg,153,0,412,339,640,640,test
1040,1328,D:\whitevision\data\raw\valid\Heavy_Equipment_2483_jpg.rf.adab0b365fe99170d1106a3dc369dbbf.jpg,loader,D:\whitevision\data\crops\loader\1040_annot1328_loader.jpg,3,178,524,428,640,640,train
1040,1329,D:\whitevision\data\raw\valid\Heavy_Equipment_2483_jpg.rf.adab0b365fe99170d1106a3dc369dbbf.jpg,dump_truck,D:\whitevision\data\crops\dump_truck\1040_annot1329_dump_truck.jpg,259,0,262,179,640,640,train
1041,1330,D:\whitevision\data\raw\valid\Heavy_Equipment_4757_jpg.rf.adecf2ad97b563c63818c79c98488d47.jpg,grader,D:\whitevision\data\crops\grader\1041_annot1330_grader.jpg,7,81,633,532,640,640,train
1042,1331,D:\whitevision\data\raw\valid\Heavy_Equipment_5354_jpg.rf.abccbed41c9bbffd64598f7211228fa4.jpg,roller,D:\whitevision\data\crops\roller\1042_annot1331_roller.jpg,127,53,325,491,640,640,train
1043,1332,D:\whitevision\data\raw\valid\Heavy_Equipment_4499_jpg.rf.ad6c1926b8bcbb097451ef6d60365aec.jpg,bulldozer,D:\whitevision\data\crops\bulldozer\1043_annot1332_bulldozer.jpg,115,291,227,175,640,640,train
1044,1333,D:\whitevision\data\raw\valid\Heavy_Equipment_2409_jpg.rf.aec06169fbc0bfca7cf69cdbf375862a.jpg,dump_truck,D:\whitevision\data\crops\dump_truck\1044_annot1333_dump_truck.jpg,3,245,310,395,640,640,train
1045,1334,D:\whitevision\data\raw\valid\Heavy_Equipment_4353_jpg.rf.af51181612e9f2951e93a053a37ba612.jpg,bulldozer,D:\whitevision\data\crops\bulldozer\1045_annot1334_bulldozer.jpg,38,140,535,402,640,640,train
1046,1335,D:\whitevision\data\raw\valid\Heavy_Equipment_5025_jpg.rf.aeba2a9353bb0c6e0627847b05578549.jpg,grader,D:\whitevision\data\crops\grader\1046_annot1335_grader.jpg,0,43,640,507,640,640,validation
1047,1336,D:\whitevision\data\raw\valid\Heavy_Equipment_2434_jpg.rf.ae402c01ea251964b63db3a376edd131.jpg,excavator,D:\whitevision\data\crops\excavator\1047_annot1336_excavator.jpg,37,0,533,530,640,640,train
1047,1337,D:\whitevision\data\raw\valid\Heavy_Equipment_2434_jpg.rf.ae402c01ea251964b63db3a376edd131.jpg,dump_truck,D:\whitevision\data\crops\dump_truck\1047_annot1337_dump_truck.jpg,0,181,131,204,640,640,train
1047,1338,D:\whitevision\data\raw\valid\Heavy_Equipment_2434_jpg.rf.ae402c01ea251964b63db3a376edd131.jpg,dump_truck,D:\whitevision\data\crops\dump_truck\1047_annot1338_dump_truck.jpg,0,428,429,212,640,640,train
1049,1339,D:\whitevision\data\raw\valid\Heavy_Equipment_6260_jpg.rf.b147356891f51598f7f7ead7297d7a95.jpg,bulldozer,D:\whitevision\data\crops\bulldozer\1049_annot1339_bulldozer.jpg,41,0,599,640,640,640,train
1050,1340,D:\whitevision\data\raw\valid\Heavy_Equipment_5530_jpg.rf.ae42191b304a24be8ba71080673f83c2.jpg,roller,D:\whitevision\data\crops\roller\1050_annot1340_roller.jpg,85,0,389,442,640,640,test
1051,1341,D:\whitevision\data\raw\valid\Heavy_Equipment_6327_JPG.rf.af27cb99704811eba90b8d51d4f835cb.jpg,excavator,D:\whitevision\data\crops\excavator\1051_annot1341_excavator.jpg,242,0,166,363,640,640,train
1052,1342,D:\whitevision\data\raw\valid\Heavy_Equipment_5992_jpg.rf.b0b91d2d4be02e772ea3cd0a7f290875.jpg,roller,D:\whitevision\data\crops\roller\1052_annot1342_roller.jpg,167,0,271,459,640,640,train
1053,1343,D:\whitevision\data\raw\valid\Heavy_Equipment_4977_jpg.rf.af20c91c619e8ded859a1f6834d6db1b.jpg,grader,D:\whitevision\data\crops\grader\1053_annot1343_grader.jpg,31,20,609,591,640,640,train
1054,1344,D:\whitevision\data\raw\valid\Heavy_Equipment_3498_jpg.rf.b0336eed6e3d46e2b35bb5070a96d0d7.jpg,bulldozer,D:\whitevision\data\crops\bulldozer\1054_annot1344_bulldozer.jpg,200,160,440,356,640,640,train
1055,1345,D:\whitevision\data\raw\valid\Heavy_Equipment_1636_jpg.rf.b17f9b43cc207ed388a183e65cefdf9f.jpg,mobile_crane,D:\whitevision\data\crops\mobile_crane\1055_annot1345_mobile_crane.jpg,1,0,442,406,640,640,train
1056,1346,D:\whitevision\data\raw\valid\Heavy_Equipment_1973_jpg.rf.b16bf777b489746ea2345a0b01b0e21a.jpg,dump_truck,D:\whitevision\data\crops\dump_truck\1056_annot1346_dump_truck.jpg,224,177,93,124,640,640,train
1056,1347,D:\whitevision\data\raw\valid\Heavy_Equipment_1973_jpg.rf.b16bf777b489746ea2345a0b01b0e21a.jpg,excavator,D:\whitevision\data\crops\excavator\1056_annot1347_excavator.jpg,51,56,445,416,640,640,train
1056,1348,D:\whitevision\data\raw\valid\Heavy_Equipment_1973_jpg.rf.b16bf777b489746ea2345a0b01b0e21a.jpg,dump_truck,D:\whitevision\data\crops\dump_truck\1056_annot1348_dump_truck.jpg,453,67,49,49,640,640,train
1057,1349,D:\whitevision\data\raw\valid\Heavy_Equipment_6027_jpg.rf.b1241b831c92a177856e558a9154d7c3.jpg,roller,D:\whitevision\data\crops\roller\1057_annot1349_roller.jpg,0,0,593,368,640,640,train
1058,1350,D:\whitevision\data\raw\valid\Heavy_Equipment_4983_jpg.rf.ae76073908a7323f975bee6b279167e3.jpg,grader,D:\whitevision\data\crops\grader\1058_annot1350_grader.jpg,50,127,571,439,640,640,train
1059,1351,D:\whitevision\data\raw\valid\Heavy_Equipment_5696_jpg.rf.b1f71a9fb71323e1542f5cb72a5efb67.jpg,roller,D:\whitevision\data\crops\roller\1059_annot1351_roller.jpg,171,41,263,300,640,640,train
1060,1352,D:\whitevision\data\raw\valid\Heavy_Equipment_1822_jpg.rf.b1d79107a0e938f39f08b0f48ee16187.jpg,mobile_crane,D:\whitevision\data\crops\mobile_crane\1060_annot1352_mobile_crane.jpg,195,199,333,391,640,640,train
1061,1353,D:\whitevision\data\raw\valid\Heavy_Equipment_2332_jpg.rf.b183c6aa9133a0563d1951094a4542fc.jpg,excavator,D:\whitevision\data\crops\excavator\1061_annot1353_excavator.jpg,75,239,300,148,640,640,train
1061,1354,D:\whitevision\data\raw\valid\Heavy_Equipment_2332_jpg.rf.b183c6aa9133a0563d1951094a4542fc.jpg,dump_truck,D:\whitevision\data\crops\dump_truck\1061_annot1354_dump_truck.jpg,242,346,167,113,640,640,train
1061,1355,D:\whitevision\data\raw\valid\Heavy_Equipment_2332_jpg.rf.b183c6aa9133a0563d1951094a4542fc.jpg,excavator,D:\whitevision\data\crops\excavator\1061_annot1355_excavator.jpg,351,100,162,288,640,640,train
1061,1356,D:\whitevision\data\raw\valid\Heavy_Equipment_2332_jpg.rf.b183c6aa9133a0563d1951094a4542fc.jpg,dump_truck,D:\whitevision\data\crops\dump_truck\1061_annot1356_dump_truck.jpg,477,299,149,130,640,640,train
1062,1357,D:\whitevision\data\raw\valid\Heavy_Equipment_4578_jpg.rf.b20fee4c245e102babe037a133bd04a2.jpg,bulldozer,D:\whitevision\data\crops\bulldozer\1062_annot1357_bulldozer.jpg,21,0,619,640,640,640,test
1063,1358,D:\whitevision\data\raw\valid\Heavy_Equipment_895_jpg.rf.b17d5ba3958df7f51df263357921d446.jpg,excavator,D:\whitevision\data\crops\excavator\1063_annot1358_excavator.jpg,204,24,303,420,640,640,validation
1063,1359,D:\whitevision\data\raw\valid\Heavy_Equipment_895_jpg.rf.b17d5ba3958df7f51df263357921d446.jpg,dump_truck,D:\whitevision\data\crops\dump_truck\1063_annot1359_dump_truck.jpg,223,269,113,116,640,640,validation
1064,1360,D:\whitevision\data\raw\valid\Heavy_Equipment_5603_jpg.rf.af9719adb72561682732dd67f77c5382.jpg,roller,D:\whitevision\data\crops\roller\1064_annot1360_roller.jpg,153,73,300,294,640,640,train
1065,1361,D:\whitevision\data\raw\valid\M_M_images11_jpg.rf.b211a0fb9585263fd3b3889a7d1feff7.jpg,mixer_truck,D:\whitevision\data\crops\mixer_truck\1065_annot1361_mixer_truck.jpg,7,82,616,540,640,640,test
1066,1362,D:\whitevision\data\raw\valid\Heavy_Equipment_3737_jpg.rf.b1dc8b6624b33be94740e4a071c0d25b.jpg,dump_truck,D:\whitevision\data\crops\dump_truck\1066_annot1362_dump_truck.jpg,60,132,580,476,640,640,train
1067,1363,D:\whitevision\data\raw\valid\Heavy_Equipment_1701_jpg.rf.b1bb8a8de16869217f1d4c38687a509a.jpg,excavator,D:\whitevision\data\crops\excavator\1067_annot1363_excavator.jpg,29,47,328,593,640,640,train
1067,1364,D:\whitevision\data\raw\valid\Heavy_Equipment_1701_jpg.rf.b1bb8a8de16869217f1d4c38687a509a.jpg,dump_truck,D:\whitevision\data\crops\dump_truck\1067_annot1364_dump_truck.jpg,364,464,276,176,640,640,train
1069,1365,D:\whitevision\data\raw\valid\Heavy_Equipment_4073_jpg.rf.b09814546ba0bc0bebdc76fa7c1bfa0c.jpg,grader,D:\whitevision\data\crops\grader\1069_annot1365_grader.jpg,329,159,311,250,640,640,train
1069,1366,D:\whitevision\data\raw\valid\Heavy_Equipment_4073_jpg.rf.b09814546ba0bc0bebdc76fa7c1bfa0c.jpg,grader,D:\whitevision\data\crops\grader\1069_annot1366_grader.jpg,84,159,279,229,640,640,train
1070,1367,D:\whitevision\data\raw\valid\Heavy_Equipment_1006_jpg.rf.b2051d5cb6c5c4c49886e2c53996240f.jpg,excavator,D:\whitevision\data\crops\excavator\1070_annot1367_excavator.jpg,218,58,422,438,640,640,validation
1071,1368,D:\whitevision\data\raw\valid\Heavy_Equipment_6030_jpg.rf.b25e38f24b22b06f24a187c6cb884961.jpg,roller,D:\whitevision\data\crops\roller\1071_annot1368_roller.jpg,153,0,330,400,640,640,train
1073,1369,D:\whitevision\data\raw\valid\Heavy_Equipment_5408_jpg.rf.b32a7f84df10f17595c132b6ca03fd60.jpg,roller,D:\whitevision\data\crops\roller\1073_annot1369_roller.jpg,156,88,289,342,640,640,train
1075,1370,D:\whitevision\data\raw\valid\Heavy_Equipment_5561_jpg.rf.b27d13ebc18b384c3ce962bd20be230f.jpg,roller,D:\whitevision\data\crops\roller\1075_annot1370_roller.jpg,175,38,307,368,640,640,train
1076,1371,D:\whitevision\data\raw\valid\M_B_images133_jpg.rf.b38c1df037366bf2d8b6f79de1400aaa.jpg,mixer_truck,D:\whitevision\data\crops\mixer_truck\1076_annot1371_mixer_truck.jpg,8,37,579,527,640,640,train
1077,1372,D:\whitevision\data\raw\valid\Heavy_Equipment_1117_jpg.rf.b37d6ce2f238bf3a5ee3d50501a172e6.jpg,dump_truck,D:\whitevision\data\crops\dump_truck\1077_annot1372_dump_truck.jpg,53,366,393,259,640,640,test
1077,1373,D:\whitevision\data\raw\valid\Heavy_Equipment_1117_jpg.rf.b37d6ce2f238bf3a5ee3d50501a172e6.jpg,excavator,D:\whitevision\data\crops\excavator\1077_annot1373_excavator.jpg,256,137,159,383,640,640,test
1078,1374,D:\whitevision\data\raw\valid\Heavy_Equipment_4316_jpg.rf.b40bc7a48a5228b534c7d4cfc54ef641.jpg,grader,D:\whitevision\data\crops\grader\1078_annot1374_grader.jpg,29,206,574,342,640,640,validation
1080,1375,D:\whitevision\data\raw\valid\Heavy_Equipment_2344_jpg.rf.b4310e25cb840b9998063fa6365a6819.jpg,loader,D:\whitevision\data\crops\loader\1080_annot1375_loader.jpg,212,122,104,226,640,640,validation
1080,1376,D:\whitevision\data\raw\valid\Heavy_Equipment_2344_jpg.rf.b4310e25cb840b9998063fa6365a6819.jpg,loader,D:\whitevision\data\crops\loader\1080_annot1376_loader.jpg,319,180,227,270,640,640,validation
1080,1377,D:\whitevision\data\raw\valid\Heavy_Equipment_2344_jpg.rf.b4310e25cb840b9998063fa6365a6819.jpg,dump_truck,D:\whitevision\data\crops\dump_truck\1080_annot1377_dump_truck.jpg,136,112,68,36,640,640,validation
1081,1378,D:\whitevision\data\raw\valid\Heavy_Equipment_3435_jpg.rf.b20cfd00489759395f128ead181685f9.jpg,bulldozer,D:\whitevision\data\crops\bulldozer\1081_annot1378_bulldozer.jpg,44,35,596,589,640,640,train
1082,1379,D:\whitevision\data\raw\valid\Heavy_Equipment_1025_jpg.rf.b01655d2663d4a5d7d8028443e3bf455.jpg,loader,D:\whitevision\data\crops\loader\1082_annot1379_loader.jpg,25,175,299,369,640,640,train
1082,1380,D:\whitevision\data\raw\valid\Heavy_Equipment_1025_jpg.rf.b01655d2663d4a5d7d8028443e3bf455.jpg,dump_truck,D:\whitevision\data\crops\dump_truck\1082_annot1380_dump_truck.jpg,468,130,172,365,640,640,train
1083,1381,D:\whitevision\data\raw\valid\Heavy_Equipment_4380_jpg.rf.b4a2eff5e18e7f8d3fb995dd9123fbf5.jpg,grader,D:\whitevision\data\crops\grader\1083_annot1381_grader.jpg,19,124,613,460,640,640,test
1084,1382,D:\whitevision\data\raw\valid\Heavy_Equipment_5493_jpg.rf.b33188da8693a8d5fb3280f40bddd757.jpg,roller,D:\whitevision\data\crops\roller\1084_annot1382_roller.jpg,235,101,175,415,640,640,validation
1085,1383,D:\whitevision\data\raw\valid\Heavy_Equipment_4943_jpg.rf.b4ffd143db4a6d8592155040a286ce59.jpg,bulldozer,D:\whitevision\data\crops\bulldozer\1085_annot1383_bulldozer.jpg,63,104,558,410,640,640,train
1086,1384,D:\whitevision\data\raw\valid\Heavy_Equipment_5401_jpg.rf.b6237ffaa4d5f838635062266db7660f.jpg,roller,D:\whitevision\data\crops\roller\1086_annot1384_roller.jpg,212,178,196,184,640,640,train
1087,1385,D:\whitevision\data\raw\valid\Heavy_Equipment_2904_jpg.rf.b5029fe842f09a89924af37b94c4e994.jpg,excavator,D:\whitevision\data\crops\excavator\1087_annot1385_excavator.jpg,119,0,376,451,640,640,test
1087,1386,D:\whitevision\data\raw\valid\Heavy_Equipment_2904_jpg.rf.b5029fe842f09a89924af37b94c4e994.jpg,dump_truck,D:\whitevision\data\crops\dump_truck\1087_annot1386_dump_truck.jpg,0,145,299,124,640,640,test
1088,1387,D:\whitevision\data\raw\valid\Heavy_Equipment_703_jpg.rf.b48fd1a2d34e071b2f1706d793088167.jpg,dump_truck,D:\whitevision\data\crops\dump_truck\1088_annot1387_dump_truck.jpg,151,178,110,146,640,640,train
1089,1388,D:\whitevision\data\raw\valid\Heavy_Equipment_1371_jpg.rf.b6cb134a8f9ce1324a56cfa19af142c5.jpg,dump_truck,D:\whitevision\data\crops\dump_truck\1089_annot1388_dump_truck.jpg,242,90,349,515,640,640,train
1089,1389,D:\whitevision\data\raw\valid\Heavy_Equipment_1371_jpg.rf.b6cb134a8f9ce1324a56cfa19af142c5.jpg,loader,D:\whitevision\data\crops\loader\1089_annot1389_loader.jpg,9,0,224,445,640,640,train
1090,1390,D:\whitevision\data\raw\valid\Heavy_Equipment_2924_jpg.rf.b6633580adc5cf5e06cb23a91f7903b0.jpg,excavator,D:\whitevision\data\crops\excavator\1090_annot1390_excavator.jpg,176,44,457,577,640,640,train
1090,1391,D:\whitevision\data\raw\valid\Heavy_Equipment_2924_jpg.rf.b6633580adc5cf5e06cb23a91f7903b0.jpg,dump_truck,D:\whitevision\data\crops\dump_truck\1090_annot1391_dump_truck.jpg,0,377,177,240,640,640,train
1091,1392,D:\whitevision\data\raw\valid\Heavy_Equipment_5921_jpg.rf.b474e9035a041943d9a8d098e4ae44f3.jpg,roller,D:\whitevision\data\crops\roller\1091_annot1392_roller.jpg,190,130,225,240,640,640,train
1092,1393,D:\whitevision\data\raw\valid\Heavy_Equipment_4601_jpg.rf.b71e1ef51969ca44284d413fb884b225.jpg,bulldozer,D:\whitevision\data\crops\bulldozer\1092_annot1393_bulldozer.jpg,13,92,627,494,640,640,train
1093,1394,D:\whitevision\data\raw\valid\M_S_9860_9686145212772_jpg.rf.b7e9b4bf33dc8a12b4ecb99285cab61d.jpg,mixer_truck,D:\whitevision\data\crops\mixer_truck\1093_annot1394_mixer_truck.jpg,31,131,566,480,640,640,train
1095,1395,D:\whitevision\data\raw\valid\M_M_7510870_jpg.rf.b7746da943f0c20b09baef84dde9576c.jpg,mixer_truck,D:\whitevision\data\crops\mixer_truck\1095_annot1395_mixer_truck.jpg,64,37,525,543,640,640,train
1096,1396,D:\whitevision\data\raw\valid\M_D_k5mvf_our_6_cube_mixer_10p_6x4_n_mixer_ss_jpg.rf.b7ce79c6666ba8efd81f54e3a392d1d2.jpg,mixer_truck,D:\whitevision\data\crops\mixer_truck\1096_annot1396_mixer_truck.jpg,44,85,578,481,640,640,train
1097,1397,D:\whitevision\data\raw\valid\Heavy_Equipment_3499_jpg.rf.b80d8180809391826a50030acd8da952.jpg,bulldozer,D:\whitevision\data\crops\bulldozer\1097_annot1397_bulldozer.jpg,0,30,640,474,640,640,validation
1098,1398,D:\whitevision\data\raw\valid\Heavy_Equipment_2153_jpg.rf.b8737c068e78d1c9cb0785f5a042511e.jpg,excavator,D:\whitevision\data\crops\excavator\1098_annot1398_excavator.jpg,330,168,197,314,640,640,train
1098,1399,D:\whitevision\data\raw\valid\Heavy_Equipment_2153_jpg.rf.b8737c068e78d1c9cb0785f5a042511e.jpg,loader,D:\whitevision\data\crops\loader\1098_annot1399_loader.jpg,517,313,116,111,640,640,train
1099,1400,D:\whitevision\data\raw\valid\Heavy_Equipment_3640_jpg.rf.b927ad4a201c0da7b734578aad9ab182.jpg,grader,D:\whitevision\data\crops\grader\1099_annot1400_grader.jpg,2,39,638,556,640,640,train
1100,1401,D:\whitevision\data\raw\valid\Heavy_Equipment_5536_jpg.rf.b897de787801c513ae13350645133cb8.jpg,roller,D:\whitevision\data\crops\roller\1100_annot1401_roller.jpg,0,0,640,640,640,640,train
1101,1402,D:\whitevision\data\raw\valid\Heavy_Equipment_5325_jpg.rf.b92dc3f3d6b3309ae5dacacc94c99a3c.jpg,roller,D:\whitevision\data\crops\roller\1101_annot1402_roller.jpg,242,151,201,286,640,640,train
1102,1403,D:\whitevision\data\raw\valid\Heavy_Equipment_6227_jpg.rf.b8424ca2d04c83a0fd7b823143685c62.jpg,grader,D:\whitevision\data\crops\grader\1102_annot1403_grader.jpg,117,125,395,331,640,640,train
1104,1404,D:\whitevision\data\raw\valid\Heavy_Equipment_5185_jpg.rf.ba14951fc15af09f919b07976c9046b4.jpg,bulldozer,D:\whitevision\data\crops\bulldozer\1104_annot1404_bulldozer.jpg,155,45,485,552,640,640,train
1105,1405,D:\whitevision\data\raw\valid\M_M_images110_jpg.rf.b8f0fbaf3c4c7d28f373c29f25f6345b.jpg,mixer_truck,D:\whitevision\data\crops\mixer_truck\1105_annot1405_mixer_truck.jpg,0,0,640,629,640,640,test
1106,1406,D:\whitevision\data\raw\valid\M_M_images135_jpg.rf.b7a4015f417cb244dc17924d8b8e070f.jpg,mixer_truck,D:\whitevision\data\crops\mixer_truck\1106_annot1406_mixer_truck.jpg,70,132,514,448,640,640,train
1108,1407,D:\whitevision\data\raw\valid\Heavy_Equipment_2493_jpg.rf.ba3ef84dbdf5c08a7c362672424816cc.jpg,mobile_crane,D:\whitevision\data\crops\mobile_crane\1108_annot1407_mobile_crane.jpg,219,207,321,347,640,640,train
1108,1408,D:\whitevision\data\raw\valid\Heavy_Equipment_2493_jpg.rf.ba3ef84dbdf5c08a7c362672424816cc.jpg,mobile_crane,D:\whitevision\data\crops\mobile_crane\1108_annot1408_mobile_crane.jpg,17,207,181,328,640,640,train
1109,1409,D:\whitevision\data\raw\valid\Heavy_Equipment_3871_jpg.rf.b8a0c76572063f382b290c42842a429d.jpg,grader,D:\whitevision\data\crops\grader\1109_annot1409_grader.jpg,0,21,640,619,640,640,train
1110,1410,D:\whitevision\data\raw\valid\Heavy_Equipment_2540_jpg.rf.ba3f81f5ca631b488a4a9760cc251e1a.jpg,excavator,D:\whitevision\data\crops\excavator\1110_annot1410_excavator.jpg,119,0,377,469,640,640,train
1110,1411,D:\whitevision\data\raw\valid\Heavy_Equipment_2540_jpg.rf.ba3f81f5ca631b488a4a9760cc251e1a.jpg,dump_truck,D:\whitevision\data\crops\dump_truck\1110_annot1411_dump_truck.jpg,355,278,129,127,640,640,train
1113,1412,D:\whitevision\data\raw\valid\Heavy_Equipment_3049_jpg.rf.b797c907a3c88bcf32929ac833b3f693.jpg,grader,D:\whitevision\data\crops\grader\1113_annot1412_grader.jpg,104,251,436,248,640,640,train
1114,1413,D:\whitevision\data\raw\valid\Heavy_Equipment_4627_jpg.rf.baf37104d14730b25b8772b0db4f211b.jpg,bulldozer,D:\whitevision\data\crops\bulldozer\1114_annot1413_bulldozer.jpg,0,0,640,640,640,640,train
1115,1414,D:\whitevision\data\raw\valid\Heavy_Equipment_3565_jpg.rf.b9af08ac04aff92e737c59a9dfd81450.jpg,excavator,D:\whitevision\data\crops\excavator\1115_annot1414_excavator.jpg,0,151,640,268,640,640,train
1116,1415,D:\whitevision\data\raw\valid\Heavy_Equipment_2796_jpg.rf.b82a5ffb35770129ff9d44e497121f75.jpg,mobile_crane,D:\whitevision\data\crops\mobile_crane\1116_annot1415_mobile_crane.jpg,74,0,481,640,640,640,train
1117,1416,D:\whitevision\data\raw\valid\Heavy_Equipment_538_jpg.rf.b8399de6c36ef11c56c3b75e17d59857.jpg,excavator,D:\whitevision\data\crops\excavator\1117_annot1416_excavator.jpg,212,0,233,342,640,640,train
1117,1417,D:\whitevision\data\raw\valid\Heavy_Equipment_538_jpg.rf.b8399de6c36ef11c56c3b75e17d59857.jpg,excavator,D:\whitevision\data\crops\excavator\1117_annot1417_excavator.jpg,0,0,133,173,640,640,train
1118,1418,D:\whitevision\data\raw\valid\Heavy_Equipment_4190_jpg.rf.b90add367f2cb6e9948b98e23c2b8eae.jpg,bulldozer,D:\whitevision\data\crops\bulldozer\1118_annot1418_bulldozer.jpg,16,117,624,474,640,640,train
1119,1419,D:\whitevision\data\raw\valid\Heavy_Equipment_1919_jpg.rf.bc28463cdbc18d9176791a60587e6e10.jpg,mobile_crane,D:\whitevision\data\crops\mobile_crane\1119_annot1419_mobile_crane.jpg,0,0,640,586,640,640,validation
1120,1420,D:\whitevision\data\raw\valid\Heavy_Equipment_5278_jpg.rf.bc5529bcb93f3a6a95f5641ff5f78703.jpg,roller,D:\whitevision\data\crops\roller\1120_annot1420_roller.jpg,164,75,358,414,640,640,train
1123,1421,D:\whitevision\data\raw\valid\Heavy_Equipment_211_jpg.rf.bcbe60f8cd8010b9cc465e5b94afe489.jpg,bulldozer,D:\whitevision\data\crops\bulldozer\1123_annot1421_bulldozer.jpg,49,1,573,595,640,640,train
1124,1422,D:\whitevision\data\raw\valid\Heavy_Equipment_5860_jpg.rf.bb5f83e82cfe7d2547b5a9984d472aef.jpg,roller,D:\whitevision\data\crops\roller\1124_annot1422_roller.jpg,188,0,248,407,640,640,train
1125,1423,D:\whitevision\data\raw\valid\Heavy_Equipment_2438_jpg.rf.bc6a0b9ab1809e02f94e7789849720bc.jpg,excavator,D:\whitevision\data\crops\excavator\1125_annot1423_excavator.jpg,53,42,468,598,640,640,train
1126,1424,D:\whitevision\data\raw\valid\Heavy_Equipment_2579_jpg.rf.ba918fc0a99f67bc244e2326b8724b2c.jpg,excavator,D:\whitevision\data\crops\excavator\1126_annot1424_excavator.jpg,254,44,140,289,640,640,train
1126,1425,D:\whitevision\data\raw\valid\Heavy_Equipment_2579_jpg.rf.ba918fc0a99f67bc244e2326b8724b2c.jpg,dump_truck,D:\whitevision\data\crops\dump_truck\1126_annot1425_dump_truck.jpg,207,264,372,229,640,640,train
1126,1426,D:\whitevision\data\raw\valid\Heavy_Equipment_2579_jpg.rf.ba918fc0a99f67bc244e2326b8724b2c.jpg,excavator,D:\whitevision\data\crops\excavator\1126_annot1426_excavator.jpg,3,0,148,365,640,640,train
1127,1427,D:\whitevision\data\raw\valid\Heavy_Equipment_3091_jpg.rf.bd48587aaeb05dbdb44e1ec0dd8ea5ca.jpg,bulldozer,D:\whitevision\data\crops\bulldozer\1127_annot1427_bulldozer.jpg,22,0,572,640,640,640,train
1128,1428,D:\whitevision\data\raw\valid\Heavy_Equipment_714_jpg.rf.bc1370daf598a0143ed1d29e0acf4d65.jpg,mobile_crane,D:\whitevision\data\crops\mobile_crane\1128_annot1428_mobile_crane.jpg,10,42,619,504,640,640,train
1129,1429,D:\whitevision\data\raw\valid\Heavy_Equipment_884_jpg.rf.bdb7278e42bf0c9acd5300efb54903f4.jpg,dump_truck,D:\whitevision\data\crops\dump_truck\1129_annot1429_dump_truck.jpg,464,324,102,156,640,640,train
1129,1430,D:\whitevision\data\raw\valid\Heavy_Equipment_884_jpg.rf.bdb7278e42bf0c9acd5300efb54903f4.jpg,dump_truck,D:\whitevision\data\crops\dump_truck\1129_annot1430_dump_truck.jpg,244,326,240,214,640,640,train
1129,1431,D:\whitevision\data\raw\valid\Heavy_Equipment_884_jpg.rf.bdb7278e42bf0c9acd5300efb54903f4.jpg,excavator,D:\whitevision\data\crops\excavator\1129_annot1431_excavator.jpg,316,223,160,145,640,640,train
1129,1432,D:\whitevision\data\raw\valid\Heavy_Equipment_884_jpg.rf.bdb7278e42bf0c9acd5300efb54903f4.jpg,excavator,D:\whitevision\data\crops\excavator\1129_annot1432_excavator.jpg,13,30,317,490,640,640,train
1130,1433,D:\whitevision\data\raw\valid\Heavy_Equipment_4691_jpg.rf.bec05279c4afc4fde21f0925acea1661.jpg,grader,D:\whitevision\data\crops\grader\1130_annot1433_grader.jpg,19,49,607,491,640,640,train
1131,1434,D:\whitevision\data\raw\valid\Heavy_Equipment_4644_jpg.rf.bfa999b18f3e0cf89357b2fbb5d13214.jpg,bulldozer,D:\whitevision\data\crops\bulldozer\1131_annot1434_bulldozer.jpg,57,74,583,566,640,640,test
1132,1435,D:\whitevision\data\raw\valid\Heavy_Equipment_32_jpg.rf.be370ad2f24612ba46ac4348ef3ab04f.jpg,loader,D:\whitevision\data\crops\loader\1132_annot1435_loader.jpg,0,120,640,472,640,640,train
1133,1436,D:\whitevision\data\raw\valid\Heavy_Equipment_5337_jpg.rf.bf5f050ee7b217e4538dc057c3555d28.jpg,roller,D:\whitevision\data\crops\roller\1133_annot1436_roller.jpg,204,154,207,228,640,640,train
1134,1437,D:\whitevision\data\raw\valid\Heavy_Equipment_5404_jpg.rf.c0068dd91fc17871eecdd88efa9f2900.jpg,roller,D:\whitevision\data\crops\roller\1134_annot1437_roller.jpg,85,0,426,388,640,640,test
1135,1438,D:\whitevision\data\raw\valid\Heavy_Equipment_789_jpg.rf.bf750d45edae555029d90e6d7b117bf7.jpg,loader,D:\whitevision\data\crops\loader\1135_annot1438_loader.jpg,27,60,382,408,640,640,train
1135,1439,D:\whitevision\data\raw\valid\Heavy_Equipment_789_jpg.rf.bf750d45edae555029d90e6d7b117bf7.jpg,dump_truck,D:\whitevision\data\crops\dump_truck\1135_annot1439_dump_truck.jpg,399,38,188,311,640,640,train
1136,1440,D:\whitevision\data\raw\valid\Heavy_Equipment_4370_jpg.rf.c003405a75d187e3969d4c6785ba28d1.jpg,grader,D:\whitevision\data\crops\grader\1136_annot1440_grader.jpg,22,44,618,469,640,640,train
1137,1441,D:\whitevision\data\raw\valid\Heavy_Equipment_673_jpg.rf.c0dd1b8aa7dc1c9274deb8e059bf1308.jpg,dump_truck,D:\whitevision\data\crops\dump_truck\1137_annot1441_dump_truck.jpg,233,260,108,171,640,640,test
1137,1442,D:\whitevision\data\raw\valid\Heavy_Equipment_673_jpg.rf.c0dd1b8aa7dc1c9274deb8e059bf1308.jpg,excavator,D:\whitevision\data\crops\excavator\1137_annot1442_excavator.jpg,68,155,462,376,640,640,test
1138,1443,D:\whitevision\data\raw\valid\Heavy_Equipment_2012_jpg.rf.c0cb744732b33d6017e719eb9a446621.jpg,loader,D:\whitevision\data\crops\loader\1138_annot1443_loader.jpg,222,162,131,208,640,640,validation
1138,1444,D:\whitevision\data\raw\valid\Heavy_Equipment_2012_jpg.rf.c0cb744732b33d6017e719eb9a446621.jpg,dump_truck,D:\whitevision\data\crops\dump_truck\1138_annot1444_dump_truck.jpg,0,135,202,309,640,640,validation
1139,1445,D:\whitevision\data\raw\valid\Heavy_Equipment_874_jpg.rf.c010c138c50587be98e0c7abbce4574b.jpg,excavator,D:\whitevision\data\crops\excavator\1139_annot1445_excavator.jpg,245,0,259,603,640,640,train
1139,1446,D:\whitevision\data\raw\valid\Heavy_Equipment_874_jpg.rf.c010c138c50587be98e0c7abbce4574b.jpg,dump_truck,D:\whitevision\data\crops\dump_truck\1139_annot1446_dump_truck.jpg,98,484,489,156,640,640,train
1139,1447,D:\whitevision\data\raw\valid\Heavy_Equipment_874_jpg.rf.c010c138c50587be98e0c7abbce4574b.jpg,excavator,D:\whitevision\data\crops\excavator\1139_annot1447_excavator.jpg,0,0,171,228,640,640,train
1139,1448,D:\whitevision\data\raw\valid\Heavy_Equipment_874_jpg.rf.c010c138c50587be98e0c7abbce4574b.jpg,dump_truck,D:\whitevision\data\crops\dump_truck\1139_annot1448_dump_truck.jpg,0,209,58,149,640,640,train
1140,1449,D:\whitevision\data\raw\valid\Heavy_Equipment_1223_jpg.rf.bf1f9134ce54fc5126a952f2576ef35e.jpg,mobile_crane,D:\whitevision\data\crops\mobile_crane\1140_annot1449_mobile_crane.jpg,72,0,449,626,640,640,train
1141,1450,D:\whitevision\data\raw\valid\Heavy_Equipment_4699_jpg.rf.c1354f24869af67b154f696651104369.jpg,bulldozer,D:\whitevision\data\crops\bulldozer\1141_annot1450_bulldozer.jpg,0,0,640,635,640,640,test
1142,1451,D:\whitevision\data\raw\valid\Heavy_Equipment_2174_jpg.rf.bf3493dfcc63a9878b04e46666cbe219.jpg,mobile_crane,D:\whitevision\data\crops\mobile_crane\1142_annot1451_mobile_crane.jpg,8,94,586,421,640,640,train
1143,1452,D:\whitevision\data\raw\valid\Heavy_Equipment_2929_jpg.rf.bdc2972ed4fcfe274f4c6790c3ff6f5c.jpg,excavator,D:\whitevision\data\crops\excavator\1143_annot1452_excavator.jpg,182,43,138,168,640,640,train
1143,1453,D:\whitevision\data\raw\valid\Heavy_Equipment_2929_jpg.rf.bdc2972ed4fcfe274f4c6790c3ff6f5c.jpg,loader,D:\whitevision\data\crops\loader\1143_annot1453_loader.jpg,228,198,399,322,640,640,train
1144,1454,D:\whitevision\data\raw\valid\Heavy_Equipment_2908_jpg.rf.beb49d7dfdfd7e16ad50e81cc9665774.jpg,dump_truck,D:\whitevision\data\crops\dump_truck\1144_annot1454_dump_truck.jpg,282,205,185,218,640,640,test
1144,1455,D:\whitevision\data\raw\valid\Heavy_Equipment_2908_jpg.rf.beb49d7dfdfd7e16ad50e81cc9665774.jpg,excavator,D:\whitevision\data\crops\excavator\1144_annot1455_excavator.jpg,179,36,247,350,640,640,test
1144,1456,D:\whitevision\data\raw\valid\Heavy_Equipment_2908_jpg.rf.beb49d7dfdfd7e16ad50e81cc9665774.jpg,mobile_crane,D:\whitevision\data\crops\mobile_crane\1144_annot1456_mobile_crane.jpg,0,65,78,72,640,640,test
1145,1457,D:\whitevision\data\raw\valid\Heavy_Equipment_2982_jpg.rf.c0988188b330929e75c6945fc8fb2d8d.jpg,bulldozer,D:\whitevision\data\crops\bulldozer\1145_annot1457_bulldozer.jpg,111,41,498,578,640,640,validation
1145,1458,D:\whitevision\data\raw\valid\Heavy_Equipment_2982_jpg.rf.c0988188b330929e75c6945fc8fb2d8d.jpg,excavator,D:\whitevision\data\crops\excavator\1145_annot1458_excavator.jpg,0,92,169,130,640,640,validation
1145,1459,D:\whitevision\data\raw\valid\Heavy_Equipment_2982_jpg.rf.c0988188b330929e75c6945fc8fb2d8d.jpg,excavator,D:\whitevision\data\crops\excavator\1145_annot1459_excavator.jpg,517,141,123,118,640,640,validation
1146,1460,D:\whitevision\data\raw\valid\Heavy_Equipment_4366_jpg.rf.c136640853f8fb69968751530a44ecc8.jpg,bulldozer,D:\whitevision\data\crops\bulldozer\1146_annot1460_bulldozer.jpg,0,0,640,640,640,640,train
1147,1461,D:\whitevision\data\raw\valid\Heavy_Equipment_5242_jpg.rf.bf152f444407d7007a24567257a38371.jpg,roller,D:\whitevision\data\crops\roller\1147_annot1461_roller.jpg,239,101,220,238,640,640,train
1148,1462,D:\whitevision\data\raw\valid\Heavy_Equipment_5951_jpg.rf.c1455ef9967a674254153be17cf7d72f.jpg,roller,D:\whitevision\data\crops\roller\1148_annot1462_roller.jpg,217,178,189,198,640,640,train
1149,1463,D:\whitevision\data\raw\valid\M_M_6472_5806000277671_jpg.rf.c176c2b4a368194c0583f468963c78d4.jpg,mixer_truck,D:\whitevision\data\crops\mixer_truck\1149_annot1463_mixer_truck.jpg,12,100,628,531,640,640,test
1150,1464,D:\whitevision\data\raw\valid\Heavy_Equipment_3546_jpg.rf.c0339b8cfed5c49320de19f452b37df1.jpg,excavator,D:\whitevision\data\crops\excavator\1150_annot1464_excavator.jpg,289,155,246,171,640,640,test
1151,1465,D:\whitevision\data\raw\valid\Heavy_Equipment_2516_jpg.rf.c13923c2eae4d412ff3d75bea0f6c55a.jpg,dump_truck,D:\whitevision\data\crops\dump_truck\1151_annot1465_dump_truck.jpg,378,101,233,193,640,640,train
1151,1466,D:\whitevision\data\raw\valid\Heavy_Equipment_2516_jpg.rf.c13923c2eae4d412ff3d75bea0f6c55a.jpg,dump_truck,D:\whitevision\data\crops\dump_truck\1151_annot1466_dump_truck.jpg,540,240,100,382,640,640,train
1151,1467,D:\whitevision\data\raw\valid\Heavy_Equipment_2516_jpg.rf.c13923c2eae4d412ff3d75bea0f6c55a.jpg,excavator,D:\whitevision\data\crops\excavator\1151_annot1467_excavator.jpg,32,143,511,346,640,640,train
1152,1468,D:\whitevision\data\raw\valid\Heavy_Equipment_5751_jpg.rf.bdb1ccbd3523eeb5d280af74067e8e91.jpg,roller,D:\whitevision\data\crops\roller\1152_annot1468_roller.jpg,259,111,151,305,640,640,validation
1154,1469,D:\whitevision\data\raw\valid\Heavy_Equipment_4906_jpg.rf.c1cfb6d1c092d91bc135100e9c153d1c.jpg,grader,D:\whitevision\data\crops\grader\1154_annot1469_grader.jpg,66,96,511,544,640,640,train
1155,1470,D:\whitevision\data\raw\valid\Heavy_Equipment_2368_jpg.rf.c20a877f8e0045b64d4fddf2c6894688.jpg,dump_truck,D:\whitevision\data\crops\dump_truck\1155_annot1470_dump_truck.jpg,63,270,102,200,640,640,test
1155,1471,D:\whitevision\data\raw\valid\Heavy_Equipment_2368_jpg.rf.c20a877f8e0045b64d4fddf2c6894688.jpg,excavator,D:\whitevision\data\crops\excavator\1155_annot1471_excavator.jpg,223,169,163,229,640,640,test
1156,1472,D:\whitevision\data\raw\valid\Heavy_Equipment_1075_jpg.rf.c1d5f1e726b23d129fe1e41b0714840c.jpg,mobile_crane,D:\whitevision\data\crops\mobile_crane\1156_annot1472_mobile_crane.jpg,331,0,309,561,640,640,test
1157,1473,D:\whitevision\data\raw\valid\Heavy_Equipment_791_jpg.rf.c226c6ece6a2012c817a7ca632d1fa74.jpg,excavator,D:\whitevision\data\crops\excavator\1157_annot1473_excavator.jpg,0,31,640,577,640,640,train
1158,1474,D:\whitevision\data\raw\valid\Heavy_Equipment_137_jpg.rf.c2a68020b67faa002e2d352df55d22a9.jpg,mobile_crane,D:\whitevision\data\crops\mobile_crane\1158_annot1474_mobile_crane.jpg,201,119,316,284,640,640,validation
1159,1475,D:\whitevision\data\raw\valid\Heavy_Equipment_195_jpg.rf.c25d75c9f0b809b34bb02d53d7b46be5.jpg,mobile_crane,D:\whitevision\data\crops\mobile_crane\1159_annot1475_mobile_crane.jpg,158,0,445,499,640,640,validation
1160,1476,D:\whitevision\data\raw\valid\Heavy_Equipment_6288_jpg.rf.c256f56c60ff9a7cc8631040ea5dc4d6.jpg,grader,D:\whitevision\data\crops\grader\1160_annot1476_grader.jpg,9,116,626,436,640,640,train
1161,1477,D:\whitevision\data\raw\valid\Heavy_Equipment_3399_jpg.rf.c32c26003eb2fe55a84e55d779689407.jpg,bulldozer,D:\whitevision\data\crops\bulldozer\1161_annot1477_bulldozer.jpg,17,43,622,597,640,640,train
1162,1478,D:\whitevision\data\raw\valid\Heavy_Equipment_5155_jpg.rf.c2ddffca0bfae286a849990f23b9cf44.jpg,grader,D:\whitevision\data\crops\grader\1162_annot1478_grader.jpg,84,0,536,602,640,640,validation
1163,1479,D:\whitevision\data\raw\valid\Heavy_Equipment_5766_jpg.rf.c30e6602c48af4dc553871f7da84a0e1.jpg,roller,D:\whitevision\data\crops\roller\1163_annot1479_roller.jpg,166,99,279,289,640,640,train
1164,1480,D:\whitevision\data\raw\valid\Heavy_Equipment_4667_jpg.rf.bff0ca871f3a5117f1eb4c3023f61a40.jpg,grader,D:\whitevision\data\crops\grader\1164_annot1480_grader.jpg,14,100,574,316,640,640,train
1165,1481,D:\whitevision\data\raw\valid\Heavy_Equipment_541_jpg.rf.c3a007be74675473c1bbacb734853395.jpg,excavator,D:\whitevision\data\crops\excavator\1165_annot1481_excavator.jpg,49,15,479,622,640,640,validation
1165,1482,D:\whitevision\data\raw\valid\Heavy_Equipment_541_jpg.rf.c3a007be74675473c1bbacb734853395.jpg,dump_truck,D:\whitevision\data\crops\dump_truck\1165_annot1482_dump_truck.jpg,0,140,48,74,640,640,validation
1165,1483,D:\whitevision\data\raw\valid\Heavy_Equipment_541_jpg.rf.c3a007be74675473c1bbacb734853395.jpg,dump_truck,D:\whitevision\data\crops\dump_truck\1165_annot1483_dump_truck.jpg,349,187,88,171,640,640,validation
1166,1484,D:\whitevision\data\raw\valid\Heavy_Equipment_3096_jpg.rf.c4087957352ba9f1f87edc7da08f554d.jpg,excavator,D:\whitevision\data\crops\excavator\1166_annot1484_excavator.jpg,112,0,434,640,640,640,train
1166,1485,D:\whitevision\data\raw\valid\Heavy_Equipment_3096_jpg.rf.c4087957352ba9f1f87edc7da08f554d.jpg,bulldozer,D:\whitevision\data\crops\bulldozer\1166_annot1485_bulldozer.jpg,13,378,113,161,640,640,train
1168,1486,D:\whitevision\data\raw\valid\Heavy_Equipment_2704_jpg.rf.c3d0fead2838eb2ef9c27411c67edbcb.jpg,loader,D:\whitevision\data\crops\loader\1168_annot1486_loader.jpg,264,249,50,86,640,640,train
1168,1487,D:\whitevision\data\raw\valid\Heavy_Equipment_2704_jpg.rf.c3d0fead2838eb2ef9c27411c67edbcb.jpg,excavator,D:\whitevision\data\crops\excavator\1168_annot1487_excavator.jpg,207,173,47,161,640,640,train
1168,1488,D:\whitevision\data\raw\valid\Heavy_Equipment_2704_jpg.rf.c3d0fead2838eb2ef9c27411c67edbcb.jpg,excavator,D:\whitevision\data\crops\excavator\1168_annot1488_excavator.jpg,352,265,40,74,640,640,train
1168,1489,D:\whitevision\data\raw\valid\Heavy_Equipment_2704_jpg.rf.c3d0fead2838eb2ef9c27411c67edbcb.jpg,excavator,D:\whitevision\data\crops\excavator\1168_annot1489_excavator.jpg,426,275,32,71,640,640,train
1168,1490,D:\whitevision\data\raw\valid\Heavy_Equipment_2704_jpg.rf.c3d0fead2838eb2ef9c27411c67edbcb.jpg,excavator,D:\whitevision\data\crops\excavator\1168_annot1490_excavator.jpg,314,258,36,81,640,640,train
1168,1491,D:\whitevision\data\raw\valid\Heavy_Equipment_2704_jpg.rf.c3d0fead2838eb2ef9c27411c67edbcb.jpg,dump_truck,D:\whitevision\data\crops\dump_truck\1168_annot1491_dump_truck.jpg,529,270,108,89,640,640,train
1169,1492,D:\whitevision\data\raw\valid\Heavy_Equipment_5954_jpg.rf.c5acd830d6f69c70b05e46b9a51e6fe1.jpg,roller,D:\whitevision\data\crops\roller\1169_annot1492_roller.jpg,239,188,176,174,640,640,test
1170,1493,D:\whitevision\data\raw\valid\Heavy_Equipment_1819_jpg.rf.c43461908b69b39ce420f211556d4135.jpg,dump_truck,D:\whitevision\data\crops\dump_truck\1170_annot1493_dump_truck.jpg,254,129,386,344,640,640,train
1171,1494,D:\whitevision\data\raw\valid\Heavy_Equipment_1336_jpg.rf.c43b2f313608f806c43bf92f3db30917.jpg,mobile_crane,D:\whitevision\data\crops\mobile_crane\1171_annot1494_mobile_crane.jpg,377,126,195,420,640,640,validation
1172,1495,D:\whitevision\data\raw\valid\Heavy_Equipment_3057_jpg.rf.c54dafca4bdb95592a9d4e45f80e416f.jpg,grader,D:\whitevision\data\crops\grader\1172_annot1495_grader.jpg,0,72,594,477,640,640,train
1173,1496,D:\whitevision\data\raw\valid\Heavy_Equipment_3516_jpg.rf.c57090a5b56a8e3fce2c8daccd5c74ff.jpg,grader,D:\whitevision\data\crops\grader\1173_annot1496_grader.jpg,59,196,581,247,640,640,train
1175,1497,D:\whitevision\data\raw\valid\Heavy_Equipment_6253_jpg.rf.c37452e501b953ce33298c6f2fac74d6.jpg,bulldozer,D:\whitevision\data\crops\bulldozer\1175_annot1497_bulldozer.jpg,55,57,585,583,640,640,train
1176,1498,D:\whitevision\data\raw\valid\Heavy_Equipment_540_jpg.rf.c40667fb904499cf15ebe5bfe9ffa563.jpg,dump_truck,D:\whitevision\data\crops\dump_truck\1176_annot1498_dump_truck.jpg,208,243,119,162,640,640,validation
1177,1499,D:\whitevision\data\raw\valid\Heavy_Equipment_4854_jpg.rf.c5a7e6e7e07eba52eca61f3079887d67.jpg,bulldozer,D:\whitevision\data\crops\bulldozer\1177_annot1499_bulldozer.jpg,17,139,579,461,640,640,train
1177,1500,D:\whitevision\data\raw\valid\Heavy_Equipment_4854_jpg.rf.c5a7e6e7e07eba52eca61f3079887d67.jpg,dump_truck,D:\whitevision\data\crops\dump_truck\1177_annot1500_dump_truck.jpg,95,0,545,234,640,640,train
1178,1501,D:\whitevision\data\raw\valid\Heavy_Equipment_5031_jpg.rf.c5bf448741a8eb0a6726fcf3394fefb6.jpg,bulldozer,D:\whitevision\data\crops\bulldozer\1178_annot1501_bulldozer.jpg,0,32,628,608,640,640,train
1179,1502,D:\whitevision\data\raw\valid\Heavy_Equipment_2307_jpg.rf.c654df7bd1620e8bef959babb585e269.jpg,loader,D:\whitevision\data\crops\loader\1179_annot1502_loader.jpg,124,158,317,308,640,640,test
1179,1503,D:\whitevision\data\raw\valid\Heavy_Equipment_2307_jpg.rf.c654df7bd1620e8bef959babb585e269.jpg,excavator,D:\whitevision\data\crops\excavator\1179_annot1503_excavator.jpg,35,235,97,134,640,640,test
1180,1504,D:\whitevision\data\raw\valid\Heavy_Equipment_4515_jpg.rf.c3983822408861483038857af6893b2d.jpg,bulldozer,D:\whitevision\data\crops\bulldozer\1180_annot1504_bulldozer.jpg,84,39,536,564,640,640,train
1181,1505,D:\whitevision\data\raw\valid\Heavy_Equipment_5120_jpg.rf.c62b3a99c085f2c43be61ff521c3f116.jpg,bulldozer,D:\whitevision\data\crops\bulldozer\1181_annot1505_bulldozer.jpg,0,0,573,630,640,640,validation
1182,1506,D:\whitevision\data\raw\valid\Heavy_Equipment_2825_jpg.rf.c6c8de4034dfa1de67b593481be57d18.jpg,loader,D:\whitevision\data\crops\loader\1182_annot1506_loader.jpg,174,309,466,331,640,640,validation
1182,1507,D:\whitevision\data\raw\valid\Heavy_Equipment_2825_jpg.rf.c6c8de4034dfa1de67b593481be57d18.jpg,excavator,D:\whitevision\data\crops\excavator\1182_annot1507_excavator.jpg,209,0,371,400,640,640,validation
1182,1508,D:\whitevision\data\raw\valid\Heavy_Equipment_2825_jpg.rf.c6c8de4034dfa1de67b593481be57d18.jpg,dump_truck,D:\whitevision\data\crops\dump_truck\1182_annot1508_dump_truck.jpg,556,258,84,169,640,640,validation
1183,1509,D:\whitevision\data\raw\valid\Heavy_Equipment_4217_jpg.rf.c61555618af4c3baff515c1e525f266a.jpg,bulldozer,D:\whitevision\data\crops\bulldozer\1183_annot1509_bulldozer.jpg,97,20,527,470,640,640,train
1184,1510,D:\whitevision\data\raw\valid\M_M_MAN_Cement_mixer_truck_-_Strasbourg-JPG_jpg.rf.c72a589e7335c879de4a1166dc17f20f.jpg,mixer_truck,D:\whitevision\data\crops\mixer_truck\1184_annot1510_mixer_truck.jpg,29,115,575,502,640,640,test
1185,1511,D:\whitevision\data\raw\valid\Heavy_Equipment_3604_jpg.rf.c6fd3465a0deb53d264feaa180e9f80d.jpg,excavator,D:\whitevision\data\crops\excavator\1185_annot1511_excavator.jpg,46,259,432,255,640,640,train
1186,1512,D:\whitevision\data\raw\valid\Heavy_Equipment_113_jpg.rf.c73c6f392116a17755b660de9f576530.jpg,bulldozer,D:\whitevision\data\crops\bulldozer\1186_annot1512_bulldozer.jpg,0,44,637,596,640,640,train
1187,1513,D:\whitevision\data\raw\valid\M_S_image17_jpeg.rf.c781a155380d86a6c19545103eaa4ac9.jpg,mixer_truck,D:\whitevision\data\crops\mixer_truck\1187_annot1513_mixer_truck.jpg,0,75,640,558,640,640,test
1190,1514,D:\whitevision\data\raw\valid\Heavy_Equipment_5234_jpg.rf.c76a0023981c65c2407277e56ecbfdc4.jpg,roller,D:\whitevision\data\crops\roller\1190_annot1514_roller.jpg,18,0,474,605,640,640,test
1191,1515,D:\whitevision\data\raw\valid\Heavy_Equipment_5731_jpg.rf.c8868477daf4f797199841f3c9fe0139.jpg,roller,D:\whitevision\data\crops\roller\1191_annot1515_roller.jpg,119,23,331,376,640,640,train
1192,1516,D:\whitevision\data\raw\valid\Heavy_Equipment_5572_jpg.rf.c7b9fe8252c49c7a1ac22944506e1bcc.jpg,roller,D:\whitevision\data\crops\roller\1192_annot1516_roller.jpg,94,48,417,372,640,640,train
1193,1517,D:\whitevision\data\raw\valid\Heavy_Equipment_5380_jpg.rf.c7e560a6224d2b56b5b67f058b939ba6.jpg,roller,D:\whitevision\data\crops\roller\1193_annot1517_roller.jpg,133,38,309,323,640,640,train
1194,1518,D:\whitevision\data\raw\valid\Heavy_Equipment_3606_jpg.rf.c7b3b551c2a062527abba8223a57ef11.jpg,excavator,D:\whitevision\data\crops\excavator\1194_annot1518_excavator.jpg,171,182,343,296,640,640,validation
1196,1519,D:\whitevision\data\raw\valid\Heavy_Equipment_900_jpg.rf.c8b90272d93d32de6c3d190f4367e266.jpg,mobile_crane,D:\whitevision\data\crops\mobile_crane\1196_annot1519_mobile_crane.jpg,33,88,269,409,640,640,train
1197,1520,D:\whitevision\data\raw\valid\Heavy_Equipment_3143_jpg.rf.c8ee5005bc6c7fb824fd54eff32f3c9e.jpg,bulldozer,D:\whitevision\data\crops\bulldozer\1197_annot1520_bulldozer.jpg,14,0,501,640,640,640,test
1198,1521,D:\whitevision\data\raw\valid\Heavy_Equipment_5364_jpg.rf.c948c1551ba11e1fe9464c6ac7ea86f5.jpg,roller,D:\whitevision\data\crops\roller\1198_annot1521_roller.jpg,5,0,635,487,640,640,train
1199,1522,D:\whitevision\data\raw\valid\Heavy_Equipment_1151_jpg.rf.c81010b1216e62f9765876dc9e706ff2.jpg,dump_truck,D:\whitevision\data\crops\dump_truck\1199_annot1522_dump_truck.jpg,51,307,149,236,640,640,train
1199,1523,D:\whitevision\data\raw\valid\Heavy_Equipment_1151_jpg.rf.c81010b1216e62f9765876dc9e706ff2.jpg,dump_truck,D:\whitevision\data\crops\dump_truck\1199_annot1523_dump_truck.jpg,454,354,112,215,640,640,train
1199,1524,D:\whitevision\data\raw\valid\Heavy_Equipment_1151_jpg.rf.c81010b1216e62f9765876dc9e706ff2.jpg,excavator,D:\whitevision\data\crops\excavator\1199_annot1524_excavator.jpg,191,222,204,324,640,640,train
1200,1525,D:\whitevision\data\raw\valid\Heavy_Equipment_770_jpg.rf.c8bcce8ad6f5934994747edd48f9e0dd.jpg,loader,D:\whitevision\data\crops\loader\1200_annot1525_loader.jpg,252,232,225,271,640,640,train
1200,1526,D:\whitevision\data\raw\valid\Heavy_Equipment_770_jpg.rf.c8bcce8ad6f5934994747edd48f9e0dd.jpg,dump_truck,D:\whitevision\data\crops\dump_truck\1200_annot1526_dump_truck.jpg,280,199,103,95,640,640,train
1200,1527,D:\whitevision\data\raw\valid\Heavy_Equipment_770_jpg.rf.c8bcce8ad6f5934994747edd48f9e0dd.jpg,loader,D:\whitevision\data\crops\loader\1200_annot1527_loader.jpg,584,97,40,40,640,640,train
1200,1528,D:\whitevision\data\raw\valid\Heavy_Equipment_770_jpg.rf.c8bcce8ad6f5934994747edd48f9e0dd.jpg,dump_truck,D:\whitevision\data\crops\dump_truck\1200_annot1528_dump_truck.jpg,325,116,26,49,640,640,train
1202,1529,D:\whitevision\data\raw\valid\Heavy_Equipment_4553_jpg.rf.c95fa91648fbf38837efd1feda535fdc.jpg,bulldozer,D:\whitevision\data\crops\bulldozer\1202_annot1529_bulldozer.jpg,1,62,639,511,640,640,train
1203,1530,D:\whitevision\data\raw\valid\Heavy_Equipment_1588_jpg.rf.ca3e0ab3c76030ecce8e6b52848c1a4a.jpg,mobile_crane,D:\whitevision\data\crops\mobile_crane\1203_annot1530_mobile_crane.jpg,155,0,239,603,640,640,train
1204,1531,D:\whitevision\data\raw\valid\Heavy_Equipment_3904_jpg.rf.ca35a3cb176c35c0b2c1cdaa5f0b06b3.jpg,grader,D:\whitevision\data\crops\grader\1204_annot1531_grader.jpg,0,0,640,638,640,640,train
1205,1532,D:\whitevision\data\raw\valid\Heavy_Equipment_725_jpg.rf.c9bb03385ddcf997cd875aa30d501d04.jpg,excavator,D:\whitevision\data\crops\excavator\1205_annot1532_excavator.jpg,0,0,640,640,640,640,train
1206,1533,D:\whitevision\data\raw\valid\Heavy_Equipment_6053_jpg.rf.caba49b919d646686ea8f0111edb1964.jpg,roller,D:\whitevision\data\crops\roller\1206_annot1533_roller.jpg,67,0,530,483,640,640,train
1209,1534,D:\whitevision\data\raw\valid\Heavy_Equipment_1315_jpg.rf.c957988827cbd73776ab1f5f8d1a4c9b.jpg,excavator,D:\whitevision\data\crops\excavator\1209_annot1534_excavator.jpg,200,122,200,410,640,640,test
1209,1535,D:\whitevision\data\raw\valid\Heavy_Equipment_1315_jpg.rf.c957988827cbd73776ab1f5f8d1a4c9b.jpg,dump_truck,D:\whitevision\data\crops\dump_truck\1209_annot1535_dump_truck.jpg,0,308,259,203,640,640,test
1210,1536,D:\whitevision\data\raw\valid\Heavy_Equipment_1282_jpg.rf.c78f1dcdec996ed932564a0ecaf6a052.jpg,mobile_crane,D:\whitevision\data\crops\mobile_crane\1210_annot1536_mobile_crane.jpg,103,11,421,621,640,640,train
1211,1537,D:\whitevision\data\raw\valid\Heavy_Equipment_608_jpg.rf.cb0958b9b32a5c23bdb942119d2af128.jpg,mobile_crane,D:\whitevision\data\crops\mobile_crane\1211_annot1537_mobile_crane.jpg,0,0,640,640,640,640,train
1212,1538,D:\whitevision\data\raw\valid\Heavy_Equipment_1465_jpg.rf.ca44d1381be12a5f723c0f767da288d5.jpg,mobile_crane,D:\whitevision\data\crops\mobile_crane\1212_annot1538_mobile_crane.jpg,94,0,490,640,640,640,validation
1213,1539,D:\whitevision\data\raw\valid\Heavy_Equipment_3425_jpg.rf.caef93f0e0b6962e980341e3ad5cbba5.jpg,bulldozer,D:\whitevision\data\crops\bulldozer\1213_annot1539_bulldozer.jpg,12,12,628,628,640,640,train
1214,1540,D:\whitevision\data\raw\valid\Heavy_Equipment_6107_jpg.rf.c81d0a8e8ad88db1d625d5529165ad0e.jpg,roller,D:\whitevision\data\crops\roller\1214_annot1540_roller.jpg,188,172,282,248,640,640,train
1215,1541,D:\whitevision\data\raw\valid\Heavy_Equipment_848_jpg.rf.cafaff188dd6b6d6f205546f31ca5ab0.jpg,excavator,D:\whitevision\data\crops\excavator\1215_annot1541_excavator.jpg,71,138,415,398,640,640,train
1216,1542,D:\whitevision\data\raw\valid\Heavy_Equipment_1772_jpg.rf.cb0a4204549ad2ba9fb7fbecd7969d91.jpg,excavator,D:\whitevision\data\crops\excavator\1216_annot1542_excavator.jpg,48,43,548,398,640,640,train
1217,1543,D:\whitevision\data\raw\valid\Heavy_Equipment_925_jpg.rf.cafe2e897af09f29781f0c9635d103f4.jpg,mobile_crane,D:\whitevision\data\crops\mobile_crane\1217_annot1543_mobile_crane.jpg,211,50,181,589,640,640,train
1218,1544,D:\whitevision\data\raw\valid\Heavy_Equipment_3708_jpg.rf.cb872597ebcdec6ad3684b58ee2406b8.jpg,grader,D:\whitevision\data\crops\grader\1218_annot1544_grader.jpg,0,39,640,601,640,640,train
1219,1545,D:\whitevision\data\raw\valid\Heavy_Equipment_5626_jpg.rf.cb7babe6d6162b550a672157cd6c3879.jpg,roller,D:\whitevision\data\crops\roller\1219_annot1545_roller.jpg,157,80,295,256,640,640,train
1221,1546,D:\whitevision\data\raw\valid\Heavy_Equipment_2234_jpg.rf.cc3c5855194c2b81cc845afed36ec3dc.jpg,dump_truck,D:\whitevision\data\crops\dump_truck\1221_annot1546_dump_truck.jpg,382,197,146,171,640,640,train
1221,1547,D:\whitevision\data\raw\valid\Heavy_Equipment_2234_jpg.rf.cc3c5855194c2b81cc845afed36ec3dc.jpg,dump_truck,D:\whitevision\data\crops\dump_truck\1221_annot1547_dump_truck.jpg,426,302,214,211,640,640,train
1221,1548,D:\whitevision\data\raw\valid\Heavy_Equipment_2234_jpg.rf.cc3c5855194c2b81cc845afed36ec3dc.jpg,excavator,D:\whitevision\data\crops\excavator\1221_annot1548_excavator.jpg,48,72,379,526,640,640,train
1222,1549,D:\whitevision\data\raw\valid\M_M_concrete_mixer_truck_man_32_dot_360_e6_intermix_9m_2016_7105614_jpg.rf.cd55d928a9f5ab8bbb33c85a7e6862b0.jpg,mixer_truck,D:\whitevision\data\crops\mixer_truck\1222_annot1549_mixer_truck.jpg,26,162,591,458,640,640,test
1223,1550,D:\whitevision\data\raw\valid\Heavy_Equipment_1529_jpg.rf.cca29ae70d342b8e0226149759866ffb.jpg,excavator,D:\whitevision\data\crops\excavator\1223_annot1550_excavator.jpg,499,130,141,204,640,640,validation
1224,1551,D:\whitevision\data\raw\valid\M_B_rcedes_benz_axor_3240_8x4_liebherr_9_m3_manual_steel_suspension_2010_7166825_jpg.rf.ccc072b31df686b2238166e38fc89334.jpg,mixer_truck,D:\whitevision\data\crops\mixer_truck\1224_annot1551_mixer_truck.jpg,33,68,568,533,640,640,train
1225,1552,D:\whitevision\data\raw\valid\Heavy_Equipment_3569_jpg.rf.cda998bee91511ee8fe62d26f2b0eb1c.jpg,excavator,D:\whitevision\data\crops\excavator\1225_annot1552_excavator.jpg,225,161,331,147,640,640,validation
1226,1553,D:\whitevision\data\raw\valid\M_M_image19_jpeg.rf.c78fba7e2d5bdb9b5b62530b54fee087.jpg,mixer_truck,D:\whitevision\data\crops\mixer_truck\1226_annot1553_mixer_truck.jpg,0,97,640,541,640,640,train
1227,1554,D:\whitevision\data\raw\valid\Heavy_Equipment_2475_jpg.rf.cdc351732245c4a0fc63395b0c6236be.jpg,mobile_crane,D:\whitevision\data\crops\mobile_crane\1227_annot1554_mobile_crane.jpg,244,36,115,533,640,640,train
1230,1555,D:\whitevision\data\raw\valid\Heavy_Equipment_5086_jpg.rf.cd8a9291a25f3da306976c6b508861d9.jpg,grader,D:\whitevision\data\crops\grader\1230_annot1555_grader.jpg,0,0,640,583,640,640,train
1232,1556,D:\whitevision\data\raw\valid\Heavy_Equipment_2638_jpg.rf.cdebece8447fa7e40249143fec35e3e3.jpg,dump_truck,D:\whitevision\data\crops\dump_truck\1232_annot1556_dump_truck.jpg,0,276,223,227,640,640,train
1232,1557,D:\whitevision\data\raw\valid\Heavy_Equipment_2638_jpg.rf.cdebece8447fa7e40249143fec35e3e3.jpg,excavator,D:\whitevision\data\crops\excavator\1232_annot1557_excavator.jpg,164,0,264,526,640,640,train
1233,1558,D:\whitevision\data\raw\valid\Heavy_Equipment_2219_jpg.rf.ce0a76a7537181bb5e20614012144d10.jpg,loader,D:\whitevision\data\crops\loader\1233_annot1558_loader.jpg,293,118,153,279,640,640,validation
1233,1559,D:\whitevision\data\raw\valid\Heavy_Equipment_2219_jpg.rf.ce0a76a7537181bb5e20614012144d10.jpg,dump_truck,D:\whitevision\data\crops\dump_truck\1233_annot1559_dump_truck.jpg,0,176,253,217,640,640,validation
1233,1560,D:\whitevision\data\raw\valid\Heavy_Equipment_2219_jpg.rf.ce0a76a7537181bb5e20614012144d10.jpg,mobile_crane,D:\whitevision\data\crops\mobile_crane\1233_annot1560_mobile_crane.jpg,354,0,205,332,640,640,validation
1234,1561,D:\whitevision\data\raw\valid\Heavy_Equipment_3462_jpg.rf.ce10de050f05bf5b666d2030bd211cec.jpg,grader,D:\whitevision\data\crops\grader\1234_annot1561_grader.jpg,0,0,488,640,640,640,train
1237,1562,D:\whitevision\data\raw\valid\Heavy_Equipment_4389_jpg.rf.cecfd42379ae8eee18bdf4641e05a52d.jpg,bulldozer,D:\whitevision\data\crops\bulldozer\1237_annot1562_bulldozer.jpg,83,79,468,352,640,640,train
1238,1563,D:\whitevision\data\raw\valid\Heavy_Equipment_3238_jpg.rf.cd70eaeff4ec79a537ba0b9fa7493568.jpg,bulldozer,D:\whitevision\data\crops\bulldozer\1238_annot1563_bulldozer.jpg,33,46,443,521,640,640,validation
1239,1564,D:\whitevision\data\raw\valid\Heavy_Equipment_947_jpg.rf.ce2efb1d2d80d91540dc99a4d2919b8a.jpg,excavator,D:\whitevision\data\crops\excavator\1239_annot1564_excavator.jpg,51,0,476,495,640,640,validation
1239,1565,D:\whitevision\data\raw\valid\Heavy_Equipment_947_jpg.rf.ce2efb1d2d80d91540dc99a4d2919b8a.jpg,dump_truck,D:\whitevision\data\crops\dump_truck\1239_annot1565_dump_truck.jpg,192,373,448,266,640,640,validation
1239,1566,D:\whitevision\data\raw\valid\Heavy_Equipment_947_jpg.rf.ce2efb1d2d80d91540dc99a4d2919b8a.jpg,dump_truck,D:\whitevision\data\crops\dump_truck\1239_annot1566_dump_truck.jpg,232,136,130,149,640,640,validation
1239,1567,D:\whitevision\data\raw\valid\Heavy_Equipment_947_jpg.rf.ce2efb1d2d80d91540dc99a4d2919b8a.jpg,dump_truck,D:\whitevision\data\crops\dump_truck\1239_annot1567_dump_truck.jpg,567,0,71,114,640,640,validation
1240,1568,D:\whitevision\data\raw\valid\Heavy_Equipment_5554_jpg.rf.cdd6d41e3b015dc5ff364688ac04665e.jpg,roller,D:\whitevision\data\crops\roller\1240_annot1568_roller.jpg,212,140,227,232,640,640,train
1241,1569,D:\whitevision\data\raw\valid\Heavy_Equipment_5182_jpg.rf.cf1f94fbbc1032621e6098a829549ce9.jpg,grader,D:\whitevision\data\crops\grader\1241_annot1569_grader.jpg,9,82,631,400,640,640,train
1242,1570,D:\whitevision\data\raw\valid\Heavy_Equipment_420_jpg.rf.d0701a54b8ecaf209ac27273eaaac448.jpg,bulldozer,D:\whitevision\data\crops\bulldozer\1242_annot1570_bulldozer.jpg,39,24,591,578,640,640,train
1243,1571,D:\whitevision\data\raw\valid\Heavy_Equipment_5854_jpg.rf.cf886e29cb6371d7b3f3c84a8e53d47d.jpg,roller,D:\whitevision\data\crops\roller\1243_annot1571_roller.jpg,216,59,211,298,640,640,train
1245,1572,D:\whitevision\data\raw\valid\Heavy_Equipment_3051_jpg.rf.d0b3d9c529ffb64ae3d6aaa33517a97b.jpg,bulldozer,D:\whitevision\data\crops\bulldozer\1245_annot1572_bulldozer.jpg,0,112,640,383,640,640,train
1246,1573,D:\whitevision\data\raw\valid\Heavy_Equipment_620_jpg.rf.d01cc63733369f1d243493341c3213d1.jpg,excavator,D:\whitevision\data\crops\excavator\1246_annot1573_excavator.jpg,101,129,322,288,640,640,train
1246,1574,D:\whitevision\data\raw\valid\Heavy_Equipment_620_jpg.rf.d01cc63733369f1d243493341c3213d1.jpg,dump_truck,D:\whitevision\data\crops\dump_truck\1246_annot1574_dump_truck.jpg,77,186,19,16,640,640,train
1246,1575,D:\whitevision\data\raw\valid\Heavy_Equipment_620_jpg.rf.d01cc63733369f1d243493341c3213d1.jpg,dump_truck,D:\whitevision\data\crops\dump_truck\1246_annot1575_dump_truck.jpg,103,333,105,171,640,640,train
1247,1576,D:\whitevision\data\raw\valid\Heavy_Equipment_4526_jpg.rf.d002c61c6ac34c8a46ae6f431ac18e33.jpg,bulldozer,D:\whitevision\data\crops\bulldozer\1247_annot1576_bulldozer.jpg,71,0,569,634,640,640,validation
1248,1577,D:\whitevision\data\raw\valid\Heavy_Equipment_4231_jpg.rf.cf3476321e03d96f742a03ce20c7c6a4.jpg,bulldozer,D:\whitevision\data\crops\bulldozer\1248_annot1577_bulldozer.jpg,0,0,640,640,640,640,train
1249,1578,D:\whitevision\data\raw\valid\Heavy_Equipment_1714_jpg.rf.cf53fc214651dccb9d39e8792b5a5e97.jpg,loader,D:\whitevision\data\crops\loader\1249_annot1578_loader.jpg,142,40,388,494,640,640,test
1250,1579,D:\whitevision\data\raw\valid\Heavy_Equipment_5664_jpg.rf.cf4b273238c9644ae9c4f6f0c2ffec62.jpg,roller,D:\whitevision\data\crops\roller\1250_annot1579_roller.jpg,188,99,287,267,640,640,train
1251,1580,D:\whitevision\data\raw\valid\Heavy_Equipment_36_jpg.rf.ce6869526ae75cfdea734e83eda5bdb0.jpg,loader,D:\whitevision\data\crops\loader\1251_annot1580_loader.jpg,69,253,502,313,640,640,train
1252,1581,D:\whitevision\data\raw\valid\Heavy_Equipment_1646_jpg.rf.d1b83445408a1d3fd702c242fdcee056.jpg,excavator,D:\whitevision\data\crops\excavator\1252_annot1581_excavator.jpg,231,5,245,195,640,640,train
1252,1582,D:\whitevision\data\raw\valid\Heavy_Equipment_1646_jpg.rf.d1b83445408a1d3fd702c242fdcee056.jpg,dump_truck,D:\whitevision\data\crops\dump_truck\1252_annot1582_dump_truck.jpg,539,25,101,137,640,640,train
1252,1583,D:\whitevision\data\raw\valid\Heavy_Equipment_1646_jpg.rf.d1b83445408a1d3fd702c242fdcee056.jpg,dump_truck,D:\whitevision\data\crops\dump_truck\1252_annot1583_dump_truck.jpg,301,76,46,74,640,640,train
1252,1584,D:\whitevision\data\raw\valid\Heavy_Equipment_1646_jpg.rf.d1b83445408a1d3fd702c242fdcee056.jpg,excavator,D:\whitevision\data\crops\excavator\1252_annot1584_excavator.jpg,138,165,339,443,640,640,train
1253,1585,D:\whitevision\data\raw\valid\Heavy_Equipment_6262_jpg.rf.ce6bfa649f71f3b37e0d207ef1761553.jpg,grader,D:\whitevision\data\crops\grader\1253_annot1585_grader.jpg,0,58,640,582,640,640,train
1254,1586,D:\whitevision\data\raw\valid\Heavy_Equipment_1055_jpg.rf.cf88eff0d3383b7d5e0b768700f76071.jpg,mobile_crane,D:\whitevision\data\crops\mobile_crane\1254_annot1586_mobile_crane.jpg,0,53,585,587,640,640,validation
1256,1587,D:\whitevision\data\raw\valid\Heavy_Equipment_4609_jpg.rf.d19cddd7faf156f42a65b65f8c9cee6f.jpg,grader,D:\whitevision\data\crops\grader\1256_annot1587_grader.jpg,203,116,243,397,640,640,train
1257,1588,D:\whitevision\data\raw\valid\Heavy_Equipment_3802_jpg.rf.d035e230902c228820dfc2284f679c3c.jpg,grader,D:\whitevision\data\crops\grader\1257_annot1588_grader.jpg,0,32,640,566,640,640,train
1258,1589,D:\whitevision\data\raw\valid\Heavy_Equipment_4646_jpg.rf.d0dd07324edfb93bea1d556147e22875.jpg,bulldozer,D:\whitevision\data\crops\bulldozer\1258_annot1589_bulldozer.jpg,161,97,479,432,640,640,train
1260,1590,D:\whitevision\data\raw\valid\Heavy_Equipment_447_jpg.rf.d1ff3310c349a0759cd51c4efbb9bd44.jpg,excavator,D:\whitevision\data\crops\excavator\1260_annot1590_excavator.jpg,158,0,182,573,640,640,train
1260,1591,D:\whitevision\data\raw\valid\Heavy_Equipment_447_jpg.rf.d1ff3310c349a0759cd51c4efbb9bd44.jpg,dump_truck,D:\whitevision\data\crops\dump_truck\1260_annot1591_dump_truck.jpg,327,276,308,283,640,640,train
1260,1592,D:\whitevision\data\raw\valid\Heavy_Equipment_447_jpg.rf.d1ff3310c349a0759cd51c4efbb9bd44.jpg,dump_truck,D:\whitevision\data\crops\dump_truck\1260_annot1592_dump_truck.jpg,312,256,82,94,640,640,train
1260,1593,D:\whitevision\data\raw\valid\Heavy_Equipment_447_jpg.rf.d1ff3310c349a0759cd51c4efbb9bd44.jpg,dump_truck,D:\whitevision\data\crops\dump_truck\1260_annot1593_dump_truck.jpg,155,164,52,58,640,640,train
1261,1594,D:\whitevision\data\raw\valid\Heavy_Equipment_2370_jpg.rf.d1ea77a2d11ad955b8b7a07ba36f12a4.jpg,mobile_crane,D:\whitevision\data\crops\mobile_crane\1261_annot1594_mobile_crane.jpg,212,181,288,291,640,640,validation
1262,1595,D:\whitevision\data\raw\valid\Heavy_Equipment_4818_jpg.rf.d1b8c32ad3b6629c1bbb3ba9749dc2ea.jpg,bulldozer,D:\whitevision\data\crops\bulldozer\1262_annot1595_bulldozer.jpg,0,4,640,620,640,640,train
1263,1596,D:\whitevision\data\raw\valid\Heavy_Equipment_2235_jpg.rf.d2ca4e4e9b20e8aa6d4801815d1703bc.jpg,roller,D:\whitevision\data\crops\roller\1263_annot1596_roller.jpg,46,0,449,597,640,640,train
1264,1597,D:\whitevision\data\raw\valid\Heavy_Equipment_851_jpg.rf.d247d2dc3270389ce7bdb2ff101e2096.jpg,mobile_crane,D:\whitevision\data\crops\mobile_crane\1264_annot1597_mobile_crane.jpg,197,0,409,580,640,640,test
1265,1598,D:\whitevision\data\raw\valid\Heavy_Equipment_779_jpg.rf.d2e3dcc8724c49dd3a830d3d8f479d20.jpg,excavator,D:\whitevision\data\crops\excavator\1265_annot1598_excavator.jpg,43,245,69,75,640,640,train
1267,1599,D:\whitevision\data\raw\valid\Heavy_Equipment_3206_jpg.rf.d33383509ae999f71842a73474f4df72.jpg,bulldozer,D:\whitevision\data\crops\bulldozer\1267_annot1599_bulldozer.jpg,0,0,640,640,640,640,test
1268,1600,D:\whitevision\data\raw\valid\Heavy_Equipment_3107_jpg.rf.d2f77da92c88fa7c32a12d59164cf0a2.jpg,bulldozer,D:\whitevision\data\crops\bulldozer\1268_annot1600_bulldozer.jpg,13,48,627,592,640,640,train
1269,1601,D:\whitevision\data\raw\valid\Heavy_Equipment_678_jpg.rf.d4b038e1ee2dd09e8e537970fe605295.jpg,excavator,D:\whitevision\data\crops\excavator\1269_annot1601_excavator.jpg,6,0,633,640,640,640,train
1270,1602,D:\whitevision\data\raw\valid\Heavy_Equipment_4614_jpg.rf.d57a6153f97ce7220d7083b9909ce7cb.jpg,bulldozer,D:\whitevision\data\crops\bulldozer\1270_annot1602_bulldozer.jpg,0,113,640,514,640,640,train
1271,1603,D:\whitevision\data\raw\valid\Heavy_Equipment_3675_jpg.rf.d2d68878c850dbcf6cfd82dada601c74.jpg,grader,D:\whitevision\data\crops\grader\1271_annot1603_grader.jpg,0,104,640,465,640,640,validation
1272,1604,D:\whitevision\data\raw\valid\Heavy_Equipment_2057_jpg.rf.d3c4a6eb0fd7844c4eff0cd66c184280.jpg,excavator,D:\whitevision\data\crops\excavator\1272_annot1604_excavator.jpg,272,150,365,270,640,640,train
1273,1605,D:\whitevision\data\raw\valid\M_M_images99_jpg.rf.d5a8bf80cefa099435c05463c3a76452.jpg,mixer_truck,D:\whitevision\data\crops\mixer_truck\1273_annot1605_mixer_truck.jpg,5,49,635,564,640,640,train
1274,1606,D:\whitevision\data\raw\valid\Heavy_Equipment_1901_jpg.rf.d58d55ca6d31082675328264eb4f1396.jpg,excavator,D:\whitevision\data\crops\excavator\1274_annot1606_excavator.jpg,114,0,336,432,640,640,test
1276,1607,D:\whitevision\data\raw\valid\Heavy_Equipment_2439_jpg.rf.d4fdbb2db3e289cf19a4cb537f23e4ea.jpg,mobile_crane,D:\whitevision\data\crops\mobile_crane\1276_annot1607_mobile_crane.jpg,130,40,215,379,640,640,test
1276,1608,D:\whitevision\data\raw\valid\Heavy_Equipment_2439_jpg.rf.d4fdbb2db3e289cf19a4cb537f23e4ea.jpg,mobile_crane,D:\whitevision\data\crops\mobile_crane\1276_annot1608_mobile_crane.jpg,0,228,79,104,640,640,test
1276,1609,D:\whitevision\data\raw\valid\Heavy_Equipment_2439_jpg.rf.d4fdbb2db3e289cf19a4cb537f23e4ea.jpg,excavator,D:\whitevision\data\crops\excavator\1276_annot1609_excavator.jpg,447,513,126,119,640,640,test
1277,1610,D:\whitevision\data\raw\valid\Heavy_Equipment_5501_jpg.rf.d5f2686149f03134d9e5e5af6c1d18e0.jpg,roller,D:\whitevision\data\crops\roller\1277_annot1610_roller.jpg,211,108,233,254,640,640,test
1278,1611,D:\whitevision\data\raw\valid\Heavy_Equipment_4561_jpg.rf.d4d5737b56b7febdbee8680fa2f8934a.jpg,grader,D:\whitevision\data\crops\grader\1278_annot1611_grader.jpg,0,77,640,435,640,640,validation
1279,1612,D:\whitevision\data\raw\valid\Heavy_Equipment_3087_jpg.rf.d59d643fb5d484c842c0c9d9467a5115.jpg,bulldozer,D:\whitevision\data\crops\bulldozer\1279_annot1612_bulldozer.jpg,98,300,244,169,640,640,validation
1280,1613,D:\whitevision\data\raw\valid\Heavy_Equipment_5827_jpg.rf.d6b134f8e2e1ff9bd3f7f38b64306e58.jpg,roller,D:\whitevision\data\crops\roller\1280_annot1613_roller.jpg,185,21,283,366,640,640,test
1281,1614,D:\whitevision\data\raw\valid\Heavy_Equipment_2903_jpg.rf.d64ae38140c99ae087f285be0b04b050.jpg,dump_truck,D:\whitevision\data\crops\dump_truck\1281_annot1614_dump_truck.jpg,32,123,327,259,640,640,train
1282,1615,D:\whitevision\data\raw\valid\M_S_8237_6124774565259_jpg.rf.d6c39e248d6bfc10e570a4e949b8474b.jpg,mixer_truck,D:\whitevision\data\crops\mixer_truck\1282_annot1615_mixer_truck.jpg,0,2,640,638,640,640,train
1283,1616,D:\whitevision\data\raw\valid\Heavy_Equipment_225_jpg.rf.d6dae6a38b3e9c9c028a216e7b5fc689.jpg,mobile_crane,D:\whitevision\data\crops\mobile_crane\1283_annot1616_mobile_crane.jpg,282,99,228,377,640,640,train
1284,1617,D:\whitevision\data\raw\valid\Heavy_Equipment_2365_jpg.rf.d6141de96d34295bc2211a7af0a7b4ea.jpg,mobile_crane,D:\whitevision\data\crops\mobile_crane\1284_annot1617_mobile_crane.jpg,184,59,338,336,640,640,train
1285,1618,D:\whitevision\data\raw\valid\Heavy_Equipment_4394_jpg.rf.d5ed19aa33840497b895a24959fdf68d.jpg,bulldozer,D:\whitevision\data\crops\bulldozer\1285_annot1618_bulldozer.jpg,0,78,640,430,640,640,train
1286,1619,D:\whitevision\data\raw\valid\Heavy_Equipment_4445_jpg.rf.d68b46d28162caac2cbb0e99e9511be5.jpg,grader,D:\whitevision\data\crops\grader\1286_annot1619_grader.jpg,0,81,607,443,640,640,train
1287,1620,D:\whitevision\data\raw\valid\Heavy_Equipment_545_jpg.rf.d743b9d7524887625515a35cfee42b14.jpg,loader,D:\whitevision\data\crops\loader\1287_annot1620_loader.jpg,313,56,272,420,640,640,validation
1287,1621,D:\whitevision\data\raw\valid\Heavy_Equipment_545_jpg.rf.d743b9d7524887625515a35cfee42b14.jpg,loader,D:\whitevision\data\crops\loader\1287_annot1621_loader.jpg,536,0,87,126,640,640,validation
1287,1622,D:\whitevision\data\raw\valid\Heavy_Equipment_545_jpg.rf.d743b9d7524887625515a35cfee42b14.jpg,dump_truck,D:\whitevision\data\crops\dump_truck\1287_annot1622_dump_truck.jpg,0,0,311,640,640,640,validation
1288,1623,D:\whitevision\data\raw\valid\Heavy_Equipment_4355_jpg.rf.d83e05c3307e59dd2efb65b26e844ee9.jpg,grader,D:\whitevision\data\crops\grader\1288_annot1623_grader.jpg,0,41,640,589,640,640,validation
1289,1624,D:\whitevision\data\raw\valid\Heavy_Equipment_4410_jpg.rf.d8116c325523bf23a1f3f08ba81c20db.jpg,grader,D:\whitevision\data\crops\grader\1289_annot1624_grader.jpg,87,195,530,282,640,640,train
1290,1625,D:\whitevision\data\raw\valid\Heavy_Equipment_5279_jpg.rf.d87b4a488ffc1a98ae4eb6fab68269e1.jpg,roller,D:\whitevision\data\crops\roller\1290_annot1625_roller.jpg,165,100,269,258,640,640,train
1291,1626,D:\whitevision\data\raw\valid\Heavy_Equipment_5033_jpg.rf.d734431e4f9738083b48e523642a9e07.jpg,grader,D:\whitevision\data\crops\grader\1291_annot1626_grader.jpg,43,110,557,366,640,640,test
1292,1627,D:\whitevision\data\raw\valid\Heavy_Equipment_5673_jpg.rf.d8836ade632b350b0d45d1be380272f3.jpg,roller,D:\whitevision\data\crops\roller\1292_annot1627_roller.jpg,149,143,316,262,640,640,test
1293,1628,D:\whitevision\data\raw\valid\Heavy_Equipment_3030_jpg.rf.d7c42ffcb4c00b9943f1bae802a14214.jpg,grader,D:\whitevision\data\crops\grader\1293_annot1628_grader.jpg,0,69,620,491,640,640,train
1294,1629,D:\whitevision\data\raw\valid\Heavy_Equipment_506_jpg.rf.d78319e53ee2c47a9b94bcbdd414e022.jpg,loader,D:\whitevision\data\crops\loader\1294_annot1629_loader.jpg,186,202,293,224,640,640,train
1294,1630,D:\whitevision\data\raw\valid\Heavy_Equipment_506_jpg.rf.d78319e53ee2c47a9b94bcbdd414e022.jpg,dump_truck,D:\whitevision\data\crops\dump_truck\1294_annot1630_dump_truck.jpg,67,329,342,272,640,640,train
1295,1631,D:\whitevision\data\raw\valid\Heavy_Equipment_358_jpg.rf.d8cb552d952db0295524c99d1a443004.jpg,loader,D:\whitevision\data\crops\loader\1295_annot1631_loader.jpg,80,12,232,405,640,640,train
1295,1632,D:\whitevision\data\raw\valid\Heavy_Equipment_358_jpg.rf.d8cb552d952db0295524c99d1a443004.jpg,dump_truck,D:\whitevision\data\crops\dump_truck\1295_annot1632_dump_truck.jpg,183,124,388,470,640,640,train
1297,1633,D:\whitevision\data\raw\valid\Heavy_Equipment_174_jpg.rf.d92f57db7814cfda8080110a05922c11.jpg,mobile_crane,D:\whitevision\data\crops\mobile_crane\1297_annot1633_mobile_crane.jpg,50,0,590,571,640,640,train
1299,1634,D:\whitevision\data\raw\valid\M_B_7003571_jpg.rf.d9a13e28cb9efbb29029f75019c80630.jpg,mixer_truck,D:\whitevision\data\crops\mixer_truck\1299_annot1634_mixer_truck.jpg,42,84,533,538,640,640,test
1300,1635,D:\whitevision\data\raw\valid\Heavy_Equipment_1115_jpg.rf.daedafdb60d3b2f8e880ee1d1b6b8304.jpg,excavator,D:\whitevision\data\crops\excavator\1300_annot1635_excavator.jpg,0,0,640,625,640,640,train
1301,1636,D:\whitevision\data\raw\valid\Heavy_Equipment_4574_jpg.rf.d9dddf81a647f6ebd04e3c484fe25624.jpg,bulldozer,D:\whitevision\data\crops\bulldozer\1301_annot1636_bulldozer.jpg,7,68,611,497,640,640,train
1303,1637,D:\whitevision\data\raw\valid\Heavy_Equipment_4095_jpg.rf.da7a56cf7e53d7c1e603dee949645b47.jpg,bulldozer,D:\whitevision\data\crops\bulldozer\1303_annot1637_bulldozer.jpg,0,0,512,547,640,640,train
1304,1638,D:\whitevision\data\raw\valid\Heavy_Equipment_2773_jpg.rf.d9398a8212d00aa91f509f3850bf63cf.jpg,dump_truck,D:\whitevision\data\crops\dump_truck\1304_annot1638_dump_truck.jpg,0,60,330,216,640,640,train
1304,1639,D:\whitevision\data\raw\valid\Heavy_Equipment_2773_jpg.rf.d9398a8212d00aa91f509f3850bf63cf.jpg,loader,D:\whitevision\data\crops\loader\1304_annot1639_loader.jpg,0,68,583,503,640,640,train
1305,1640,D:\whitevision\data\raw\valid\Heavy_Equipment_5103_jpg.rf.db2e09e0787f43c0eb433948d1ee5e6e.jpg,bulldozer,D:\whitevision\data\crops\bulldozer\1305_annot1640_bulldozer.jpg,0,40,639,504,640,640,train
1306,1641,D:\whitevision\data\raw\valid\Heavy_Equipment_6283_jpg.rf.db6fa696a9a06b68d9e496876668fd1a.jpg,grader,D:\whitevision\data\crops\grader\1306_annot1641_grader.jpg,104,0,477,564,640,640,test
1307,1642,D:\whitevision\data\raw\valid\Heavy_Equipment_3772_jpg.rf.d9e1cfe38a62142f3d7cd9871087ce35.jpg,grader,D:\whitevision\data\crops\grader\1307_annot1642_grader.jpg,0,0,640,640,640,640,train
1308,1643,D:\whitevision\data\raw\valid\Heavy_Equipment_3740_jpg.rf.d9c22ec037eb8361db886f6dcaceca26.jpg,grader,D:\whitevision\data\crops\grader\1308_annot1643_grader.jpg,30,124,580,501,640,640,train
1309,1644,D:\whitevision\data\raw\valid\Heavy_Equipment_6068_jpg.rf.dba185f2c2307ecfae2231cb1cbad68f.jpg,roller,D:\whitevision\data\crops\roller\1309_annot1644_roller.jpg,204,0,213,394,640,640,train
1310,1645,D:\whitevision\data\raw\valid\Heavy_Equipment_1122_jpg.rf.db1c1eb33be0bcded2e5de12ca9c3880.jpg,excavator,D:\whitevision\data\crops\excavator\1310_annot1645_excavator.jpg,169,13,291,361,640,640,test
1311,1646,D:\whitevision\data\raw\valid\Heavy_Equipment_2928_jpg.rf.db272b475f89668a195eba4818c27d98.jpg,excavator,D:\whitevision\data\crops\excavator\1311_annot1646_excavator.jpg,318,118,273,360,640,640,validation
1311,1647,D:\whitevision\data\raw\valid\Heavy_Equipment_2928_jpg.rf.db272b475f89668a195eba4818c27d98.jpg,dump_truck,D:\whitevision\data\crops\dump_truck\1311_annot1647_dump_truck.jpg,0,211,404,299,640,640,validation
1312,1648,D:\whitevision\data\raw\valid\Heavy_Equipment_2811_jpg.rf.da76b8934356701e4b5b060bc0d2ee01.jpg,mobile_crane,D:\whitevision\data\crops\mobile_crane\1312_annot1648_mobile_crane.jpg,328,80,281,442,640,640,train
1312,1649,D:\whitevision\data\raw\valid\Heavy_Equipment_2811_jpg.rf.da76b8934356701e4b5b060bc0d2ee01.jpg,mobile_crane,D:\whitevision\data\crops\mobile_crane\1312_annot1649_mobile_crane.jpg,0,88,258,445,640,640,train
1313,1650,D:\whitevision\data\raw\valid\Heavy_Equipment_1693_jpg.rf.dc243dd3e4f3ac124ef62b7d4ad6895b.jpg,mobile_crane,D:\whitevision\data\crops\mobile_crane\1313_annot1650_mobile_crane.jpg,34,94,558,492,640,640,validation
1314,1651,D:\whitevision\data\raw\valid\Heavy_Equipment_1379_jpg.rf.dc33bf9ffac53306286f8bb159f0344f.jpg,mobile_crane,D:\whitevision\data\crops\mobile_crane\1314_annot1651_mobile_crane.jpg,113,1,328,621,640,640,train
1316,1652,D:\whitevision\data\raw\valid\Heavy_Equipment_5881_jpg.rf.dc1d9971e24c7580609caa38274bb2eb.jpg,roller,D:\whitevision\data\crops\roller\1316_annot1652_roller.jpg,258,112,157,326,640,640,train
1317,1653,D:\whitevision\data\raw\valid\Heavy_Equipment_6314_jpg.rf.dcc27aa167a24ba5c1175102b466081e.jpg,grader,D:\whitevision\data\crops\grader\1317_annot1653_grader.jpg,0,21,640,476,640,640,train
1318,1654,D:\whitevision\data\raw\valid\Heavy_Equipment_6294_jpg.rf.da74f395e7f0fabac70deb42c597236f.jpg,grader,D:\whitevision\data\crops\grader\1318_annot1654_grader.jpg,0,0,640,640,640,640,train
1319,1655,D:\whitevision\data\raw\valid\Heavy_Equipment_5559_jpg.rf.dc9a8613a9161a725ba583c2b93cce44.jpg,roller,D:\whitevision\data\crops\roller\1319_annot1655_roller.jpg,132,73,342,323,640,640,train
1321,1656,D:\whitevision\data\raw\valid\M_M_images91_jpg.rf.dd8b2a1b0b829d980cd0f5cbaf94c172.jpg,mixer_truck,D:\whitevision\data\crops\mixer_truck\1321_annot1656_mixer_truck.jpg,45,54,557,530,640,640,train
1321,1657,D:\whitevision\data\raw\valid\M_M_images91_jpg.rf.dd8b2a1b0b829d980cd0f5cbaf94c172.jpg,mixer_truck,D:\whitevision\data\crops\mixer_truck\1321_annot1657_mixer_truck.jpg,528,269,91,133,640,640,train
1321,1658,D:\whitevision\data\raw\valid\M_M_images91_jpg.rf.dd8b2a1b0b829d980cd0f5cbaf94c172.jpg,mixer_truck,D:\whitevision\data\crops\mixer_truck\1321_annot1658_mixer_truck.jpg,600,285,40,112,640,640,train
1321,1659,D:\whitevision\data\raw\valid\M_M_images91_jpg.rf.dd8b2a1b0b829d980cd0f5cbaf94c172.jpg,mixer_truck,D:\whitevision\data\crops\mixer_truck\1321_annot1659_mixer_truck.jpg,0,174,103,290,640,640,train
1322,1660,D:\whitevision\data\raw\valid\Heavy_Equipment_3760_jpg.rf.de5f17c3381991002f7793dd34736fa1.jpg,grader,D:\whitevision\data\crops\grader\1322_annot1660_grader.jpg,3,69,631,536,640,640,train
1323,1661,D:\whitevision\data\raw\valid\Heavy_Equipment_733_jpg.rf.dd8a6473dc85d0ff03dd2d6cce3efc6c.jpg,excavator,D:\whitevision\data\crops\excavator\1323_annot1661_excavator.jpg,0,0,592,640,640,640,test
1324,1662,D:\whitevision\data\raw\valid\Heavy_Equipment_1826_jpg.rf.dde746208f182d2f07852ec82203def5.jpg,excavator,D:\whitevision\data\crops\excavator\1324_annot1662_excavator.jpg,183,21,324,503,640,640,train
1324,1663,D:\whitevision\data\raw\valid\Heavy_Equipment_1826_jpg.rf.dde746208f182d2f07852ec82203def5.jpg,dump_truck,D:\whitevision\data\crops\dump_truck\1324_annot1663_dump_truck.jpg,32,248,204,207,640,640,train
1324,1664,D:\whitevision\data\raw\valid\Heavy_Equipment_1826_jpg.rf.dde746208f182d2f07852ec82203def5.jpg,dump_truck,D:\whitevision\data\crops\dump_truck\1324_annot1664_dump_truck.jpg,487,161,115,126,640,640,train
1325,1665,D:\whitevision\data\raw\valid\Heavy_Equipment_2465_jpg.rf.ddf30529524bcc44ebd9bb789f3e4e31.jpg,loader,D:\whitevision\data\crops\loader\1325_annot1665_loader.jpg,0,262,563,248,640,640,train
1325,1666,D:\whitevision\data\raw\valid\Heavy_Equipment_2465_jpg.rf.ddf30529524bcc44ebd9bb789f3e4e31.jpg,dump_truck,D:\whitevision\data\crops\dump_truck\1325_annot1666_dump_truck.jpg,156,228,408,167,640,640,train
1326,1667,D:\whitevision\data\raw\valid\Heavy_Equipment_5186_jpg.rf.df0ceb79938a76161595df696679bb57.jpg,bulldozer,D:\whitevision\data\crops\bulldozer\1326_annot1667_bulldozer.jpg,39,40,515,582,640,640,train
1327,1668,D:\whitevision\data\raw\valid\M_B_concrete_mixer_truck_mercedes_benz_sk_3535_1991_7115658_jpg.rf.dedb80655669d5f7ba47357b6361a5e7.jpg,mixer_truck,D:\whitevision\data\crops\mixer_truck\1327_annot1668_mixer_truck.jpg,49,75,537,502,640,640,train
1328,1669,D:\whitevision\data\raw\valid\Heavy_Equipment_5339_jpg.rf.df3aa08fe8f724152bb925e4ac9dcbd7.jpg,roller,D:\whitevision\data\crops\roller\1328_annot1669_roller.jpg,177,81,309,294,640,640,train
1329,1670,D:\whitevision\data\raw\valid\Heavy_Equipment_3868_jpg.rf.debe1206cc0231c8aaa333ee5c7aecb5.jpg,grader,D:\whitevision\data\crops\grader\1329_annot1670_grader.jpg,67,67,554,493,640,640,train
1331,1671,D:\whitevision\data\raw\valid\Heavy_Equipment_5052_jpg.rf.df6176d6647834535c4b701835c661fb.jpg,bulldozer,D:\whitevision\data\crops\bulldozer\1331_annot1671_bulldozer.jpg,45,212,455,327,640,640,train
1333,1672,D:\whitevision\data\raw\valid\Heavy_Equipment_6113_jpg.rf.e0ca3001535ab1f6750ba1bb45682a0c.jpg,roller,D:\whitevision\data\crops\roller\1333_annot1672_roller.jpg,198,98,207,367,640,640,train
1334,1673,D:\whitevision\data\raw\valid\Heavy_Equipment_3602_jpg.rf.df58b097afdbfb83c146cb5209749f4a.jpg,roller,D:\whitevision\data\crops\roller\1334_annot1673_roller.jpg,0,140,640,396,640,640,train
1335,1674,D:\whitevision\data\raw\valid\Heavy_Equipment_5832_jpg.rf.de41be4a900a59c48f05dad4a0ad11eb.jpg,roller,D:\whitevision\data\crops\roller\1335_annot1674_roller.jpg,234,111,228,354,640,640,train
1336,1675,D:\whitevision\data\raw\valid\Heavy_Equipment_5089_jpg.rf.e150e744f355f05fde444548d4abae49.jpg,grader,D:\whitevision\data\crops\grader\1336_annot1675_grader.jpg,0,145,640,441,640,640,validation
1337,1676,D:\whitevision\data\raw\valid\Heavy_Equipment_2688_jpg.rf.dc5558a974c46b76037084bab98edb45.jpg,mobile_crane,D:\whitevision\data\crops\mobile_crane\1337_annot1676_mobile_crane.jpg,307,252,83,278,640,640,train
1338,1677,D:\whitevision\data\raw\valid\Heavy_Equipment_704_jpg.rf.e0bb6dbb89e54dbbe3e26ee58f678642.jpg,mobile_crane,D:\whitevision\data\crops\mobile_crane\1338_annot1677_mobile_crane.jpg,431,227,115,218,640,640,validation
1339,1678,D:\whitevision\data\raw\valid\Heavy_Equipment_565_jpg.rf.dfc99d2fd2c4d7529ffeed9788a0d4bc.jpg,loader,D:\whitevision\data\crops\loader\1339_annot1678_loader.jpg,265,180,220,240,640,640,train
1339,1679,D:\whitevision\data\raw\valid\Heavy_Equipment_565_jpg.rf.dfc99d2fd2c4d7529ffeed9788a0d4bc.jpg,dump_truck,D:\whitevision\data\crops\dump_truck\1339_annot1679_dump_truck.jpg,125,142,323,479,640,640,train
1340,1680,D:\whitevision\data\raw\valid\Heavy_Equipment_2930_jpg.rf.e0bdd1cc6f0b2c484b3160bdd8007253.jpg,loader,D:\whitevision\data\crops\loader\1340_annot1680_loader.jpg,145,224,218,269,640,640,train
1340,1681,D:\whitevision\data\raw\valid\Heavy_Equipment_2930_jpg.rf.e0bdd1cc6f0b2c484b3160bdd8007253.jpg,excavator,D:\whitevision\data\crops\excavator\1340_annot1681_excavator.jpg,432,146,18,29,640,640,train
1340,1682,D:\whitevision\data\raw\valid\Heavy_Equipment_2930_jpg.rf.e0bdd1cc6f0b2c484b3160bdd8007253.jpg,excavator,D:\whitevision\data\crops\excavator\1340_annot1682_excavator.jpg,540,144,40,34,640,640,train
1340,1683,D:\whitevision\data\raw\valid\Heavy_Equipment_2930_jpg.rf.e0bdd1cc6f0b2c484b3160bdd8007253.jpg,excavator,D:\whitevision\data\crops\excavator\1340_annot1683_excavator.jpg,579,135,61,46,640,640,train
1341,1684,D:\whitevision\data\raw\valid\Heavy_Equipment_493_jpg.rf.e0ffdad5db71ec475c63a7f0cb0664eb.jpg,excavator,D:\whitevision\data\crops\excavator\1341_annot1684_excavator.jpg,218,113,281,325,640,640,train
1341,1685,D:\whitevision\data\raw\valid\Heavy_Equipment_493_jpg.rf.e0ffdad5db71ec475c63a7f0cb0664eb.jpg,dump_truck,D:\whitevision\data\crops\dump_truck\1341_annot1685_dump_truck.jpg,112,241,74,162,640,640,train
1341,1686,D:\whitevision\data\raw\valid\Heavy_Equipment_493_jpg.rf.e0ffdad5db71ec475c63a7f0cb0664eb.jpg,dump_truck,D:\whitevision\data\crops\dump_truck\1341_annot1686_dump_truck.jpg,179,245,39,79,640,640,train
1342,1687,D:\whitevision\data\raw\valid\Heavy_Equipment_4717_jpg.rf.e01a292c55b6abe419a7d6f265fa90da.jpg,bulldozer,D:\whitevision\data\crops\bulldozer\1342_annot1687_bulldozer.jpg,61,78,570,485,640,640,train
1343,1688,D:\whitevision\data\raw\valid\Heavy_Equipment_6109_jpg.rf.e1cef327f60a698038c60d449ebf369d.jpg,roller,D:\whitevision\data\crops\roller\1343_annot1688_roller.jpg,44,0,512,381,640,640,test
1344,1689,D:\whitevision\data\raw\valid\M_B_images75_jpg.rf.e1c0ac9afd4ad92098163d5010dab872.jpg,mixer_truck,D:\whitevision\data\crops\mixer_truck\1344_annot1689_mixer_truck.jpg,298,171,342,369,640,640,test
1345,1690,D:\whitevision\data\raw\valid\Heavy_Equipment_975_jpg.rf.e26e6bc620d662f6c83fbdb936819410.jpg,excavator,D:\whitevision\data\crops\excavator\1345_annot1690_excavator.jpg,90,0,481,489,640,640,train
1345,1691,D:\whitevision\data\raw\valid\Heavy_Equipment_975_jpg.rf.e26e6bc620d662f6c83fbdb936819410.jpg,dump_truck,D:\whitevision\data\crops\dump_truck\1345_annot1691_dump_truck.jpg,279,162,145,193,640,640,train
1345,1692,D:\whitevision\data\raw\valid\Heavy_Equipment_975_jpg.rf.e26e6bc620d662f6c83fbdb936819410.jpg,dump_truck,D:\whitevision\data\crops\dump_truck\1345_annot1692_dump_truck.jpg,278,317,362,323,640,640,train
1346,1693,D:\whitevision\data\raw\valid\Heavy_Equipment_122_jpg.rf.e1b3d98353a0ebeb5b769c73ecc7613c.jpg,excavator,D:\whitevision\data\crops\excavator\1346_annot1693_excavator.jpg,149,0,239,397,640,640,train
1346,1694,D:\whitevision\data\raw\valid\Heavy_Equipment_122_jpg.rf.e1b3d98353a0ebeb5b769c73ecc7613c.jpg,dump_truck,D:\whitevision\data\crops\dump_truck\1346_annot1694_dump_truck.jpg,427,174,104,204,640,640,train
1346,1695,D:\whitevision\data\raw\valid\Heavy_Equipment_122_jpg.rf.e1b3d98353a0ebeb5b769c73ecc7613c.jpg,dump_truck,D:\whitevision\data\crops\dump_truck\1346_annot1695_dump_truck.jpg,277,130,146,171,640,640,train
1347,1696,D:\whitevision\data\raw\valid\Heavy_Equipment_936_jpg.rf.e336286bacf192bdd1b66c850877805e.jpg,grader,D:\whitevision\data\crops\grader\1347_annot1696_grader.jpg,33,13,591,597,640,640,train
1348,1697,D:\whitevision\data\raw\valid\Heavy_Equipment_1153_jpg.rf.d5b2e240f45a2396c1fe55d3ce9b87d7.jpg,dump_truck,D:\whitevision\data\crops\dump_truck\1348_annot1697_dump_truck.jpg,197,401,443,239,640,640,train
1348,1698,D:\whitevision\data\raw\valid\Heavy_Equipment_1153_jpg.rf.d5b2e240f45a2396c1fe55d3ce9b87d7.jpg,excavator,D:\whitevision\data\crops\excavator\1348_annot1698_excavator.jpg,36,53,503,388,640,640,train
1349,1699,D:\whitevision\data\raw\valid\Heavy_Equipment_4271_jpg.rf.e254e63aa5d51690b6067b607339cd11.jpg,grader,D:\whitevision\data\crops\grader\1349_annot1699_grader.jpg,0,70,640,554,640,640,train
1350,1700,D:\whitevision\data\raw\valid\Heavy_Equipment_671_jpg.rf.e1eda693b2f9cc8852aa3cb1e8936395.jpg,mobile_crane,D:\whitevision\data\crops\mobile_crane\1350_annot1700_mobile_crane.jpg,69,0,464,548,640,640,train
1351,1701,D:\whitevision\data\raw\valid\Heavy_Equipment_4685_jpg.rf.e2843f30503ab0cfafb156ff08cddaba.jpg,bulldozer,D:\whitevision\data\crops\bulldozer\1351_annot1701_bulldozer.jpg,0,17,633,614,640,640,train
1353,1702,D:\whitevision\data\raw\valid\Heavy_Equipment_3475_jpg.rf.e3c1ff55f25f0c983c98eb87ccfefce1.jpg,grader,D:\whitevision\data\crops\grader\1353_annot1702_grader.jpg,20,28,472,313,640,640,test
1354,1703,D:\whitevision\data\raw\valid\Heavy_Equipment_2238_jpg.rf.e37e93d0e222b7671cc557f4bc9a3810.jpg,loader,D:\whitevision\data\crops\loader\1354_annot1703_loader.jpg,115,0,468,403,640,640,train
1355,1704,D:\whitevision\data\raw\valid\Heavy_Equipment_6198_jpg.rf.e3556dda48d9d1765c0feac4b21d1d6b.jpg,roller,D:\whitevision\data\crops\roller\1355_annot1704_roller.jpg,0,0,640,640,640,640,train
1356,1705,D:\whitevision\data\raw\valid\Heavy_Equipment_4993_jpg.rf.df59183f871efa4b00d783e238a960c3.jpg,bulldozer,D:\whitevision\data\crops\bulldozer\1356_annot1705_bulldozer.jpg,0,25,638,615,640,640,train
1357,1706,D:\whitevision\data\raw\valid\Heavy_Equipment_6095_jpg.rf.e3ec656f020b40f39d9f4351c99b86f7.jpg,roller,D:\whitevision\data\crops\roller\1357_annot1706_roller.jpg,238,136,181,250,640,640,train
1358,1707,D:\whitevision\data\raw\valid\Heavy_Equipment_5712_jpg.rf.ded678a5cf7848554466b3e438e6ab56.jpg,roller,D:\whitevision\data\crops\roller\1358_annot1707_roller.jpg,191,151,234,223,640,640,train
1359,1708,D:\whitevision\data\raw\valid\M_S_image27_jpeg.rf.e4454db680d5ade16478ff9a3fcb650b.jpg,mixer_truck,D:\whitevision\data\crops\mixer_truck\1359_annot1708_mixer_truck.jpg,10,120,630,462,640,640,validation
1360,1709,D:\whitevision\data\raw\valid\Heavy_Equipment_5151_jpg.rf.e40ccb699cb3d070b3c26da4250623a7.jpg,bulldozer,D:\whitevision\data\crops\bulldozer\1360_annot1709_bulldozer.jpg,0,111,640,438,640,640,train
1361,1710,D:\whitevision\data\raw\valid\Heavy_Equipment_5207_jpg.rf.e4cde952a4371a166dbb049fc5b199ea.jpg,grader,D:\whitevision\data\crops\grader\1361_annot1710_grader.jpg,51,107,589,426,640,640,train
1362,1711,D:\whitevision\data\raw\valid\Heavy_Equipment_3561_jpg.rf.e408e4b0b750779bdc6d08612bac07c7.jpg,grader,D:\whitevision\data\crops\grader\1362_annot1711_grader.jpg,106,234,343,92,640,640,validation
1363,1712,D:\whitevision\data\raw\valid\Heavy_Equipment_4945_jpg.rf.e4595f57175750841583616a4b6b2584.jpg,bulldozer,D:\whitevision\data\crops\bulldozer\1363_annot1712_bulldozer.jpg,49,43,461,557,640,640,train
1364,1713,D:\whitevision\data\raw\valid\Heavy_Equipment_1453_jpg.rf.e65be724b1246b26ecaea7411e474bf9.jpg,excavator,D:\whitevision\data\crops\excavator\1364_annot1713_excavator.jpg,113,0,360,362,640,640,test
1364,1714,D:\whitevision\data\raw\valid\Heavy_Equipment_1453_jpg.rf.e65be724b1246b26ecaea7411e474bf9.jpg,dump_truck,D:\whitevision\data\crops\dump_truck\1364_annot1714_dump_truck.jpg,448,183,28,93,640,640,test
1365,1715,D:\whitevision\data\raw\valid\Heavy_Equipment_2860_jpg.rf.e45f15c0dd8e88e34c748c7e2295e998.jpg,loader,D:\whitevision\data\crops\loader\1365_annot1715_loader.jpg,230,219,222,300,640,640,train
1365,1716,D:\whitevision\data\raw\valid\Heavy_Equipment_2860_jpg.rf.e45f15c0dd8e88e34c748c7e2295e998.jpg,dump_truck,D:\whitevision\data\crops\dump_truck\1365_annot1716_dump_truck.jpg,0,213,245,316,640,640,train
1366,1717,D:\whitevision\data\raw\valid\Heavy_Equipment_4799_jpg.rf.e6580786f6c8e58cb4484b26f3b662da.jpg,grader,D:\whitevision\data\crops\grader\1366_annot1717_grader.jpg,13,142,566,372,640,640,test
1367,1718,D:\whitevision\data\raw\valid\Heavy_Equipment_4407_jpg.rf.e6353f2994c45647fb7a0c3c10ba1e75.jpg,bulldozer,D:\whitevision\data\crops\bulldozer\1367_annot1718_bulldozer.jpg,28,38,604,542,640,640,train
1368,1719,D:\whitevision\data\raw\valid\Heavy_Equipment_4904_jpg.rf.e5cfcc02666b21a540fc5f3bb72ffd52.jpg,grader,D:\whitevision\data\crops\grader\1368_annot1719_grader.jpg,46,0,578,617,640,640,train
1369,1720,D:\whitevision\data\raw\valid\M_S_images22_jpg.rf.e52fe7d4ece3ff304947cc17028d7fac.jpg,mixer_truck,D:\whitevision\data\crops\mixer_truck\1369_annot1720_mixer_truck.jpg,0,62,640,533,640,640,validation
1370,1721,D:\whitevision\data\raw\valid\Heavy_Equipment_1805_jpg.rf.e61d1e621a92d3b46a2d28f266b0adb6.jpg,excavator,D:\whitevision\data\crops\excavator\1370_annot1721_excavator.jpg,0,0,640,639,640,640,validation
1370,1722,D:\whitevision\data\raw\valid\Heavy_Equipment_1805_jpg.rf.e61d1e621a92d3b46a2d28f266b0adb6.jpg,dump_truck,D:\whitevision\data\crops\dump_truck\1370_annot1722_dump_truck.jpg,0,25,205,203,640,640,validation
1370,1723,D:\whitevision\data\raw\valid\Heavy_Equipment_1805_jpg.rf.e61d1e621a92d3b46a2d28f266b0adb6.jpg,dump_truck,D:\whitevision\data\crops\dump_truck\1370_annot1723_dump_truck.jpg,14,384,159,256,640,640,validation
1371,1724,D:\whitevision\data\raw\valid\Heavy_Equipment_3592_jpg.rf.e71573e7a0d577a37704ee46318b397f.jpg,bulldozer,D:\whitevision\data\crops\bulldozer\1371_annot1724_bulldozer.jpg,7,213,546,203,640,640,train
1371,1725,D:\whitevision\data\raw\valid\Heavy_Equipment_3592_jpg.rf.e71573e7a0d577a37704ee46318b397f.jpg,bulldozer,D:\whitevision\data\crops\bulldozer\1371_annot1725_bulldozer.jpg,520,249,84,68,640,640,train
1372,1726,D:\whitevision\data\raw\valid\Heavy_Equipment_883_jpg.rf.e759d1691db086e9e189477977a410f4.jpg,loader,D:\whitevision\data\crops\loader\1372_annot1726_loader.jpg,83,173,461,391,640,640,train
1372,1727,D:\whitevision\data\raw\valid\Heavy_Equipment_883_jpg.rf.e759d1691db086e9e189477977a410f4.jpg,mobile_crane,D:\whitevision\data\crops\mobile_crane\1372_annot1727_mobile_crane.jpg,252,0,126,296,640,640,train
1373,1728,D:\whitevision\data\raw\valid\Heavy_Equipment_2835_jpg.rf.e6e3933d4ea7049e4bd4dd4472c50550.jpg,excavator,D:\whitevision\data\crops\excavator\1373_annot1728_excavator.jpg,41,0,536,640,640,640,train
1373,1729,D:\whitevision\data\raw\valid\Heavy_Equipment_2835_jpg.rf.e6e3933d4ea7049e4bd4dd4472c50550.jpg,dump_truck,D:\whitevision\data\crops\dump_truck\1373_annot1729_dump_truck.jpg,293,259,46,85,640,640,train
1373,1730,D:\whitevision\data\raw\valid\Heavy_Equipment_2835_jpg.rf.e6e3933d4ea7049e4bd4dd4472c50550.jpg,dump_truck,D:\whitevision\data\crops\dump_truck\1373_annot1730_dump_truck.jpg,537,211,86,82,640,640,train
1373,1731,D:\whitevision\data\raw\valid\Heavy_Equipment_2835_jpg.rf.e6e3933d4ea7049e4bd4dd4472c50550.jpg,dump_truck,D:\whitevision\data\crops\dump_truck\1373_annot1731_dump_truck.jpg,493,440,97,152,640,640,train
1374,1732,D:\whitevision\data\raw\valid\Heavy_Equipment_2002_jpg.rf.e6f7746189f3448b9d44cd1e9fec5fb7.jpg,excavator,D:\whitevision\data\crops\excavator\1374_annot1732_excavator.jpg,166,234,204,196,640,640,train
1375,1733,D:\whitevision\data\raw\valid\M_B_images27_jpg.rf.e72090af67130172eeae2efa5c7ee71a.jpg,mixer_truck,D:\whitevision\data\crops\mixer_truck\1375_annot1733_mixer_truck.jpg,19,38,543,602,640,640,train
1376,1734,D:\whitevision\data\raw\valid\Heavy_Equipment_2727_jpg.rf.e65e1b3b093d417fc88617bbdbffdd0f.jpg,mobile_crane,D:\whitevision\data\crops\mobile_crane\1376_annot1734_mobile_crane.jpg,36,0,530,490,640,640,validation
1378,1735,D:\whitevision\data\raw\valid\Heavy_Equipment_1685_jpg.rf.e7807996be3d690915f17024d6b47ef9.jpg,loader,D:\whitevision\data\crops\loader\1378_annot1735_loader.jpg,96,34,290,416,640,640,validation
1378,1736,D:\whitevision\data\raw\valid\Heavy_Equipment_1685_jpg.rf.e7807996be3d690915f17024d6b47ef9.jpg,dump_truck,D:\whitevision\data\crops\dump_truck\1378_annot1736_dump_truck.jpg,336,34,69,65,640,640,validation
1378,1737,D:\whitevision\data\raw\valid\Heavy_Equipment_1685_jpg.rf.e7807996be3d690915f17024d6b47ef9.jpg,dump_truck,D:\whitevision\data\crops\dump_truck\1378_annot1737_dump_truck.jpg,431,18,88,108,640,640,validation
1378,1738,D:\whitevision\data\raw\valid\Heavy_Equipment_1685_jpg.rf.e7807996be3d690915f17024d6b47ef9.jpg,dump_truck,D:\whitevision\data\crops\dump_truck\1378_annot1738_dump_truck.jpg,573,68,67,181,640,640,validation
1378,1739,D:\whitevision\data\raw\valid\Heavy_Equipment_1685_jpg.rf.e7807996be3d690915f17024d6b47ef9.jpg,dump_truck,D:\whitevision\data\crops\dump_truck\1378_annot1739_dump_truck.jpg,0,0,46,46,640,640,validation
1380,1740,D:\whitevision\data\raw\valid\Heavy_Equipment_245_jpg.rf.e7eef42fbda2bf9e147a3fd4a481e412.jpg,dump_truck,D:\whitevision\data\crops\dump_truck\1380_annot1740_dump_truck.jpg,402,391,189,215,640,640,train
1380,1741,D:\whitevision\data\raw\valid\Heavy_Equipment_245_jpg.rf.e7eef42fbda2bf9e147a3fd4a481e412.jpg,excavator,D:\whitevision\data\crops\excavator\1380_annot1741_excavator.jpg,154,219,258,421,640,640,train
1380,1742,D:\whitevision\data\raw\valid\Heavy_Equipment_245_jpg.rf.e7eef42fbda2bf9e147a3fd4a481e412.jpg,dump_truck,D:\whitevision\data\crops\dump_truck\1380_annot1742_dump_truck.jpg,125,386,126,126,640,640,train
1380,1743,D:\whitevision\data\raw\valid\Heavy_Equipment_245_jpg.rf.e7eef42fbda2bf9e147a3fd4a481e412.jpg,dump_truck,D:\whitevision\data\crops\dump_truck\1380_annot1743_dump_truck.jpg,0,329,76,130,640,640,train
1381,1744,D:\whitevision\data\raw\valid\Heavy_Equipment_3337_jpg.rf.e6fe85ac5afaf3467699e27bf6993241.jpg,grader,D:\whitevision\data\crops\grader\1381_annot1744_grader.jpg,0,0,598,640,640,640,test
1382,1745,D:\whitevision\data\raw\valid\Heavy_Equipment_889_jpg.rf.e6818a30ac20bd472ced88d7147cf953.jpg,mobile_crane,D:\whitevision\data\crops\mobile_crane\1382_annot1745_mobile_crane.jpg,0,176,511,347,640,640,test
1382,1746,D:\whitevision\data\raw\valid\Heavy_Equipment_889_jpg.rf.e6818a30ac20bd472ced88d7147cf953.jpg,excavator,D:\whitevision\data\crops\excavator\1382_annot1746_excavator.jpg,476,138,149,303,640,640,test
1383,1747,D:\whitevision\data\raw\valid\Heavy_Equipment_2045_jpg.rf.e7af736b6c0d9787b877c05b7879d9f7.jpg,excavator,D:\whitevision\data\crops\excavator\1383_annot1747_excavator.jpg,154,3,486,556,640,640,train
1384,1748,D:\whitevision\data\raw\valid\Heavy_Equipment_3273_jpg.rf.e7c852de2476c5aacc440dd47cf6eb49.jpg,grader,D:\whitevision\data\crops\grader\1384_annot1748_grader.jpg,43,171,587,351,640,640,train
1385,1749,D:\whitevision\data\raw\valid\Heavy_Equipment_1416_jpg.rf.e818b065a58fa5d15fe636198d7df2a8.jpg,loader,D:\whitevision\data\crops\loader\1385_annot1749_loader.jpg,104,61,329,365,640,640,train
1385,1750,D:\whitevision\data\raw\valid\Heavy_Equipment_1416_jpg.rf.e818b065a58fa5d15fe636198d7df2a8.jpg,dump_truck,D:\whitevision\data\crops\dump_truck\1385_annot1750_dump_truck.jpg,190,176,381,460,640,640,train
1387,1751,D:\whitevision\data\raw\valid\Heavy_Equipment_4250_jpg.rf.e998ed435862ecf3c9da3bebee6a4dfb.jpg,bulldozer,D:\whitevision\data\crops\bulldozer\1387_annot1751_bulldozer.jpg,0,25,622,559,640,640,train
1388,1752,D:\whitevision\data\raw\valid\Heavy_Equipment_631_jpg.rf.e84404b14427679e1bce744a180760e8.jpg,dump_truck,D:\whitevision\data\crops\dump_truck\1388_annot1752_dump_truck.jpg,145,241,166,201,640,640,train
1388,1753,D:\whitevision\data\raw\valid\Heavy_Equipment_631_jpg.rf.e84404b14427679e1bce744a180760e8.jpg,loader,D:\whitevision\data\crops\loader\1388_annot1753_loader.jpg,338,252,277,197,640,640,train
1389,1754,D:\whitevision\data\raw\valid\Heavy_Equipment_4458_jpg.rf.e944ca699ddf8f1c6725fc4ac502fe3e.jpg,bulldozer,D:\whitevision\data\crops\bulldozer\1389_annot1754_bulldozer.jpg,0,10,619,591,640,640,train
1390,1755,D:\whitevision\data\raw\valid\Heavy_Equipment_1854_jpg.rf.e9bd513f3439a185ea3483bdc6e64ffc.jpg,loader,D:\whitevision\data\crops\loader\1390_annot1755_loader.jpg,7,192,227,310,640,640,train
1390,1756,D:\whitevision\data\raw\valid\Heavy_Equipment_1854_jpg.rf.e9bd513f3439a185ea3483bdc6e64ffc.jpg,dump_truck,D:\whitevision\data\crops\dump_truck\1390_annot1756_dump_truck.jpg,200,175,405,240,640,640,train
1391,1757,D:\whitevision\data\raw\valid\Heavy_Equipment_2283_jpg.rf.ea94515b9bc35fb19d7a3f27e7c57ec2.jpg,excavator,D:\whitevision\data\crops\excavator\1391_annot1757_excavator.jpg,113,140,527,500,640,640,test
1392,1758,D:\whitevision\data\raw\valid\Heavy_Equipment_4585_jpg.rf.e8b1dc0c152215cb22f38683ab46d621.jpg,bulldozer,D:\whitevision\data\crops\bulldozer\1392_annot1758_bulldozer.jpg,0,195,640,345,640,640,test
1393,1759,D:\whitevision\data\raw\valid\Heavy_Equipment_4628_jpg.rf.e9fe58627bde7bff14a9c99ae61ec3a4.jpg,bulldozer,D:\whitevision\data\crops\bulldozer\1393_annot1759_bulldozer.jpg,0,0,613,640,640,640,train
1394,1760,D:\whitevision\data\raw\valid\Heavy_Equipment_3700_jpg.rf.e6addd56ab9f906cdc816d18d80e5cba.jpg,grader,D:\whitevision\data\crops\grader\1394_annot1760_grader.jpg,2,149,625,352,640,640,train
1396,1761,D:\whitevision\data\raw\valid\Heavy_Equipment_5039_jpg.rf.eb9cecbdca0808d1ced659e34b12602a.jpg,bulldozer,D:\whitevision\data\crops\bulldozer\1396_annot1761_bulldozer.jpg,157,0,467,569,640,640,validation
1397,1762,D:\whitevision\data\raw\valid\Heavy_Equipment_5298_jpg.rf.eab55f8e967913718f9ba1ec62b92d0d.jpg,roller,D:\whitevision\data\crops\roller\1397_annot1762_roller.jpg,227,121,204,270,640,640,train
1398,1763,D:\whitevision\data\raw\valid\M_B_images95_jpg.rf.e86562d22f0f160d1b8164ac70432de6.jpg,mixer_truck,D:\whitevision\data\crops\mixer_truck\1398_annot1763_mixer_truck.jpg,33,61,549,544,640,640,train
1398,1764,D:\whitevision\data\raw\valid\M_B_images95_jpg.rf.e86562d22f0f160d1b8164ac70432de6.jpg,mixer_truck,D:\whitevision\data\crops\mixer_truck\1398_annot1764_mixer_truck.jpg,0,150,153,320,640,640,train
1399,1765,D:\whitevision\data\raw\valid\Heavy_Equipment_1889_jpg.rf.e99ed4e4d673ea07ff7ca4897716d951.jpg,dump_truck,D:\whitevision\data\crops\dump_truck\1399_annot1765_dump_truck.jpg,316,285,97,132,640,640,test
1399,1766,D:\whitevision\data\raw\valid\Heavy_Equipment_1889_jpg.rf.e99ed4e4d673ea07ff7ca4897716d951.jpg,excavator,D:\whitevision\data\crops\excavator\1399_annot1766_excavator.jpg,441,304,113,115,640,640,test
1399,1767,D:\whitevision\data\raw\valid\Heavy_Equipment_1889_jpg.rf.e99ed4e4d673ea07ff7ca4897716d951.jpg,dump_truck,D:\whitevision\data\crops\dump_truck\1399_annot1767_dump_truck.jpg,190,310,135,71,640,640,test
1399,1768,D:\whitevision\data\raw\valid\Heavy_Equipment_1889_jpg.rf.e99ed4e4d673ea07ff7ca4897716d951.jpg,dump_truck,D:\whitevision\data\crops\dump_truck\1399_annot1768_dump_truck.jpg,117,291,82,96,640,640,test
1399,1769,D:\whitevision\data\raw\valid\Heavy_Equipment_1889_jpg.rf.e99ed4e4d673ea07ff7ca4897716d951.jpg,dump_truck,D:\whitevision\data\crops\dump_truck\1399_annot1769_dump_truck.jpg,16,276,104,130,640,640,test
1400,1770,D:\whitevision\data\raw\valid\Heavy_Equipment_8_jpg.rf.ed0b6a70bfa80f2018791f7f35e735c6.jpg,grader,D:\whitevision\data\crops\grader\1400_annot1770_grader.jpg,18,125,615,371,640,640,train
1401,1771,D:\whitevision\data\raw\valid\Heavy_Equipment_5021_jpg.rf.eddd791ea0e124f47dbd4e437b8b7158.jpg,bulldozer,D:\whitevision\data\crops\bulldozer\1401_annot1771_bulldozer.jpg,23,53,617,496,640,640,validation
1402,1772,D:\whitevision\data\raw\valid\Heavy_Equipment_2063_jpg.rf.edd71d3ac8e86445a601526627c93fec.jpg,mobile_crane,D:\whitevision\data\crops\mobile_crane\1402_annot1772_mobile_crane.jpg,98,38,355,405,640,640,test
1403,1773,D:\whitevision\data\raw\valid\Heavy_Equipment_1208_jpg.rf.ec388e64635002caf7f08a26b9f0d87d.jpg,mobile_crane,D:\whitevision\data\crops\mobile_crane\1403_annot1773_mobile_crane.jpg,172,232,248,300,640,640,train
1404,1774,D:\whitevision\data\raw\valid\Heavy_Equipment_3513_jpg.rf.ec48509d0aaad7e052501dd7fba34329.jpg,bulldozer,D:\whitevision\data\crops\bulldozer\1404_annot1774_bulldozer.jpg,17,24,597,602,640,640,train
1406,1775,D:\whitevision\data\raw\valid\M_S_9649_2634426116283_jpg.rf.ec1d0460ba06e1519431538a7024b917.jpg,mixer_truck,D:\whitevision\data\crops\mixer_truck\1406_annot1775_mixer_truck.jpg,34,13,573,621,640,640,train
1407,1776,D:\whitevision\data\raw\valid\Heavy_Equipment_4118_jpg.rf.edc5cade17e1495ac4e61522477becc2.jpg,bulldozer,D:\whitevision\data\crops\bulldozer\1407_annot1776_bulldozer.jpg,13,15,617,614,640,640,validation
1408,1777,D:\whitevision\data\raw\valid\Heavy_Equipment_6020_jpg.rf.eea8a4ca6f5088de6d579fd85e4b8bb2.jpg,roller,D:\whitevision\data\crops\roller\1408_annot1777_roller.jpg,106,0,346,353,640,640,train
1409,1778,D:\whitevision\data\raw\valid\Heavy_Equipment_1412_jpg.rf.ed8beb428a5a536bc6a308eabaddfc81.jpg,mobile_crane,D:\whitevision\data\crops\mobile_crane\1409_annot1778_mobile_crane.jpg,221,189,261,240,640,640,train
1409,1779,D:\whitevision\data\raw\valid\Heavy_Equipment_1412_jpg.rf.ed8beb428a5a536bc6a308eabaddfc81.jpg,mobile_crane,D:\whitevision\data\crops\mobile_crane\1409_annot1779_mobile_crane.jpg,495,106,132,137,640,640,train
1410,1780,D:\whitevision\data\raw\valid\Heavy_Equipment_1258_jpg.rf.ec440cfc819ec62ca92fa5d36cd7fe89.jpg,excavator,D:\whitevision\data\crops\excavator\1410_annot1780_excavator.jpg,61,29,526,611,640,640,train
1410,1781,D:\whitevision\data\raw\valid\Heavy_Equipment_1258_jpg.rf.ec440cfc819ec62ca92fa5d36cd7fe89.jpg,dump_truck,D:\whitevision\data\crops\dump_truck\1410_annot1781_dump_truck.jpg,354,50,234,294,640,640,train
1410,1782,D:\whitevision\data\raw\valid\Heavy_Equipment_1258_jpg.rf.ec440cfc819ec62ca92fa5d36cd7fe89.jpg,dump_truck,D:\whitevision\data\crops\dump_truck\1410_annot1782_dump_truck.jpg,574,50,66,152,640,640,train
1410,1783,D:\whitevision\data\raw\valid\Heavy_Equipment_1258_jpg.rf.ec440cfc819ec62ca92fa5d36cd7fe89.jpg,dump_truck,D:\whitevision\data\crops\dump_truck\1410_annot1783_dump_truck.jpg,0,13,90,160,640,640,train
1411,1784,D:\whitevision\data\raw\valid\Heavy_Equipment_5217_jpg.rf.efad157fc61113b9eeb6fe881d70b4f5.jpg,grader,D:\whitevision\data\crops\grader\1411_annot1784_grader.jpg,45,25,593,490,640,640,test
1412,1785,D:\whitevision\data\raw\valid\Heavy_Equipment_6100_jpg.rf.efc2c65d88d0783b76e78cfaf6df6b04.jpg,roller,D:\whitevision\data\crops\roller\1412_annot1785_roller.jpg,179,87,303,294,640,640,train
1413,1786,D:\whitevision\data\raw\valid\Heavy_Equipment_75_jpg.rf.ec36bb9454967b4f0f33292eab677e0c.jpg,excavator,D:\whitevision\data\crops\excavator\1413_annot1786_excavator.jpg,105,114,300,310,640,640,train
1413,1787,D:\whitevision\data\raw\valid\Heavy_Equipment_75_jpg.rf.ec36bb9454967b4f0f33292eab677e0c.jpg,dump_truck,D:\whitevision\data\crops\dump_truck\1413_annot1787_dump_truck.jpg,370,205,113,171,640,640,train
1413,1788,D:\whitevision\data\raw\valid\Heavy_Equipment_75_jpg.rf.ec36bb9454967b4f0f33292eab677e0c.jpg,dump_truck,D:\whitevision\data\crops\dump_truck\1413_annot1788_dump_truck.jpg,313,331,327,309,640,640,train
1414,1789,D:\whitevision\data\raw\valid\Heavy_Equipment_2059_jpg.rf.f01e442af14f3aa4000b101dc94638d8.jpg,loader,D:\whitevision\data\crops\loader\1414_annot1789_loader.jpg,195,40,204,278,640,640,test
1414,1790,D:\whitevision\data\raw\valid\Heavy_Equipment_2059_jpg.rf.f01e442af14f3aa4000b101dc94638d8.jpg,dump_truck,D:\whitevision\data\crops\dump_truck\1414_annot1790_dump_truck.jpg,286,242,354,398,640,640,test
1415,1791,D:\whitevision\data\raw\valid\Heavy_Equipment_1209_jpg.rf.f0ad4cccc33db5c33fe328480ffeb8c7.jpg,dump_truck,D:\whitevision\data\crops\dump_truck\1415_annot1791_dump_truck.jpg,98,252,107,127,640,640,validation
1416,1792,D:\whitevision\data\raw\valid\Heavy_Equipment_3055_jpg.rf.eec1d23c5d1397e253dc3c081a8efc97.jpg,grader,D:\whitevision\data\crops\grader\1416_annot1792_grader.jpg,14,0,626,613,640,640,train
1417,1793,D:\whitevision\data\raw\valid\M_M_SHAANXI-MAN-technology-concrete-mixer-truck-6x4-9cbm_jpg.rf.f0badc7123b562a4a8bc35f5876ca58c.jpg,mixer_truck,D:\whitevision\data\crops\mixer_truck\1417_annot1793_mixer_truck.jpg,31,0,609,640,640,640,train
1418,1794,D:\whitevision\data\raw\valid\Heavy_Equipment_542_jpg.rf.ef61c01e0115dc3b757418f450e90572.jpg,excavator,D:\whitevision\data\crops\excavator\1418_annot1794_excavator.jpg,50,14,478,623,640,640,train
1418,1795,D:\whitevision\data\raw\valid\Heavy_Equipment_542_jpg.rf.ef61c01e0115dc3b757418f450e90572.jpg,dump_truck,D:\whitevision\data\crops\dump_truck\1418_annot1795_dump_truck.jpg,0,140,48,74,640,640,train
1418,1796,D:\whitevision\data\raw\valid\Heavy_Equipment_542_jpg.rf.ef61c01e0115dc3b757418f450e90572.jpg,dump_truck,D:\whitevision\data\crops\dump_truck\1418_annot1796_dump_truck.jpg,348,187,88,171,640,640,train
1418,1797,D:\whitevision\data\raw\valid\Heavy_Equipment_542_jpg.rf.ef61c01e0115dc3b757418f450e90572.jpg,loader,D:\whitevision\data\crops\loader\1418_annot1797_loader.jpg,131,121,43,90,640,640,train
1419,1798,D:\whitevision\data\raw\valid\Heavy_Equipment_4852_jpg.rf.f04b1740b8a18ddcc7b27953d61e38ac.jpg,bulldozer,D:\whitevision\data\crops\bulldozer\1419_annot1798_bulldozer.jpg,20,139,587,478,640,640,train
1420,1799,D:\whitevision\data\raw\valid\Heavy_Equipment_3788_jpg.rf.ee66ad07419b83218bb9b8d64db95fe8.jpg,grader,D:\whitevision\data\crops\grader\1420_annot1799_grader.jpg,115,39,492,520,640,640,train
1421,1800,D:\whitevision\data\raw\valid\M_M_images128_jpg.rf.f04f0b612aad4485a8fd9df64c1672a3.jpg,mixer_truck,D:\whitevision\data\crops\mixer_truck\1421_annot1800_mixer_truck.jpg,29,59,595,567,640,640,test
1422,1801,D:\whitevision\data\raw\valid\Heavy_Equipment_3731_jpg.rf.ebe0cd0a9e54b5bb4fa72a17c1f1b6a1.jpg,grader,D:\whitevision\data\crops\grader\1422_annot1801_grader.jpg,23,11,617,619,640,640,train
1423,1802,D:\whitevision\data\raw\valid\Heavy_Equipment_1944_jpg.rf.f1844f7843a306f94bf265aed09411b9.jpg,excavator,D:\whitevision\data\crops\excavator\1423_annot1802_excavator.jpg,66,234,193,190,640,640,test
1423,1803,D:\whitevision\data\raw\valid\Heavy_Equipment_1944_jpg.rf.f1844f7843a306f94bf265aed09411b9.jpg,excavator,D:\whitevision\data\crops\excavator\1423_annot1803_excavator.jpg,276,256,292,266,640,640,test
1423,1804,D:\whitevision\data\raw\valid\Heavy_Equipment_1944_jpg.rf.f1844f7843a306f94bf265aed09411b9.jpg,dump_truck,D:\whitevision\data\crops\dump_truck\1423_annot1804_dump_truck.jpg,420,376,220,189,640,640,test
1424,1805,D:\whitevision\data\raw\valid\Heavy_Equipment_3824_jpg.rf.f19385a41c9334cd569469706ab5a774.jpg,grader,D:\whitevision\data\crops\grader\1424_annot1805_grader.jpg,221,101,393,444,640,640,train
1425,1806,D:\whitevision\data\raw\valid\Heavy_Equipment_722_jpg.rf.f10ac9b28ef1c5b1ceb6f65fe409cedb.jpg,dump_truck,D:\whitevision\data\crops\dump_truck\1425_annot1806_dump_truck.jpg,428,251,212,389,640,640,train
1425,1807,D:\whitevision\data\raw\valid\Heavy_Equipment_722_jpg.rf.f10ac9b28ef1c5b1ceb6f65fe409cedb.jpg,excavator,D:\whitevision\data\crops\excavator\1425_annot1807_excavator.jpg,0,0,495,640,640,640,train
1426,1808,D:\whitevision\data\raw\valid\Heavy_Equipment_4752_jpg.rf.f1ba09c2e12f6e5dc227566b2a8ca352.jpg,bulldozer,D:\whitevision\data\crops\bulldozer\1426_annot1808_bulldozer.jpg,0,26,640,588,640,640,train
1428,1809,D:\whitevision\data\raw\valid\Heavy_Equipment_3046_jpg.rf.ee86d5bac503db4a20fe31f264e1664f.jpg,bulldozer,D:\whitevision\data\crops\bulldozer\1428_annot1809_bulldozer.jpg,0,0,640,617,640,640,train
1429,1810,D:\whitevision\data\raw\valid\Heavy_Equipment_5759_jpg.rf.ea31272d3ac1e058f20f4012c530af60.jpg,roller,D:\whitevision\data\crops\roller\1429_annot1810_roller.jpg,219,107,250,305,640,640,train
1430,1811,D:\whitevision\data\raw\valid\Heavy_Equipment_5692_jpg.rf.f252b1b1926a8c6c9eb6bad07f35a1fe.jpg,roller,D:\whitevision\data\crops\roller\1430_annot1811_roller.jpg,225,169,205,194,640,640,train
1431,1812,D:\whitevision\data\raw\valid\Heavy_Equipment_350_jpg.rf.f1bad9be746b4f68dc25fcf49a390971.jpg,dump_truck,D:\whitevision\data\crops\dump_truck\1431_annot1812_dump_truck.jpg,342,67,163,390,640,640,train
1432,1813,D:\whitevision\data\raw\valid\Heavy_Equipment_2794_jpg.rf.f2a84ee48febf233ec896802ae8ee4b7.jpg,excavator,D:\whitevision\data\crops\excavator\1432_annot1813_excavator.jpg,0,0,640,640,640,640,validation
1433,1814,D:\whitevision\data\raw\valid\Heavy_Equipment_3635_jpg.rf.f2113c6d786f53035b212a582468dcaa.jpg,grader,D:\whitevision\data\crops\grader\1433_annot1814_grader.jpg,0,53,632,587,640,640,test
1434,1815,D:\whitevision\data\raw\valid\Heavy_Equipment_4635_jpg.rf.f2c5893044fe3e4031b85cdc703cd551.jpg,bulldozer,D:\whitevision\data\crops\bulldozer\1434_annot1815_bulldozer.jpg,0,13,640,600,640,640,train
1435,1816,D:\whitevision\data\raw\valid\Heavy_Equipment_1555_jpg.rf.f2bca21db52cbb2340b652dbb57b8670.jpg,excavator,D:\whitevision\data\crops\excavator\1435_annot1816_excavator.jpg,37,14,603,597,640,640,test
1436,1817,D:\whitevision\data\raw\valid\Heavy_Equipment_5614_jpg.rf.f2ef5dfc1506f264f815ea30c6b7fb8b.jpg,roller,D:\whitevision\data\crops\roller\1436_annot1817_roller.jpg,205,27,217,440,640,640,test
1437,1818,D:\whitevision\data\raw\valid\M_M_images9_jpg.rf.f37fda309411538096551f26e0576f29.jpg,mixer_truck,D:\whitevision\data\crops\mixer_truck\1437_annot1818_mixer_truck.jpg,37,121,532,487,640,640,train
1438,1819,D:\whitevision\data\raw\valid\Heavy_Equipment_3124_jpg.rf.f2eecd9824c2010bb8f4e181fa1ef4bf.jpg,bulldozer,D:\whitevision\data\crops\bulldozer\1438_annot1819_bulldozer.jpg,0,0,620,553,640,640,train
1440,1820,D:\whitevision\data\raw\valid\Heavy_Equipment_329_jpg.rf.f3238e2b7bfd60b1e9daaf0aff836674.jpg,excavator,D:\whitevision\data\crops\excavator\1440_annot1820_excavator.jpg,206,79,206,365,640,640,test
1440,1821,D:\whitevision\data\raw\valid\Heavy_Equipment_329_jpg.rf.f3238e2b7bfd60b1e9daaf0aff836674.jpg,dump_truck,D:\whitevision\data\crops\dump_truck\1440_annot1821_dump_truck.jpg,415,336,225,214,640,640,test
1441,1822,D:\whitevision\data\raw\valid\Heavy_Equipment_1844_jpg.rf.f41853bd9d1a3ba66c1bed7bf9711672.jpg,excavator,D:\whitevision\data\crops\excavator\1441_annot1822_excavator.jpg,171,164,391,347,640,640,train
1442,1823,D:\whitevision\data\raw\valid\Heavy_Equipment_3023_jpg.rf.f43ef504e5314e5d67cea2a8a327160b.jpg,bulldozer,D:\whitevision\data\crops\bulldozer\1442_annot1823_bulldozer.jpg,0,0,640,579,640,640,train
1443,1824,D:\whitevision\data\raw\valid\Heavy_Equipment_3645_jpg.rf.f357a3b6800eda58702f7211fca3d2c2.jpg,bulldozer,D:\whitevision\data\crops\bulldozer\1443_annot1824_bulldozer.jpg,3,60,632,558,640,640,test
1445,1825,D:\whitevision\data\raw\valid\Heavy_Equipment_5771_jpg.rf.f4425c4bd1165ae0fb34b1113469094d.jpg,roller,D:\whitevision\data\crops\roller\1445_annot1825_roller.jpg,186,116,254,216,640,640,train
1446,1826,D:\whitevision\data\raw\valid\Heavy_Equipment_2433_jpg.rf.f4f82912a8ae01ba5a06fe9512043419.jpg,excavator,D:\whitevision\data\crops\excavator\1446_annot1826_excavator.jpg,109,0,310,509,640,640,train
1447,1827,D:\whitevision\data\raw\valid\Heavy_Equipment_3512_jpg.rf.f4ef0eb2faf00c8febd221481661eb91.jpg,bulldozer,D:\whitevision\data\crops\bulldozer\1447_annot1827_bulldozer.jpg,0,0,640,612,640,640,train
1448,1828,D:\whitevision\data\raw\valid\Heavy_Equipment_1798_jpg.rf.f3f105e7870303c052b01b677b7daf4e.jpg,excavator,D:\whitevision\data\crops\excavator\1448_annot1828_excavator.jpg,72,71,497,280,640,640,train
1448,1829,D:\whitevision\data\raw\valid\Heavy_Equipment_1798_jpg.rf.f3f105e7870303c052b01b677b7daf4e.jpg,dump_truck,D:\whitevision\data\crops\dump_truck\1448_annot1829_dump_truck.jpg,194,265,401,375,640,640,train
1449,1830,D:\whitevision\data\raw\valid\Heavy_Equipment_4796_jpg.rf.f3a6d0d1fbe5e047fe3fc6a5af103987.jpg,bulldozer,D:\whitevision\data\crops\bulldozer\1449_annot1830_bulldozer.jpg,0,44,542,596,640,640,train
1450,1831,D:\whitevision\data\raw\valid\Heavy_Equipment_4688_jpg.rf.f56d0029ebe9ed5a6be125d222a82a65.jpg,bulldozer,D:\whitevision\data\crops\bulldozer\1450_annot1831_bulldozer.jpg,102,84,474,408,640,640,train
1451,1832,D:\whitevision\data\raw\valid\Heavy_Equipment_3367_jpg.rf.f5d18fff9ec26aa7edbd7f6a25d63f48.jpg,bulldozer,D:\whitevision\data\crops\bulldozer\1451_annot1832_bulldozer.jpg,5,145,635,488,640,640,train
1452,1833,D:\whitevision\data\raw\valid\Heavy_Equipment_2270_jpg.rf.f5e494a67afec1fcd4a010d6f0fb707a.jpg,dump_truck,D:\whitevision\data\crops\dump_truck\1452_annot1833_dump_truck.jpg,98,166,255,156,640,640,train
1452,1834,D:\whitevision\data\raw\valid\Heavy_Equipment_2270_jpg.rf.f5e494a67afec1fcd4a010d6f0fb707a.jpg,loader,D:\whitevision\data\crops\loader\1452_annot1834_loader.jpg,325,155,177,156,640,640,train
1454,1835,D:\whitevision\data\raw\valid\Heavy_Equipment_2934_jpg.rf.f386c96178d83afa1e9cbda0ee4a9740.jpg,mobile_crane,D:\whitevision\data\crops\mobile_crane\1454_annot1835_mobile_crane.jpg,275,189,284,365,640,640,train
1455,1836,D:\whitevision\data\raw\valid\Heavy_Equipment_4304_jpg.rf.f4aa35175dc5014c0b5515d1b86f5a3c.jpg,grader,D:\whitevision\data\crops\grader\1455_annot1836_grader.jpg,16,68,624,501,640,640,train
1456,1837,D:\whitevision\data\raw\valid\Heavy_Equipment_1202_jpg.rf.f417f7c17dbd6b1e94c2c2387ce7e2dc.jpg,excavator,D:\whitevision\data\crops\excavator\1456_annot1837_excavator.jpg,101,45,215,401,640,640,train
1456,1838,D:\whitevision\data\raw\valid\Heavy_Equipment_1202_jpg.rf.f417f7c17dbd6b1e94c2c2387ce7e2dc.jpg,dump_truck,D:\whitevision\data\crops\dump_truck\1456_annot1838_dump_truck.jpg,42,275,80,159,640,640,train
1456,1839,D:\whitevision\data\raw\valid\Heavy_Equipment_1202_jpg.rf.f417f7c17dbd6b1e94c2c2387ce7e2dc.jpg,excavator,D:\whitevision\data\crops\excavator\1456_annot1839_excavator.jpg,404,204,107,181,640,640,train
1456,1840,D:\whitevision\data\raw\valid\Heavy_Equipment_1202_jpg.rf.f417f7c17dbd6b1e94c2c2387ce7e2dc.jpg,dump_truck,D:\whitevision\data\crops\dump_truck\1456_annot1840_dump_truck.jpg,388,323,53,63,640,640,train
1456,1841,D:\whitevision\data\raw\valid\Heavy_Equipment_1202_jpg.rf.f417f7c17dbd6b1e94c2c2387ce7e2dc.jpg,dump_truck,D:\whitevision\data\crops\dump_truck\1456_annot1841_dump_truck.jpg,563,339,39,17,640,640,train
1457,1843,D:\whitevision\data\raw\valid\Heavy_Equipment_5463_jpg.rf.f6d496e496ae1108e36b4e3b431ee784.jpg,roller,D:\whitevision\data\crops\roller\1457_annot1843_roller.jpg,174,112,252,238,640,640,train
1458,1844,D:\whitevision\data\raw\valid\Heavy_Equipment_649_jpg.rf.f53ca50e71466113bffb2cc52754a46a.jpg,dump_truck,D:\whitevision\data\crops\dump_truck\1458_annot1844_dump_truck.jpg,0,172,254,283,640,640,train
1458,1845,D:\whitevision\data\raw\valid\Heavy_Equipment_649_jpg.rf.f53ca50e71466113bffb2cc52754a46a.jpg,loader,D:\whitevision\data\crops\loader\1458_annot1845_loader.jpg,286,181,157,196,640,640,train
1459,1846,D:\whitevision\data\raw\valid\Heavy_Equipment_2134_jpg.rf.f658fd8e8fc4e891857e4fb72b0694e0.jpg,mobile_crane,D:\whitevision\data\crops\mobile_crane\1459_annot1846_mobile_crane.jpg,110,141,460,354,640,640,train
1460,1847,D:\whitevision\data\raw\valid\Heavy_Equipment_357_jpg.rf.f612efe3f98f2b69d3dca20548cfc6e6.jpg,loader,D:\whitevision\data\crops\loader\1460_annot1847_loader.jpg,217,483,46,82,640,640,validation
1460,1848,D:\whitevision\data\raw\valid\Heavy_Equipment_357_jpg.rf.f612efe3f98f2b69d3dca20548cfc6e6.jpg,loader,D:\whitevision\data\crops\loader\1460_annot1848_loader.jpg,153,405,45,39,640,640,validation
1460,1849,D:\whitevision\data\raw\valid\Heavy_Equipment_357_jpg.rf.f612efe3f98f2b69d3dca20548cfc6e6.jpg,excavator,D:\whitevision\data\crops\excavator\1460_annot1849_excavator.jpg,304,245,19,52,640,640,validation
1461,1850,D:\whitevision\data\raw\valid\Heavy_Equipment_4191_jpg.rf.f6cdbcd3c55ec7729bf1688b31663fd8.jpg,bulldozer,D:\whitevision\data\crops\bulldozer\1461_annot1850_bulldozer.jpg,171,149,464,388,640,640,train
1462,1851,D:\whitevision\data\raw\valid\Heavy_Equipment_2747_jpg.rf.f6fc1179525c8a56c58b536012ef625c.jpg,mobile_crane,D:\whitevision\data\crops\mobile_crane\1462_annot1851_mobile_crane.jpg,26,0,589,554,640,640,train
1464,1852,D:\whitevision\data\raw\valid\Heavy_Equipment_1219_jpg.rf.f6d57d214d728681c3749ef9360c17dc.jpg,dump_truck,D:\whitevision\data\crops\dump_truck\1464_annot1852_dump_truck.jpg,33,81,321,534,640,640,train
1464,1853,D:\whitevision\data\raw\valid\Heavy_Equipment_1219_jpg.rf.f6d57d214d728681c3749ef9360c17dc.jpg,loader,D:\whitevision\data\crops\loader\1464_annot1853_loader.jpg,322,162,285,406,640,640,train
1465,1854,D:\whitevision\data\raw\valid\Heavy_Equipment_3961_jpg.rf.f620411faa200863ad73187f6a845862.jpg,grader,D:\whitevision\data\crops\grader\1465_annot1854_grader.jpg,1,22,639,567,640,640,test
1466,1855,D:\whitevision\data\raw\valid\Heavy_Equipment_2120_jpg.rf.f6fd259aa84ba037ca4abf21dccc890c.jpg,loader,D:\whitevision\data\crops\loader\1466_annot1855_loader.jpg,144,155,438,448,640,640,train
1466,1856,D:\whitevision\data\raw\valid\Heavy_Equipment_2120_jpg.rf.f6fd259aa84ba037ca4abf21dccc890c.jpg,dump_truck,D:\whitevision\data\crops\dump_truck\1466_annot1856_dump_truck.jpg,30,298,251,270,640,640,train
1467,1857,D:\whitevision\data\raw\valid\Heavy_Equipment_5900_jpg.rf.f71dac1d38ec3964c9d835ac51129610.jpg,roller,D:\whitevision\data\crops\roller\1467_annot1857_roller.jpg,184,94,296,244,640,640,train
1468,1858,D:\whitevision\data\raw\valid\Heavy_Equipment_3643_jpg.rf.f88ff4cdd8fd1bfd2c1fb38363981dbd.jpg,grader,D:\whitevision\data\crops\grader\1468_annot1858_grader.jpg,0,123,631,394,640,640,validation
1470,1859,D:\whitevision\data\raw\valid\Heavy_Equipment_980_jpg.rf.f6ff22c29df7c8ea639d4402e7421ed8.jpg,mobile_crane,D:\whitevision\data\crops\mobile_crane\1470_annot1859_mobile_crane.jpg,4,0,636,585,640,640,validation
1471,1860,D:\whitevision\data\raw\valid\Heavy_Equipment_1519_jpg.rf.f85e569c4e9a74612b8efc8ebc8145f5.jpg,dump_truck,D:\whitevision\data\crops\dump_truck\1471_annot1860_dump_truck.jpg,7,333,299,215,640,640,train
1471,1861,D:\whitevision\data\raw\valid\Heavy_Equipment_1519_jpg.rf.f85e569c4e9a74612b8efc8ebc8145f5.jpg,excavator,D:\whitevision\data\crops\excavator\1471_annot1861_excavator.jpg,68,0,427,444,640,640,train
1472,1862,D:\whitevision\data\raw\valid\Heavy_Equipment_2577_jpg.rf.f74b7c0dcb4f8c7cdfc4097f6f0f78ec.jpg,dump_truck,D:\whitevision\data\crops\dump_truck\1472_annot1862_dump_truck.jpg,38,30,189,460,640,640,validation
1472,1863,D:\whitevision\data\raw\valid\Heavy_Equipment_2577_jpg.rf.f74b7c0dcb4f8c7cdfc4097f6f0f78ec.jpg,dump_truck,D:\whitevision\data\crops\dump_truck\1472_annot1863_dump_truck.jpg,259,0,69,134,640,640,validation
1472,1864,D:\whitevision\data\raw\valid\Heavy_Equipment_2577_jpg.rf.f74b7c0dcb4f8c7cdfc4097f6f0f78ec.jpg,loader,D:\whitevision\data\crops\loader\1472_annot1864_loader.jpg,243,186,285,454,640,640,validation
1473,1865,D:\whitevision\data\raw\valid\Heavy_Equipment_3291_jpg.rf.f5402bbf48b3e86c7a1badd325b69280.jpg,bulldozer,D:\whitevision\data\crops\bulldozer\1473_annot1865_bulldozer.jpg,0,0,599,636,640,640,train
1474,1866,D:\whitevision\data\raw\valid\Heavy_Equipment_1969_jpg.rf.f89b0d590deed172f75bd78a04c900d7.jpg,excavator,D:\whitevision\data\crops\excavator\1474_annot1866_excavator.jpg,226,32,228,465,640,640,train
1475,1867,D:\whitevision\data\raw\valid\M_S_1098_1656727360832_jpg.rf.f915c3c66832c751eb2e68ee2766ee51.jpg,mixer_truck,D:\whitevision\data\crops\mixer_truck\1475_annot1867_mixer_truck.jpg,0,133,640,480,640,640,test
1476,1868,D:\whitevision\data\raw\valid\Heavy_Equipment_3750_jpg.rf.f8254ac9225ea05a6f887872fa6aba65.jpg,grader,D:\whitevision\data\crops\grader\1476_annot1868_grader.jpg,4,38,636,557,640,640,validation
1477,1869,D:\whitevision\data\raw\valid\Heavy_Equipment_4780_jpg.rf.f7cd434d24be4ed868fc42dddedbe303.jpg,grader,D:\whitevision\data\crops\grader\1477_annot1869_grader.jpg,14,34,626,567,640,640,test
1478,1870,D:\whitevision\data\raw\valid\Heavy_Equipment_1700_jpg.rf.f485717ac303086ed83cc322d9b53680.jpg,excavator,D:\whitevision\data\crops\excavator\1478_annot1870_excavator.jpg,230,0,123,360,640,640,validation
1479,1871,D:\whitevision\data\raw\valid\Heavy_Equipment_3968_jpg.rf.f58217ffbb76908d8efad577b54f9c37.jpg,grader,D:\whitevision\data\crops\grader\1479_annot1871_grader.jpg,0,0,488,640,640,640,train
1480,1872,D:\whitevision\data\raw\valid\Heavy_Equipment_5246_jpg.rf.f7f42991f5bedf5346eeda5f40ce298f.jpg,roller,D:\whitevision\data\crops\roller\1480_annot1872_roller.jpg,155,83,290,311,640,640,train
1481,1873,D:\whitevision\data\raw\valid\M_H_hyundai_mixer_truck_1614064146_b097990f_jpg.rf.f8c54d566b67b611184e0fe8e58054b3.jpg,mixer_truck,D:\whitevision\data\crops\mixer_truck\1481_annot1873_mixer_truck.jpg,23,4,402,636,640,640,train
1481,1874,D:\whitevision\data\raw\valid\M_H_hyundai_mixer_truck_1614064146_b097990f_jpg.rf.f8c54d566b67b611184e0fe8e58054b3.jpg,mixer_truck,D:\whitevision\data\crops\mixer_truck\1481_annot1874_mixer_truck.jpg,202,89,384,467,640,640,train
1482,1875,D:\whitevision\data\raw\valid\Heavy_Equipment_3577_jpg.rf.f932943f8b5d1162a85dc82a1aca92e9.jpg,excavator,D:\whitevision\data\crops\excavator\1482_annot1875_excavator.jpg,86,127,276,299,640,640,validation
1483,1876,D:\whitevision\data\raw\valid\Heavy_Equipment_6006_jpg.rf.f94d83de1750b05e14e73d901cb8f407.jpg,roller,D:\whitevision\data\crops\roller\1483_annot1876_roller.jpg,184,9,283,340,640,640,test
1484,1877,D:\whitevision\data\raw\valid\Heavy_Equipment_4032_jpg.rf.f955e8d63c47013184c866ee9d211540.jpg,grader,D:\whitevision\data\crops\grader\1484_annot1877_grader.jpg,4,0,636,591,640,640,test
1485,1878,D:\whitevision\data\raw\valid\Heavy_Equipment_2105_jpg.rf.f7388c6a2addd9fce61dd4c36527ddac.jpg,loader,D:\whitevision\data\crops\loader\1485_annot1878_loader.jpg,181,92,388,368,640,640,train
1485,1879,D:\whitevision\data\raw\valid\Heavy_Equipment_2105_jpg.rf.f7388c6a2addd9fce61dd4c36527ddac.jpg,dump_truck,D:\whitevision\data\crops\dump_truck\1485_annot1879_dump_truck.jpg,64,188,185,226,640,640,train
1486,1880,D:\whitevision\data\raw\valid\Heavy_Equipment_5737_jpg.rf.f742f563e5656a29a26a95eba8e0800b.jpg,roller,D:\whitevision\data\crops\roller\1486_annot1880_roller.jpg,157,107,283,348,640,640,validation
1487,1881,D:\whitevision\data\raw\valid\Heavy_Equipment_2970_jpg.rf.f9cbbe2e8c229adb885769f017c8470f.jpg,grader,D:\whitevision\data\crops\grader\1487_annot1881_grader.jpg,0,49,627,477,640,640,train
1488,1882,D:\whitevision\data\raw\valid\Heavy_Equipment_2149_jpg.rf.f976cd334a3517ee54918511f34929a7.jpg,dump_truck,D:\whitevision\data\crops\dump_truck\1488_annot1882_dump_truck.jpg,48,233,74,171,640,640,test
1488,1883,D:\whitevision\data\raw\valid\Heavy_Equipment_2149_jpg.rf.f976cd334a3517ee54918511f34929a7.jpg,dump_truck,D:\whitevision\data\crops\dump_truck\1488_annot1883_dump_truck.jpg,252,297,112,127,640,640,test
1488,1884,D:\whitevision\data\raw\valid\Heavy_Equipment_2149_jpg.rf.f976cd334a3517ee54918511f34929a7.jpg,dump_truck,D:\whitevision\data\crops\dump_truck\1488_annot1884_dump_truck.jpg,360,289,57,71,640,640,test
1488,1885,D:\whitevision\data\raw\valid\Heavy_Equipment_2149_jpg.rf.f976cd334a3517ee54918511f34929a7.jpg,excavator,D:\whitevision\data\crops\excavator\1488_annot1885_excavator.jpg,428,229,63,137,640,640,test
1488,1886,D:\whitevision\data\raw\valid\Heavy_Equipment_2149_jpg.rf.f976cd334a3517ee54918511f34929a7.jpg,excavator,D:\whitevision\data\crops\excavator\1488_annot1886_excavator.jpg,147,14,115,409,640,640,test
1489,1887,D:\whitevision\data\raw\valid\Heavy_Equipment_3819_jpg.rf.f9a13c8070b66a9989aafd87a9406e8a.jpg,grader,D:\whitevision\data\crops\grader\1489_annot1887_grader.jpg,0,0,640,640,640,640,train
1490,1888,D:\whitevision\data\raw\valid\Heavy_Equipment_4156_jpg.rf.f98480020867215ddc8a5b540acb321f.jpg,bulldozer,D:\whitevision\data\crops\bulldozer\1490_annot1888_bulldozer.jpg,13,0,627,640,640,640,train
1491,1889,D:\whitevision\data\raw\valid\Heavy_Equipment_5816_jpg.rf.f8880495b942db3b8b07ca474d010e31.jpg,roller,D:\whitevision\data\crops\roller\1491_annot1889_roller.jpg,122,0,518,337,640,640,test
1492,1890,D:\whitevision\data\raw\valid\Heavy_Equipment_5631_jpg.rf.f9ef3be6bf71ae228dd0dbaad7ce8235.jpg,roller,D:\whitevision\data\crops\roller\1492_annot1890_roller.jpg,142,63,309,557,640,640,train
1493,1891,D:\whitevision\data\raw\valid\Heavy_Equipment_3267_jpg.rf.fa63b5058d239cbf86d59dd949779aaf.jpg,bulldozer,D:\whitevision\data\crops\bulldozer\1493_annot1891_bulldozer.jpg,0,20,640,575,640,640,train
1495,1892,D:\whitevision\data\raw\valid\Heavy_Equipment_3594_jpg.rf.fa0fc6c5691f8b8d80ef307292ad72fc.jpg,bulldozer,D:\whitevision\data\crops\bulldozer\1495_annot1892_bulldozer.jpg,310,173,330,168,640,640,train
1495,1893,D:\whitevision\data\raw\valid\Heavy_Equipment_3594_jpg.rf.fa0fc6c5691f8b8d80ef307292ad72fc.jpg,bulldozer,D:\whitevision\data\crops\bulldozer\1495_annot1893_bulldozer.jpg,163,236,95,71,640,640,train
1496,1894,D:\whitevision\data\raw\valid\Heavy_Equipment_5502_jpg.rf.fa2ae17a4d1803e061596cddcb1d62cb.jpg,roller,D:\whitevision\data\crops\roller\1496_annot1894_roller.jpg,183,0,247,397,640,640,test
1497,1895,D:\whitevision\data\raw\valid\Heavy_Equipment_1378_jpg.rf.f9cdd7e5f389061a3c42d0692b63419d.jpg,mobile_crane,D:\whitevision\data\crops\mobile_crane\1497_annot1895_mobile_crane.jpg,185,93,302,486,640,640,test
1498,1896,D:\whitevision\data\raw\valid\Heavy_Equipment_3126_jpg.rf.fb3287a4a8000e4244673fb1e44464b0.jpg,bulldozer,D:\whitevision\data\crops\bulldozer\1498_annot1896_bulldozer.jpg,74,274,343,216,640,640,train
1499,1897,D:\whitevision\data\raw\valid\Heavy_Equipment_1814_jpg.rf.fb2e928e0b7f7c7ed7ba5942df74ee99.jpg,roller,D:\whitevision\data\crops\roller\1499_annot1897_roller.jpg,158,107,346,449,640,640,validation
1499,1898,D:\whitevision\data\raw\valid\Heavy_Equipment_1814_jpg.rf.fb2e928e0b7f7c7ed7ba5942df74ee99.jpg,dump_truck,D:\whitevision\data\crops\dump_truck\1499_annot1898_dump_truck.jpg,347,100,221,364,640,640,validation
1500,1899,D:\whitevision\data\raw\valid\M_S_7790289_jpg.rf.fd4688c38e92eef0177573d4640ed6f3.jpg,mixer_truck,D:\whitevision\data\crops\mixer_truck\1500_annot1899_mixer_truck.jpg,43,150,587,460,640,640,train
1502,1900,D:\whitevision\data\raw\valid\Heavy_Equipment_1694_jpg.rf.fb5708a990752e8350b201d6459018b0.jpg,dump_truck,D:\whitevision\data\crops\dump_truck\1502_annot1900_dump_truck.jpg,97,143,36,61,640,640,test
1502,1901,D:\whitevision\data\raw\valid\Heavy_Equipment_1694_jpg.rf.fb5708a990752e8350b201d6459018b0.jpg,dump_truck,D:\whitevision\data\crops\dump_truck\1502_annot1901_dump_truck.jpg,0,195,61,72,640,640,test
1502,1902,D:\whitevision\data\raw\valid\Heavy_Equipment_1694_jpg.rf.fb5708a990752e8350b201d6459018b0.jpg,dump_truck,D:\whitevision\data\crops\dump_truck\1502_annot1902_dump_truck.jpg,151,194,93,162,640,640,test
1502,1904,D:\whitevision\data\raw\valid\Heavy_Equipment_1694_jpg.rf.fb5708a990752e8350b201d6459018b0.jpg,excavator,D:\whitevision\data\crops\excavator\1502_annot1904_excavator.jpg,209,145,193,490,640,640,test
1503,1905,D:\whitevision\data\raw\valid\Heavy_Equipment_2530_jpg.rf.fb5ef628e2965de242ab26a88caa6646.jpg,excavator,D:\whitevision\data\crops\excavator\1503_annot1905_excavator.jpg,44,149,541,420,640,640,train
1503,1906,D:\whitevision\data\raw\valid\Heavy_Equipment_2530_jpg.rf.fb5ef628e2965de242ab26a88caa6646.jpg,dump_truck,D:\whitevision\data\crops\dump_truck\1503_annot1906_dump_truck.jpg,137,339,101,137,640,640,train
1504,1907,D:\whitevision\data\raw\valid\Heavy_Equipment_890_jpg.rf.fa203d2c77cdb40e841fcd630c94fa1e.jpg,mobile_crane,D:\whitevision\data\crops\mobile_crane\1504_annot1907_mobile_crane.jpg,225,218,415,192,640,640,validation
1504,1908,D:\whitevision\data\raw\valid\Heavy_Equipment_890_jpg.rf.fa203d2c77cdb40e841fcd630c94fa1e.jpg,mobile_crane,D:\whitevision\data\crops\mobile_crane\1504_annot1908_mobile_crane.jpg,14,260,170,138,640,640,validation
1505,1909,D:\whitevision\data\raw\valid\Heavy_Equipment_683_jpg.rf.f93f57527cb4b412d9ce7619218e02cc.jpg,bulldozer,D:\whitevision\data\crops\bulldozer\1505_annot1909_bulldozer.jpg,6,38,634,503,640,640,train
1506,1910,D:\whitevision\data\raw\valid\Heavy_Equipment_5651_jpg.rf.fcc85cfce6fb9dbbfd30d95871c260ec.jpg,roller,D:\whitevision\data\crops\roller\1506_annot1910_roller.jpg,178,102,307,282,640,640,test
1508,1911,D:\whitevision\data\raw\valid\Heavy_Equipment_4055_jpg.rf.fbb6a6b779bcc52418f536cd3ec102b2.jpg,bulldozer,D:\whitevision\data\crops\bulldozer\1508_annot1911_bulldozer.jpg,9,0,631,640,640,640,test
1509,1912,D:\whitevision\data\raw\valid\Heavy_Equipment_4725_jpg.rf.fddfea9ac9c1d77d63a9b474055e1cd9.jpg,grader,D:\whitevision\data\crops\grader\1509_annot1912_grader.jpg,0,195,640,332,640,640,train
1510,1913,D:\whitevision\data\raw\valid\Heavy_Equipment_3820_jpg.rf.fe5d43e9e9f50d1ea27acd61d438ac9a.jpg,grader,D:\whitevision\data\crops\grader\1510_annot1913_grader.jpg,33,0,607,640,640,640,train
1511,1914,D:\whitevision\data\raw\valid\Heavy_Equipment_3468_jpg.rf.fab39341c5d10a2f86ec7e13be7d50de.jpg,grader,D:\whitevision\data\crops\grader\1511_annot1914_grader.jpg,47,222,527,308,640,640,test
1512,1915,D:\whitevision\data\raw\valid\Heavy_Equipment_2817_jpg.rf.fa7ad0bf3599127becec448c13f8d89e.jpg,dump_truck,D:\whitevision\data\crops\dump_truck\1512_annot1915_dump_truck.jpg,392,267,215,226,640,640,train
1512,1916,D:\whitevision\data\raw\valid\Heavy_Equipment_2817_jpg.rf.fa7ad0bf3599127becec448c13f8d89e.jpg,excavator,D:\whitevision\data\crops\excavator\1512_annot1916_excavator.jpg,164,70,195,328,640,640,train
1513,1917,D:\whitevision\data\raw\valid\Heavy_Equipment_5013_jpg.rf.fe15ce433d72120cb9c79b92eb79d330.jpg,bulldozer,D:\whitevision\data\crops\bulldozer\1513_annot1917_bulldozer.jpg,0,53,612,587,640,640,test
1514,1918,D:\whitevision\data\raw\valid\Heavy_Equipment_1770_jpg.rf.f9ee40f8226f75a155912417a980dbe7.jpg,mobile_crane,D:\whitevision\data\crops\mobile_crane\1514_annot1918_mobile_crane.jpg,253,73,215,354,640,640,test
1515,1919,D:\whitevision\data\raw\valid\Heavy_Equipment_240_jpg.rf.fe6cbd5499816f36dad51bce5f95bfbc.jpg,excavator,D:\whitevision\data\crops\excavator\1515_annot1919_excavator.jpg,206,0,310,582,640,640,train
1515,1920,D:\whitevision\data\raw\valid\Heavy_Equipment_240_jpg.rf.fe6cbd5499816f36dad51bce5f95bfbc.jpg,dump_truck,D:\whitevision\data\crops\dump_truck\1515_annot1920_dump_truck.jpg,162,166,159,118,640,640,train
1515,1921,D:\whitevision\data\raw\valid\Heavy_Equipment_240_jpg.rf.fe6cbd5499816f36dad51bce5f95bfbc.jpg,dump_truck,D:\whitevision\data\crops\dump_truck\1515_annot1921_dump_truck.jpg,0,434,297,206,640,640,train
1515,1922,D:\whitevision\data\raw\valid\Heavy_Equipment_240_jpg.rf.fe6cbd5499816f36dad51bce5f95bfbc.jpg,dump_truck,D:\whitevision\data\crops\dump_truck\1515_annot1922_dump_truck.jpg,45,114,61,71,640,640,train
1515,1923,D:\whitevision\data\raw\valid\Heavy_Equipment_240_jpg.rf.fe6cbd5499816f36dad51bce5f95bfbc.jpg,dump_truck,D:\whitevision\data\crops\dump_truck\1515_annot1923_dump_truck.jpg,100,110,38,52,640,640,train
1515,1924,D:\whitevision\data\raw\valid\Heavy_Equipment_240_jpg.rf.fe6cbd5499816f36dad51bce5f95bfbc.jpg,excavator,D:\whitevision\data\crops\excavator\1515_annot1924_excavator.jpg,294,11,239,192,640,640,train
1516,1925,D:\whitevision\data\raw\valid\Heavy_Equipment_3177_jpg.rf.ff7fb9fa1c8bf8dee13be0a3b07bedde.jpg,bulldozer,D:\whitevision\data\crops\bulldozer\1516_annot1925_bulldozer.jpg,115,0,465,623,640,640,test
1517,1926,D:\whitevision\data\raw\valid\Heavy_Equipment_5063_jpg.rf.fbbd827197a8c20a84e75aadfe25020d.jpg,bulldozer,D:\whitevision\data\crops\bulldozer\1517_annot1926_bulldozer.jpg,24,2,616,600,640,640,train
1520,1927,D:\whitevision\data\raw\valid\Heavy_Equipment_1056_jpg.rf.fedcbe16344ecf5eda030a96ba96306f.jpg,excavator,D:\whitevision\data\crops\excavator\1520_annot1927_excavator.jpg,61,0,327,432,640,640,train
1520,1928,D:\whitevision\data\raw\valid\Heavy_Equipment_1056_jpg.rf.fedcbe16344ecf5eda030a96ba96306f.jpg,dump_truck,D:\whitevision\data\crops\dump_truck\1520_annot1928_dump_truck.jpg,313,104,167,181,640,640,train
1520,1929,D:\whitevision\data\raw\valid\Heavy_Equipment_1056_jpg.rf.fedcbe16344ecf5eda030a96ba96306f.jpg,dump_truck,D:\whitevision\data\crops\dump_truck\1520_annot1929_dump_truck.jpg,498,130,142,328,640,640,train
1520,1930,D:\whitevision\data\raw\valid\Heavy_Equipment_1056_jpg.rf.fedcbe16344ecf5eda030a96ba96306f.jpg,dump_truck,D:\whitevision\data\crops\dump_truck\1520_annot1930_dump_truck.jpg,549,68,91,104,640,640,train
1522,1931,D:\whitevision\data\raw\valid\Heavy_Equipment_2932_jpg.rf.ff5007b2b27f8218af35662158906ffa.jpg,loader,D:\whitevision\data\crops\loader\1522_annot1931_loader.jpg,113,108,219,362,640,640,test
1522,1932,D:\whitevision\data\raw\valid\Heavy_Equipment_2932_jpg.rf.ff5007b2b27f8218af35662158906ffa.jpg,dump_truck,D:\whitevision\data\crops\dump_truck\1522_annot1932_dump_truck.jpg,378,80,241,420,640,640,test
1523,1933,D:\whitevision\data\raw\valid\Heavy_Equipment_3543_jpg.rf.ff2aab86a50c71a79dd0b32e735f6ad4.jpg,mobile_crane,D:\whitevision\data\crops\mobile_crane\1523_annot1933_mobile_crane.jpg,184,196,50,168,640,640,train
1523,1934,D:\whitevision\data\raw\valid\Heavy_Equipment_3543_jpg.rf.ff2aab86a50c71a79dd0b32e735f6ad4.jpg,excavator,D:\whitevision\data\crops\excavator\1523_annot1934_excavator.jpg,489,304,119,59,640,640,train
1523,1935,D:\whitevision\data\raw\valid\Heavy_Equipment_3543_jpg.rf.ff2aab86a50c71a79dd0b32e735f6ad4.jpg,excavator,D:\whitevision\data\crops\excavator\1523_annot1935_excavator.jpg,356,295,126,63,640,640,train
294,355,D:\whitevision\data\raw\valid-mini\Heavy_Equipment_5961_jpg.rf.2f2df606fa8259ef31c84d929db4414c.jpg,roller,D:\whitevision\data\crops\roller\294_annot355_roller.jpg,69,0,480,470,640,640,train
612,753,D:\whitevision\data\raw\valid-mini\Heavy_Equipment_6284_jpg.rf.65cec6cc92844cc163750c10b320eced.jpg,grader,D:\whitevision\data\crops\grader\612_annot753_grader.jpg,7,0,633,637,640,640,train
934,1198,D:\whitevision\data\raw\valid-mini\Heavy_Equipment_4395_jpg.rf.9cdf19de07f2fbc78bd53771acbe67f5.jpg,bulldozer,D:\whitevision\data\crops\bulldozer\934_annot1198_bulldozer.jpg,89,109,512,476,640,640,validation
